model,sample_index,image_id,true_label,target_label,clean_pred,adv_pred,clean_correct,stored_attack_success,quantized_attack_success,selected_for_metrics,stored_vs_quantized_success_match,stored_status,clean_path,attack_path
swin,0,0aebe24fc257286e,560,314,560,974,True,True,True,True,True,ok,data/nips2017/images/0aebe24fc257286e.png,outputs/nips2017/nips2017_selected_20260714_195944/swin/ablation_and_no_verifier/sample_0000/images/final_selected.png
swin,1,0af0a5dfee6b84ff,483,807,483,698,True,True,True,True,True,ok,data/nips2017/images/0af0a5dfee6b84ff.png,outputs/nips2017/nips2017_selected_20260714_195944/swin/ablation_and_no_verifier/sample_0001/images/final_selected.png
swin,2,0b1d45bd9ab1064e,560,562,560,461,True,True,True,True,True,ok,data/nips2017/images/0b1d45bd9ab1064e.png,outputs/nips2017/nips2017_selected_20260714_195944/swin/ablation_and_no_verifier/sample_0002/images/final_selected.png
swin,3,000b7d55b6184b08,388,962,388,294,True,True,True,True,True,ok,data/nips2017/images/000b7d55b6184b08.png,outputs/nips2017/nips2017_selected_20260714_195944/swin/ablation_and_no_verifier/sample_0003/images/final_selected.png
swin,4,0bd5123017590e39,565,429,565,974,True,True,True,True,True,ok,data/nips2017/images/0bd5123017590e39.png,outputs/nips2017/nips2017_selected_20260714_195944/swin/ablation_and_no_verifier/sample_0004/images/final_selected.png
swin,5,0be391239ccba0f2,718,995,718,975,True,True,True,True,True,ok,data/nips2017/images/0be391239ccba0f2.png,outputs/nips2017/nips2017_selected_20260714_195944/swin/ablation_and_no_verifier/sample_0005/images/final_selected.png
swin,6,00c3cd597f1ee96f,137,95,137,205,True,True,True,True,True,ok,data/nips2017/images/00c3cd597f1ee96f.png,outputs/nips2017/nips2017_selected_20260714_195944/swin/ablation_and_no_verifier/sample_0006/images/final_selected.png
swin,7,0c7ac4a8c9dfa802,305,778,305,302,True,True,True,True,True,ok,data/nips2017/images/0c7ac4a8c9dfa802.png,outputs/nips2017/nips2017_selected_20260714_195944/swin/ablation_and_no_verifier/sample_0007/images/final_selected.png
swin,8,0ceee9a38409e30c,483,711,483,562,True,True,True,True,True,ok,data/nips2017/images/0ceee9a38409e30c.png,outputs/nips2017/nips2017_selected_20260714_195944/swin/ablation_and_no_verifier/sample_0008/images/final_selected.png
swin,9,0d65cb9d26de4d37,570,335,570,570,True,False,False,False,True,ok,data/nips2017/images/0d65cb9d26de4d37.png,outputs/nips2017/nips2017_selected_20260714_195944/swin/ablation_and_no_verifier/sample_0009/images/final_selected.png
swin,10,0d85e0103989c850,323,721,323,951,True,True,True,True,True,ok,data/nips2017/images/0d85e0103989c850.png,outputs/nips2017/nips2017_selected_20260714_195944/swin/ablation_and_no_verifier/sample_0010/images/final_selected.png
swin,11,0d6463e9a7ef6185,770,785,770,630,True,True,True,True,True,ok,data/nips2017/images/0d6463e9a7ef6185.png,outputs/nips2017/nips2017_selected_20260714_195944/swin/ablation_and_no_verifier/sample_0011/images/final_selected.png
swin,12,0d29832e5da60f5f,972,180,972,825,True,True,True,True,True,ok,data/nips2017/images/0d29832e5da60f5f.png,outputs/nips2017/nips2017_selected_20260714_195944/swin/ablation_and_no_verifier/sample_0012/images/final_selected.png
swin,13,0db0952967f6faa6,815,551,815,733,True,True,True,True,True,ok,data/nips2017/images/0db0952967f6faa6.png,outputs/nips2017/nips2017_selected_20260714_195944/swin/ablation_and_no_verifier/sample_0013/images/final_selected.png
swin,14,0dffbfa7ba43cb90,961,94,961,964,True,True,True,True,True,ok,data/nips2017/images/0dffbfa7ba43cb90.png,outputs/nips2017/nips2017_selected_20260714_195944/swin/ablation_and_no_verifier/sample_0014/images/final_selected.png
swin,15,0e0f1fd2ed183781,113,987,113,974,True,True,True,True,True,ok,data/nips2017/images/0e0f1fd2ed183781.png,outputs/nips2017/nips2017_selected_20260714_195944/swin/ablation_and_no_verifier/sample_0015/images/final_selected.png
swin,16,0e9bdc3ab80b1a71,366,334,366,279,True,True,True,True,True,ok,data/nips2017/images/0e9bdc3ab80b1a71.png,outputs/nips2017/nips2017_selected_20260714_195944/swin/ablation_and_no_verifier/sample_0016/images/final_selected.png
swin,17,0e83f990a04ed67d,821,51,821,821,True,False,False,False,True,ok,data/nips2017/images/0e83f990a04ed67d.png,outputs/nips2017/nips2017_selected_20260714_195944/swin/ablation_and_no_verifier/sample_0017/images/final_selected.png
swin,18,0e0299d6352a3fb8,538,3,538,455,True,True,True,True,True,ok,data/nips2017/images/0e0299d6352a3fb8.png,outputs/nips2017/nips2017_selected_20260714_195944/swin/ablation_and_no_verifier/sample_0018/images/final_selected.png
swin,19,0e71473957df4793,877,347,877,742,True,True,True,True,True,ok,data/nips2017/images/0e71473957df4793.png,outputs/nips2017/nips2017_selected_20260714_195944/swin/ablation_and_no_verifier/sample_0019/images/final_selected.png
swin,20,0ed355357757528d,762,794,762,415,True,True,True,True,True,ok,data/nips2017/images/0ed355357757528d.png,outputs/nips2017/nips2017_selected_20260714_195944/swin/ablation_and_no_verifier/sample_0020/images/final_selected.png
swin,21,0f9d8c86a9f38020,759,117,759,974,True,True,True,True,True,ok,data/nips2017/images/0f9d8c86a9f38020.png,outputs/nips2017/nips2017_selected_20260714_195944/swin/ablation_and_no_verifier/sample_0021/images/final_selected.png
swin,22,0f36316247c03427,752,680,752,752,True,False,False,False,True,ok,data/nips2017/images/0f36316247c03427.png,outputs/nips2017/nips2017_selected_20260714_195944/swin/ablation_and_no_verifier/sample_0022/images/final_selected.png
swin,23,1a94dc47fdd84a95,869,829,869,582,True,True,True,True,True,ok,data/nips2017/images/1a94dc47fdd84a95.png,outputs/nips2017/nips2017_selected_20260714_195944/swin/ablation_and_no_verifier/sample_0023/images/final_selected.png
swin,24,1a680f33500acb4b,931,72,931,470,True,True,True,True,True,ok,data/nips2017/images/1a680f33500acb4b.png,outputs/nips2017/nips2017_selected_20260714_195944/swin/ablation_and_no_verifier/sample_0024/images/final_selected.png
swin,25,1a7425e8f990e04a,607,675,607,634,True,True,True,True,True,ok,data/nips2017/images/1a7425e8f990e04a.png,outputs/nips2017/nips2017_selected_20260714_195944/swin/ablation_and_no_verifier/sample_0025/images/final_selected.png
swin,26,1a264165276e3c85,854,758,854,497,True,True,True,True,True,ok,data/nips2017/images/1a264165276e3c85.png,outputs/nips2017/nips2017_selected_20260714_195944/swin/ablation_and_no_verifier/sample_0026/images/final_selected.png
swin,27,1a95932427129cda,656,464,656,436,True,True,True,True,True,ok,data/nips2017/images/1a95932427129cda.png,outputs/nips2017/nips2017_selected_20260714_195944/swin/ablation_and_no_verifier/sample_0027/images/final_selected.png
swin,28,1ac44ddb6a2d497a,897,26,897,700,True,True,True,True,True,ok,data/nips2017/images/1ac44ddb6a2d497a.png,outputs/nips2017/nips2017_selected_20260714_195944/swin/ablation_and_no_verifier/sample_0028/images/final_selected.png
swin,29,1b1ffd7000d0749f,959,990,959,532,True,True,True,True,True,ok,data/nips2017/images/1b1ffd7000d0749f.png,outputs/nips2017/nips2017_selected_20260714_195944/swin/ablation_and_no_verifier/sample_0029/images/final_selected.png
swin,30,001b5e6f1b89fd3b,576,908,576,576,True,False,False,False,True,ok,data/nips2017/images/001b5e6f1b89fd3b.png,outputs/nips2017/nips2017_selected_20260714_195944/swin/ablation_and_no_verifier/sample_0030/images/final_selected.png
swin,31,1b57d7bbd673c771,422,926,422,778,True,True,True,True,True,ok,data/nips2017/images/1b57d7bbd673c771.png,outputs/nips2017/nips2017_selected_20260714_195944/swin/ablation_and_no_verifier/sample_0031/images/final_selected.png
swin,32,1b546695167d3f6e,959,836,959,908,True,True,True,True,True,ok,data/nips2017/images/1b546695167d3f6e.png,outputs/nips2017/nips2017_selected_20260714_195944/swin/ablation_and_no_verifier/sample_0032/images/final_selected.png
swin,33,1ba816dc6937b62d,859,767,859,974,True,True,True,True,True,ok,data/nips2017/images/1ba816dc6937b62d.png,outputs/nips2017/nips2017_selected_20260714_195944/swin/ablation_and_no_verifier/sample_0033/images/final_selected.png
swin,34,1bb5f1337dfb1edd,640,292,640,646,True,False,True,False,False,ok,data/nips2017/images/1bb5f1337dfb1edd.png,outputs/nips2017/nips2017_selected_20260714_195944/swin/ablation_and_no_verifier/sample_0034/images/final_selected.png
swin,35,01bdc0cfe670f708,471,540,471,730,True,True,True,True,True,ok,data/nips2017/images/01bdc0cfe670f708.png,outputs/nips2017/nips2017_selected_20260714_195944/swin/ablation_and_no_verifier/sample_0035/images/final_selected.png
swin,36,1be47d60e0156bbb,649,911,649,972,True,True,True,True,True,ok,data/nips2017/images/1be47d60e0156bbb.png,outputs/nips2017/nips2017_selected_20260714_195944/swin/ablation_and_no_verifier/sample_0036/images/final_selected.png
swin,37,1c2e9fe8b0b2fdf2,57,904,57,41,True,True,True,True,True,ok,data/nips2017/images/1c2e9fe8b0b2fdf2.png,outputs/nips2017/nips2017_selected_20260714_195944/swin/ablation_and_no_verifier/sample_0037/images/final_selected.png
swin,38,1c924877ccc60129,409,566,409,835,True,True,True,True,True,ok,data/nips2017/images/1c924877ccc60129.png,outputs/nips2017/nips2017_selected_20260714_195944/swin/ablation_and_no_verifier/sample_0038/images/final_selected.png
swin,39,1cbae41091a750dc,472,813,472,974,True,True,True,True,True,ok,data/nips2017/images/1cbae41091a750dc.png,outputs/nips2017/nips2017_selected_20260714_195944/swin/ablation_and_no_verifier/sample_0039/images/final_selected.png
swin,40,1cc2caf8e5db27c3,430,606,430,332,True,True,True,True,True,ok,data/nips2017/images/1cc2caf8e5db27c3.png,outputs/nips2017/nips2017_selected_20260714_195944/swin/ablation_and_no_verifier/sample_0040/images/final_selected.png
swin,41,1cfa5381359bff9f,421,851,421,888,True,True,True,True,True,ok,data/nips2017/images/1cfa5381359bff9f.png,outputs/nips2017/nips2017_selected_20260714_195944/swin/ablation_and_no_verifier/sample_0041/images/final_selected.png
swin,42,1d4133f5bc7af193,140,910,140,139,True,True,True,True,True,ok,data/nips2017/images/1d4133f5bc7af193.png,outputs/nips2017/nips2017_selected_20260714_195944/swin/ablation_and_no_verifier/sample_0042/images/final_selected.png
swin,43,1d5361e858fe8462,498,522,498,854,True,True,True,True,True,ok,data/nips2017/images/1d5361e858fe8462.png,outputs/nips2017/nips2017_selected_20260714_195944/swin/ablation_and_no_verifier/sample_0043/images/final_selected.png
swin,44,1dc0533f87996962,565,852,565,675,True,True,True,True,True,ok,data/nips2017/images/1dc0533f87996962.png,outputs/nips2017/nips2017_selected_20260714_195944/swin/ablation_and_no_verifier/sample_0044/images/final_selected.png
swin,45,01dd15caa1b2c7b4,303,550,303,311,True,True,True,True,True,ok,data/nips2017/images/01dd15caa1b2c7b4.png,outputs/nips2017/nips2017_selected_20260714_195944/swin/ablation_and_no_verifier/sample_0045/images/final_selected.png
swin,46,1df5e1adad21d618,404,555,404,872,True,True,True,True,True,ok,data/nips2017/images/1df5e1adad21d618.png,outputs/nips2017/nips2017_selected_20260714_195944/swin/ablation_and_no_verifier/sample_0046/images/final_selected.png
swin,47,1dfbeffd999f280e,581,568,581,751,True,True,True,True,True,ok,data/nips2017/images/1dfbeffd999f280e.png,outputs/nips2017/nips2017_selected_20260714_195944/swin/ablation_and_no_verifier/sample_0047/images/final_selected.png
swin,48,1e4bb9fd37654da6,819,537,819,413,True,True,True,True,True,ok,data/nips2017/images/1e4bb9fd37654da6.png,outputs/nips2017/nips2017_selected_20260714_195944/swin/ablation_and_no_verifier/sample_0048/images/final_selected.png
swin,49,1e33aa336b89dcff,538,587,884,884,False,True,False,False,True,ok,data/nips2017/images/1e33aa336b89dcff.png,outputs/nips2017/nips2017_selected_20260714_195944/swin/ablation_and_no_verifier/sample_0049/images/final_selected.png
swin,50,1e408a8d1e2cdc74,768,778,768,646,True,True,True,True,True,ok,data/nips2017/images/1e408a8d1e2cdc74.png,outputs/nips2017/nips2017_selected_20260714_195944/swin/ablation_and_no_verifier/sample_0050/images/final_selected.png
swin,51,1e26772fc8c493bb,415,13,415,952,True,True,True,True,True,ok,data/nips2017/images/1e26772fc8c493bb.png,outputs/nips2017/nips2017_selected_20260714_195944/swin/ablation_and_no_verifier/sample_0051/images/final_selected.png
swin,52,1e77361718213a43,439,434,439,875,True,True,True,True,True,ok,data/nips2017/images/1e77361718213a43.png,outputs/nips2017/nips2017_selected_20260714_195944/swin/ablation_and_no_verifier/sample_0052/images/final_selected.png
swin,53,1ebff1b3c8de66de,336,809,336,81,True,True,True,True,True,ok,data/nips2017/images/1ebff1b3c8de66de.png,outputs/nips2017/nips2017_selected_20260714_195944/swin/ablation_and_no_verifier/sample_0053/images/final_selected.png
swin,54,1ef172b89f4a39cf,50,535,50,30,True,True,True,True,True,ok,data/nips2017/images/1ef172b89f4a39cf.png,outputs/nips2017/nips2017_selected_20260714_195944/swin/ablation_and_no_verifier/sample_0054/images/final_selected.png
swin,55,1f3f949ccbc81c93,303,665,303,307,True,True,True,True,True,ok,data/nips2017/images/1f3f949ccbc81c93.png,outputs/nips2017/nips2017_selected_20260714_195944/swin/ablation_and_no_verifier/sample_0055/images/final_selected.png
swin,56,1f7c25207bc3e303,475,978,475,703,True,True,True,True,True,ok,data/nips2017/images/1f7c25207bc3e303.png,outputs/nips2017/nips2017_selected_20260714_195944/swin/ablation_and_no_verifier/sample_0056/images/final_selected.png
swin,57,1f4227ce24232867,33,941,33,109,True,True,True,True,True,ok,data/nips2017/images/1f4227ce24232867.png,outputs/nips2017/nips2017_selected_20260714_195944/swin/ablation_and_no_verifier/sample_0057/images/final_selected.png
swin,58,1f71668ab3dbe81b,708,966,708,501,True,True,True,True,True,ok,data/nips2017/images/1f71668ab3dbe81b.png,outputs/nips2017/nips2017_selected_20260714_195944/swin/ablation_and_no_verifier/sample_0058/images/final_selected.png
swin,59,01f824264783f58d,967,677,967,925,True,True,True,True,True,ok,data/nips2017/images/01f824264783f58d.png,outputs/nips2017/nips2017_selected_20260714_195944/swin/ablation_and_no_verifier/sample_0059/images/final_selected.png
swin,60,01fa4be27dd11b5d,450,828,450,802,True,True,True,True,True,ok,data/nips2017/images/01fa4be27dd11b5d.png,outputs/nips2017/nips2017_selected_20260714_195944/swin/ablation_and_no_verifier/sample_0060/images/final_selected.png
swin,61,2a1a60df9a58bb7c,649,18,701,972,False,True,False,False,True,ok,data/nips2017/images/2a1a60df9a58bb7c.png,outputs/nips2017/nips2017_selected_20260714_195944/swin/ablation_and_no_verifier/sample_0061/images/final_selected.png
swin,62,2abcab3d77d4767e,442,519,442,437,True,True,True,True,True,ok,data/nips2017/images/2abcab3d77d4767e.png,outputs/nips2017/nips2017_selected_20260714_195944/swin/ablation_and_no_verifier/sample_0062/images/final_selected.png
swin,63,2b7e6f0d6f73fa1f,637,234,894,974,False,True,False,False,True,ok,data/nips2017/images/2b7e6f0d6f73fa1f.png,outputs/nips2017/nips2017_selected_20260714_195944/swin/ablation_and_no_verifier/sample_0063/images/final_selected.png
swin,64,2b741c5c635a7295,107,633,107,566,True,True,True,True,True,ok,data/nips2017/images/2b741c5c635a7295.png,outputs/nips2017/nips2017_selected_20260714_195944/swin/ablation_and_no_verifier/sample_0064/images/final_selected.png
swin,65,2ba52bcf59097dc8,970,849,970,972,True,True,True,True,True,ok,data/nips2017/images/2ba52bcf59097dc8.png,outputs/nips2017/nips2017_selected_20260714_195944/swin/ablation_and_no_verifier/sample_0065/images/final_selected.png
swin,66,2bc6c55a0ab24f86,785,696,785,423,True,True,True,True,True,ok,data/nips2017/images/2bc6c55a0ab24f86.png,outputs/nips2017/nips2017_selected_20260714_195944/swin/ablation_and_no_verifier/sample_0066/images/final_selected.png
swin,67,2c54b60a2851b8ed,656,576,656,974,True,True,True,True,True,ok,data/nips2017/images/2c54b60a2851b8ed.png,outputs/nips2017/nips2017_selected_20260714_195944/swin/ablation_and_no_verifier/sample_0067/images/final_selected.png
swin,68,2c065d2dc6b2cf44,933,462,933,441,True,True,True,True,True,ok,data/nips2017/images/2c065d2dc6b2cf44.png,outputs/nips2017/nips2017_selected_20260714_195944/swin/ablation_and_no_verifier/sample_0068/images/final_selected.png
swin,69,2c9398f44d099e0f,521,481,521,124,True,True,True,True,True,ok,data/nips2017/images/2c9398f44d099e0f.png,outputs/nips2017/nips2017_selected_20260714_195944/swin/ablation_and_no_verifier/sample_0069/images/final_selected.png
swin,70,2d23b1dab7e3e9c0,510,970,510,974,True,True,True,True,True,ok,data/nips2017/images/2d23b1dab7e3e9c0.png,outputs/nips2017/nips2017_selected_20260714_195944/swin/ablation_and_no_verifier/sample_0070/images/final_selected.png
swin,71,2d95297e468bdf9b,865,525,865,865,True,False,False,False,True,ok,data/nips2017/images/2d95297e468bdf9b.png,outputs/nips2017/nips2017_selected_20260714_195944/swin/ablation_and_no_verifier/sample_0071/images/final_selected.png
swin,72,02dbe78a73db2808,974,254,974,980,True,True,True,True,True,ok,data/nips2017/images/02dbe78a73db2808.png,outputs/nips2017/nips2017_selected_20260714_195944/swin/ablation_and_no_verifier/sample_0072/images/final_selected.png
swin,73,2e9b377877f64b3d,498,705,498,974,True,True,True,True,True,ok,data/nips2017/images/2e9b377877f64b3d.png,outputs/nips2017/nips2017_selected_20260714_195944/swin/ablation_and_no_verifier/sample_0073/images/final_selected.png
swin,74,2e854fca826e54b3,857,595,857,974,True,True,True,True,True,ok,data/nips2017/images/2e854fca826e54b3.png,outputs/nips2017/nips2017_selected_20260714_195944/swin/ablation_and_no_verifier/sample_0074/images/final_selected.png
swin,75,2e541180b2323a5d,23,904,428,428,False,True,False,False,True,ok,data/nips2017/images/2e541180b2323a5d.png,outputs/nips2017/nips2017_selected_20260714_195944/swin/ablation_and_no_verifier/sample_0075/images/final_selected.png
swin,76,02eb799d147d5f91,624,772,624,938,True,True,True,True,True,ok,data/nips2017/images/02eb799d147d5f91.png,outputs/nips2017/nips2017_selected_20260714_195944/swin/ablation_and_no_verifier/sample_0076/images/final_selected.png
swin,77,2ed718f6db9785f8,518,842,518,450,True,True,True,True,True,ok,data/nips2017/images/2ed718f6db9785f8.png,outputs/nips2017/nips2017_selected_20260714_195944/swin/ablation_and_no_verifier/sample_0077/images/final_selected.png
swin,78,2ee4c1b2b9bcc6c8,762,784,762,664,True,True,True,True,True,ok,data/nips2017/images/2ee4c1b2b9bcc6c8.png,outputs/nips2017/nips2017_selected_20260714_195944/swin/ablation_and_no_verifier/sample_0078/images/final_selected.png
swin,79,2efe4916e679e875,865,925,865,524,True,True,True,True,True,ok,data/nips2017/images/2efe4916e679e875.png,outputs/nips2017/nips2017_selected_20260714_195944/swin/ablation_and_no_verifier/sample_0079/images/final_selected.png
swin,80,2f7d5ff922af55c4,480,632,480,884,True,True,True,True,True,ok,data/nips2017/images/2f7d5ff922af55c4.png,outputs/nips2017/nips2017_selected_20260714_195944/swin/ablation_and_no_verifier/sample_0080/images/final_selected.png
swin,81,2fc17ec1fad5d947,873,928,873,974,True,True,True,True,True,ok,data/nips2017/images/2fc17ec1fad5d947.png,outputs/nips2017/nips2017_selected_20260714_195944/swin/ablation_and_no_verifier/sample_0081/images/final_selected.png
swin,82,3a7d9bd310202e93,789,659,789,519,True,True,True,True,True,ok,data/nips2017/images/3a7d9bd310202e93.png,outputs/nips2017/nips2017_selected_20260714_195944/swin/ablation_and_no_verifier/sample_0082/images/final_selected.png
swin,83,3b32eca218ed3dbe,741,837,868,794,False,True,False,False,True,ok,data/nips2017/images/3b32eca218ed3dbe.png,outputs/nips2017/nips2017_selected_20260714_195944/swin/ablation_and_no_verifier/sample_0083/images/final_selected.png
swin,84,3b67bec3793efcb4,821,745,821,818,True,True,True,True,True,ok,data/nips2017/images/3b67bec3793efcb4.png,outputs/nips2017/nips2017_selected_20260714_195944/swin/ablation_and_no_verifier/sample_0084/images/final_selected.png
swin,85,3bd1ba0432603b28,920,88,920,920,True,False,False,False,True,ok,data/nips2017/images/3bd1ba0432603b28.png,outputs/nips2017/nips2017_selected_20260714_195944/swin/ablation_and_no_verifier/sample_0085/images/final_selected.png
swin,86,3bfe9ff7b488485d,705,709,705,974,True,True,True,True,True,ok,data/nips2017/images/3bfe9ff7b488485d.png,outputs/nips2017/nips2017_selected_20260714_195944/swin/ablation_and_no_verifier/sample_0086/images/final_selected.png
swin,87,3c970c84b598f2d9,779,596,779,867,True,True,True,True,True,ok,data/nips2017/images/3c970c84b598f2d9.png,outputs/nips2017/nips2017_selected_20260714_195944/swin/ablation_and_no_verifier/sample_0087/images/final_selected.png
swin,88,3cf4bb0637d0f182,861,51,861,974,True,True,True,True,True,ok,data/nips2017/images/3cf4bb0637d0f182.png,outputs/nips2017/nips2017_selected_20260714_195944/swin/ablation_and_no_verifier/sample_0088/images/final_selected.png
swin,89,3d6e530955c60759,511,891,511,479,True,True,True,True,True,ok,data/nips2017/images/3d6e530955c60759.png,outputs/nips2017/nips2017_selected_20260714_195944/swin/ablation_and_no_verifier/sample_0089/images/final_selected.png
swin,90,3d75d9676ad6361c,150,516,150,48,True,True,True,True,True,ok,data/nips2017/images/3d75d9676ad6361c.png,outputs/nips2017/nips2017_selected_20260714_195944/swin/ablation_and_no_verifier/sample_0090/images/final_selected.png
swin,91,3dc0e8f854bdc9b3,603,920,603,603,True,False,False,False,True,ok,data/nips2017/images/3dc0e8f854bdc9b3.png,outputs/nips2017/nips2017_selected_20260714_195944/swin/ablation_and_no_verifier/sample_0091/images/final_selected.png
swin,92,3df888fc3b1df464,954,382,954,499,True,True,True,True,True,ok,data/nips2017/images/3df888fc3b1df464.png,outputs/nips2017/nips2017_selected_20260714_195944/swin/ablation_and_no_verifier/sample_0092/images/final_selected.png
swin,93,3dfbdd066af9ca1e,820,4,820,847,True,True,True,True,True,ok,data/nips2017/images/3dfbdd066af9ca1e.png,outputs/nips2017/nips2017_selected_20260714_195944/swin/ablation_and_no_verifier/sample_0093/images/final_selected.png
swin,94,3e1e47f5af2a3f16,293,356,293,293,True,False,False,False,True,ok,data/nips2017/images/3e1e47f5af2a3f16.png,outputs/nips2017/nips2017_selected_20260714_195944/swin/ablation_and_no_verifier/sample_0094/images/final_selected.png
swin,95,3e7b01ba495f15f9,707,409,707,480,True,True,True,True,True,ok,data/nips2017/images/3e7b01ba495f15f9.png,outputs/nips2017/nips2017_selected_20260714_195944/swin/ablation_and_no_verifier/sample_0095/images/final_selected.png
swin,96,3e8bf1eee7083f6e,630,682,630,884,True,True,True,True,True,ok,data/nips2017/images/3e8bf1eee7083f6e.png,outputs/nips2017/nips2017_selected_20260714_195944/swin/ablation_and_no_verifier/sample_0096/images/final_selected.png
swin,97,3e9496f7652e1968,468,833,468,436,True,True,True,True,True,ok,data/nips2017/images/3e9496f7652e1968.png,outputs/nips2017/nips2017_selected_20260714_195944/swin/ablation_and_no_verifier/sample_0097/images/final_selected.png
swin,98,3ece3c1f94e4141a,331,14,331,287,True,True,True,True,True,ok,data/nips2017/images/3ece3c1f94e4141a.png,outputs/nips2017/nips2017_selected_20260714_195944/swin/ablation_and_no_verifier/sample_0098/images/final_selected.png
swin,99,3eded0a8d5f16059,99,456,99,975,True,True,True,True,True,ok,data/nips2017/images/3eded0a8d5f16059.png,outputs/nips2017/nips2017_selected_20260714_195944/swin/ablation_and_no_verifier/sample_0099/images/final_selected.png
swin,100,3efa3df701898afd,736,999,722,532,False,True,False,False,True,ok,data/nips2017/images/3efa3df701898afd.png,outputs/nips2017/nips2017_selected_20260714_195944/swin/ablation_and_no_verifier/sample_0100/images/final_selected.png
swin,101,3f8bf287f20333eb,972,712,972,972,True,False,False,False,True,ok,data/nips2017/images/3f8bf287f20333eb.png,outputs/nips2017/nips2017_selected_20260714_195944/swin/ablation_and_no_verifier/sample_0101/images/final_selected.png
swin,102,3f40eba168e5d385,514,935,514,339,True,True,True,True,True,ok,data/nips2017/images/3f40eba168e5d385.png,outputs/nips2017/nips2017_selected_20260714_195944/swin/ablation_and_no_verifier/sample_0102/images/final_selected.png
swin,103,3f48b1e74589d310,652,507,652,524,True,True,True,True,True,ok,data/nips2017/images/3f48b1e74589d310.png,outputs/nips2017/nips2017_selected_20260714_195944/swin/ablation_and_no_verifier/sample_0103/images/final_selected.png
swin,104,03f90f7138f761e8,663,489,663,497,True,True,True,True,True,ok,data/nips2017/images/03f90f7138f761e8.png,outputs/nips2017/nips2017_selected_20260714_195944/swin/ablation_and_no_verifier/sample_0104/images/final_selected.png
swin,105,4a0bac33f8e81e60,406,856,406,884,True,True,True,True,True,ok,data/nips2017/images/4a0bac33f8e81e60.png,outputs/nips2017/nips2017_selected_20260714_195944/swin/ablation_and_no_verifier/sample_0105/images/final_selected.png
swin,106,4a1a40a116088962,597,623,597,777,True,True,True,True,True,ok,data/nips2017/images/4a1a40a116088962.png,outputs/nips2017/nips2017_selected_20260714_195944/swin/ablation_and_no_verifier/sample_0106/images/final_selected.png
swin,107,4a1a488e8a975f7c,919,832,919,517,True,True,True,True,True,ok,data/nips2017/images/4a1a488e8a975f7c.png,outputs/nips2017/nips2017_selected_20260714_195944/swin/ablation_and_no_verifier/sample_0107/images/final_selected.png
swin,108,4a251fb6d80b5137,799,81,799,556,True,True,True,True,True,ok,data/nips2017/images/4a251fb6d80b5137.png,outputs/nips2017/nips2017_selected_20260714_195944/swin/ablation_and_no_verifier/sample_0108/images/final_selected.png
swin,109,4abadb721e74b99b,944,780,936,580,False,True,False,False,True,ok,data/nips2017/images/4abadb721e74b99b.png,outputs/nips2017/nips2017_selected_20260714_195944/swin/ablation_and_no_verifier/sample_0109/images/final_selected.png
swin,110,4aeb33c9e565a201,97,839,97,20,True,True,True,True,True,ok,data/nips2017/images/4aeb33c9e565a201.png,outputs/nips2017/nips2017_selected_20260714_195944/swin/ablation_and_no_verifier/sample_0110/images/final_selected.png
swin,111,4b0c9bf2584b35d3,959,78,959,923,True,True,True,True,True,ok,data/nips2017/images/4b0c9bf2584b35d3.png,outputs/nips2017/nips2017_selected_20260714_195944/swin/ablation_and_no_verifier/sample_0111/images/final_selected.png
swin,112,4b52fd42977215b9,900,626,900,900,True,False,False,False,True,ok,data/nips2017/images/4b52fd42977215b9.png,outputs/nips2017/nips2017_selected_20260714_195944/swin/ablation_and_no_verifier/sample_0112/images/final_selected.png
swin,113,4b384c8247b56c0a,541,924,541,974,True,True,True,True,True,ok,data/nips2017/images/4b384c8247b56c0a.png,outputs/nips2017/nips2017_selected_20260714_195944/swin/ablation_and_no_verifier/sample_0113/images/final_selected.png
swin,114,4b8517e927f32962,865,270,865,582,True,True,True,True,True,ok,data/nips2017/images/4b8517e927f32962.png,outputs/nips2017/nips2017_selected_20260714_195944/swin/ablation_and_no_verifier/sample_0114/images/final_selected.png
swin,115,4bb12984b41d0834,33,7,33,34,True,True,True,True,True,ok,data/nips2017/images/4bb12984b41d0834.png,outputs/nips2017/nips2017_selected_20260714_195944/swin/ablation_and_no_verifier/sample_0115/images/final_selected.png
swin,116,4bdb561770b52424,146,183,146,974,True,True,True,True,True,ok,data/nips2017/images/4bdb561770b52424.png,outputs/nips2017/nips2017_selected_20260714_195944/swin/ablation_and_no_verifier/sample_0116/images/final_selected.png
swin,117,04c1bde5affb7b5b,652,679,652,557,True,True,True,True,True,ok,data/nips2017/images/04c1bde5affb7b5b.png,outputs/nips2017/nips2017_selected_20260714_195944/swin/ablation_and_no_verifier/sample_0117/images/final_selected.png
swin,118,4c8a4414419ab0bb,661,847,661,847,True,True,True,True,True,ok,data/nips2017/images/4c8a4414419ab0bb.png,outputs/nips2017/nips2017_selected_20260714_195944/swin/ablation_and_no_verifier/sample_0118/images/final_selected.png
swin,119,4ca02fd28a5e9703,995,238,995,996,True,True,True,True,True,ok,data/nips2017/images/4ca02fd28a5e9703.png,outputs/nips2017/nips2017_selected_20260714_195944/swin/ablation_and_no_verifier/sample_0119/images/final_selected.png
swin,120,04cb9de291399d15,464,450,464,974,True,True,True,True,True,ok,data/nips2017/images/04cb9de291399d15.png,outputs/nips2017/nips2017_selected_20260714_195944/swin/ablation_and_no_verifier/sample_0120/images/final_selected.png
swin,121,4cccb215bd60b3c3,32,340,32,974,True,True,True,True,True,ok,data/nips2017/images/4cccb215bd60b3c3.png,outputs/nips2017/nips2017_selected_20260714_195944/swin/ablation_and_no_verifier/sample_0121/images/final_selected.png
swin,122,4cd90a6459ce9571,718,621,718,976,True,True,True,True,True,ok,data/nips2017/images/4cd90a6459ce9571.png,outputs/nips2017/nips2017_selected_20260714_195944/swin/ablation_and_no_verifier/sample_0122/images/final_selected.png
swin,123,4d0c0f35a0c00bdc,679,431,679,108,True,True,True,True,True,ok,data/nips2017/images/4d0c0f35a0c00bdc.png,outputs/nips2017/nips2017_selected_20260714_195944/swin/ablation_and_no_verifier/sample_0123/images/final_selected.png
swin,124,4d1237ccbd9a5b4b,814,422,814,868,True,True,True,True,True,ok,data/nips2017/images/4d1237ccbd9a5b4b.png,outputs/nips2017/nips2017_selected_20260714_195944/swin/ablation_and_no_verifier/sample_0124/images/final_selected.png
swin,125,4d008626b4b68665,107,779,107,108,True,True,True,True,True,ok,data/nips2017/images/4d008626b4b68665.png,outputs/nips2017/nips2017_selected_20260714_195944/swin/ablation_and_no_verifier/sample_0125/images/final_selected.png
swin,126,4dc360d125c9238c,526,839,526,729,True,True,True,True,True,ok,data/nips2017/images/4dc360d125c9238c.png,outputs/nips2017/nips2017_selected_20260714_195944/swin/ablation_and_no_verifier/sample_0126/images/final_selected.png
swin,127,4de063bd5b838f11,1,288,1,971,True,True,True,True,True,ok,data/nips2017/images/4de063bd5b838f11.png,outputs/nips2017/nips2017_selected_20260714_195944/swin/ablation_and_no_verifier/sample_0127/images/final_selected.png
swin,128,4e1bdcb677f21fb4,873,778,873,698,True,True,True,True,True,ok,data/nips2017/images/4e1bdcb677f21fb4.png,outputs/nips2017/nips2017_selected_20260714_195944/swin/ablation_and_no_verifier/sample_0128/images/final_selected.png
swin,129,4e34df87968bd882,338,378,338,947,True,True,True,True,True,ok,data/nips2017/images/4e34df87968bd882.png,outputs/nips2017/nips2017_selected_20260714_195944/swin/ablation_and_no_verifier/sample_0129/images/final_selected.png
swin,130,4edeacef9fb8ec90,718,996,718,525,True,True,True,True,True,ok,data/nips2017/images/4edeacef9fb8ec90.png,outputs/nips2017/nips2017_selected_20260714_195944/swin/ablation_and_no_verifier/sample_0130/images/final_selected.png
swin,131,4f04ca75d7aafc0a,839,632,839,972,True,True,True,True,True,ok,data/nips2017/images/4f04ca75d7aafc0a.png,outputs/nips2017/nips2017_selected_20260714_195944/swin/ablation_and_no_verifier/sample_0131/images/final_selected.png
swin,132,4f9f0b75f5b04524,57,896,57,41,True,True,True,True,True,ok,data/nips2017/images/4f9f0b75f5b04524.png,outputs/nips2017/nips2017_selected_20260714_195944/swin/ablation_and_no_verifier/sample_0132/images/final_selected.png
swin,133,4f553b721705d008,396,2,396,396,True,False,False,False,True,ok,data/nips2017/images/4f553b721705d008.png,outputs/nips2017/nips2017_selected_20260714_195944/swin/ablation_and_no_verifier/sample_0133/images/final_selected.png
swin,134,4f722cab5573a5fb,884,391,884,884,True,False,False,False,True,ok,data/nips2017/images/4f722cab5573a5fb.png,outputs/nips2017/nips2017_selected_20260714_195944/swin/ablation_and_no_verifier/sample_0134/images/final_selected.png
swin,135,4f5464b7d4682441,975,606,975,970,True,True,True,True,True,ok,data/nips2017/images/4f5464b7d4682441.png,outputs/nips2017/nips2017_selected_20260714_195944/swin/ablation_and_no_verifier/sample_0135/images/final_selected.png
swin,136,4fc263d35a3ad3ee,243,122,243,255,True,True,True,True,True,ok,data/nips2017/images/4fc263d35a3ad3ee.png,outputs/nips2017/nips2017_selected_20260714_195944/swin/ablation_and_no_verifier/sample_0136/images/final_selected.png
swin,137,4fcc9c949d66a4e0,770,103,770,974,True,True,True,True,True,ok,data/nips2017/images/4fcc9c949d66a4e0.png,outputs/nips2017/nips2017_selected_20260714_195944/swin/ablation_and_no_verifier/sample_0137/images/final_selected.png
swin,138,4fff343244f212cc,820,402,820,856,True,True,True,True,True,ok,data/nips2017/images/4fff343244f212cc.png,outputs/nips2017/nips2017_selected_20260714_195944/swin/ablation_and_no_verifier/sample_0138/images/final_selected.png
swin,139,5a0e21d54b9c4954,327,145,327,974,True,True,True,True,True,ok,data/nips2017/images/5a0e21d54b9c4954.png,outputs/nips2017/nips2017_selected_20260714_195944/swin/ablation_and_no_verifier/sample_0139/images/final_selected.png
swin,140,5a8d5bc9bf40e832,518,633,518,802,True,True,True,True,True,ok,data/nips2017/images/5a8d5bc9bf40e832.png,outputs/nips2017/nips2017_selected_20260714_195944/swin/ablation_and_no_verifier/sample_0140/images/final_selected.png
swin,141,5a6439b10c1f6761,319,870,319,82,True,True,True,True,True,ok,data/nips2017/images/5a6439b10c1f6761.png,outputs/nips2017/nips2017_selected_20260714_195944/swin/ablation_and_no_verifier/sample_0141/images/final_selected.png
swin,142,5ab3f1edd2f0cb06,386,115,386,385,True,True,True,True,True,ok,data/nips2017/images/5ab3f1edd2f0cb06.png,outputs/nips2017/nips2017_selected_20260714_195944/swin/ablation_and_no_verifier/sample_0142/images/final_selected.png
swin,143,5adb3d985cf217a9,404,874,404,895,True,True,True,True,True,ok,data/nips2017/images/5adb3d985cf217a9.png,outputs/nips2017/nips2017_selected_20260714_195944/swin/ablation_and_no_verifier/sample_0143/images/final_selected.png
swin,144,5b3a8c63e41802e7,749,757,749,974,True,True,True,True,True,ok,data/nips2017/images/5b3a8c63e41802e7.png,outputs/nips2017/nips2017_selected_20260714_195944/swin/ablation_and_no_verifier/sample_0144/images/final_selected.png
swin,145,5b85f98e0105d135,569,932,569,412,True,True,True,True,True,ok,data/nips2017/images/5b85f98e0105d135.png,outputs/nips2017/nips2017_selected_20260714_195944/swin/ablation_and_no_verifier/sample_0145/images/final_selected.png
swin,146,5b60477a29c7ef81,415,699,415,974,True,True,True,True,True,ok,data/nips2017/images/5b60477a29c7ef81.png,outputs/nips2017/nips2017_selected_20260714_195944/swin/ablation_and_no_verifier/sample_0146/images/final_selected.png
swin,147,5b974695c09ad165,990,392,582,947,False,True,False,False,True,ok,data/nips2017/images/5b974695c09ad165.png,outputs/nips2017/nips2017_selected_20260714_195944/swin/ablation_and_no_verifier/sample_0147/images/final_selected.png
swin,148,5bdb8268eadf57d8,851,967,851,475,True,True,True,True,True,ok,data/nips2017/images/5bdb8268eadf57d8.png,outputs/nips2017/nips2017_selected_20260714_195944/swin/ablation_and_no_verifier/sample_0148/images/final_selected.png
swin,149,5bf502c4a4b7d04d,9,349,9,974,True,True,True,True,True,ok,data/nips2017/images/5bf502c4a4b7d04d.png,outputs/nips2017/nips2017_selected_20260714_195944/swin/ablation_and_no_verifier/sample_0149/images/final_selected.png
swin,150,5c2d823a4d30e3d5,717,893,717,864,True,True,True,True,True,ok,data/nips2017/images/5c2d823a4d30e3d5.png,outputs/nips2017/nips2017_selected_20260714_195944/swin/ablation_and_no_verifier/sample_0150/images/final_selected.png
swin,151,5c4eec952ca114a1,347,524,347,350,True,True,True,True,True,ok,data/nips2017/images/5c4eec952ca114a1.png,outputs/nips2017/nips2017_selected_20260714_195944/swin/ablation_and_no_verifier/sample_0151/images/final_selected.png
swin,152,5c8bcfa0dbb246ab,817,580,817,479,True,True,True,True,True,ok,data/nips2017/images/5c8bcfa0dbb246ab.png,outputs/nips2017/nips2017_selected_20260714_195944/swin/ablation_and_no_verifier/sample_0152/images/final_selected.png
swin,153,5c847b72d1e1713f,555,521,555,757,True,True,True,True,True,ok,data/nips2017/images/5c847b72d1e1713f.png,outputs/nips2017/nips2017_selected_20260714_195944/swin/ablation_and_no_verifier/sample_0153/images/final_selected.png
swin,154,05cac1419419ce29,853,549,853,417,True,True,True,True,True,ok,data/nips2017/images/05cac1419419ce29.png,outputs/nips2017/nips2017_selected_20260714_195944/swin/ablation_and_no_verifier/sample_0154/images/final_selected.png
swin,155,5cd8864b6e35df82,865,897,865,932,True,True,True,True,True,ok,data/nips2017/images/5cd8864b6e35df82.png,outputs/nips2017/nips2017_selected_20260714_195944/swin/ablation_and_no_verifier/sample_0155/images/final_selected.png
swin,156,5ceb9f2e8405b0de,411,63,411,869,True,True,True,True,True,ok,data/nips2017/images/5ceb9f2e8405b0de.png,outputs/nips2017/nips2017_selected_20260714_195944/swin/ablation_and_no_verifier/sample_0156/images/final_selected.png
swin,157,5cf72b48fdf5e419,629,743,629,966,True,True,True,True,True,ok,data/nips2017/images/5cf72b48fdf5e419.png,outputs/nips2017/nips2017_selected_20260714_195944/swin/ablation_and_no_verifier/sample_0157/images/final_selected.png
swin,158,5d1df4748743d42e,963,321,963,310,True,True,True,True,True,ok,data/nips2017/images/5d1df4748743d42e.png,outputs/nips2017/nips2017_selected_20260714_195944/swin/ablation_and_no_verifier/sample_0158/images/final_selected.png
swin,159,5d6b9cadb6f9e1cd,895,745,895,974,True,True,True,True,True,ok,data/nips2017/images/5d6b9cadb6f9e1cd.png,outputs/nips2017/nips2017_selected_20260714_195944/swin/ablation_and_no_verifier/sample_0159/images/final_selected.png
swin,160,5d6c4759c26bae8c,546,745,546,546,True,False,False,False,True,ok,data/nips2017/images/5d6c4759c26bae8c.png,outputs/nips2017/nips2017_selected_20260714_195944/swin/ablation_and_no_verifier/sample_0160/images/final_selected.png
swin,161,5d23b04cc45bc37b,517,736,517,864,True,True,True,True,True,ok,data/nips2017/images/5d23b04cc45bc37b.png,outputs/nips2017/nips2017_selected_20260714_195944/swin/ablation_and_no_verifier/sample_0161/images/final_selected.png
swin,162,5d53f9bc389e98ad,264,467,264,820,True,True,True,True,True,ok,data/nips2017/images/5d53f9bc389e98ad.png,outputs/nips2017/nips2017_selected_20260714_195944/swin/ablation_and_no_verifier/sample_0162/images/final_selected.png
swin,163,5d8085ae68e07d72,708,642,708,501,True,True,True,True,True,ok,data/nips2017/images/5d8085ae68e07d72.png,outputs/nips2017/nips2017_selected_20260714_195944/swin/ablation_and_no_verifier/sample_0163/images/final_selected.png
swin,164,5d77597361d06d2b,903,91,584,638,False,True,False,False,True,ok,data/nips2017/images/5d77597361d06d2b.png,outputs/nips2017/nips2017_selected_20260714_195944/swin/ablation_and_no_verifier/sample_0164/images/final_selected.png
swin,165,5dbfff56258cf9e6,317,384,317,775,True,True,True,True,True,ok,data/nips2017/images/5dbfff56258cf9e6.png,outputs/nips2017/nips2017_selected_20260714_195944/swin/ablation_and_no_verifier/sample_0165/images/final_selected.png
swin,166,5dd8e133e66ecd3a,141,345,141,974,True,True,True,True,True,ok,data/nips2017/images/5dd8e133e66ecd3a.png,outputs/nips2017/nips2017_selected_20260714_195944/swin/ablation_and_no_verifier/sample_0166/images/final_selected.png
swin,167,5ec826683757ffae,22,368,22,21,True,True,True,True,True,ok,data/nips2017/images/5ec826683757ffae.png,outputs/nips2017/nips2017_selected_20260714_195944/swin/ablation_and_no_verifier/sample_0167/images/final_selected.png
swin,168,5efeca6c4c233f01,760,463,760,651,True,True,True,True,True,ok,data/nips2017/images/5efeca6c4c233f01.png,outputs/nips2017/nips2017_selected_20260714_195944/swin/ablation_and_no_verifier/sample_0168/images/final_selected.png
swin,169,5f3ea3c6b683fb57,772,61,772,600,True,True,True,True,True,ok,data/nips2017/images/5f3ea3c6b683fb57.png,outputs/nips2017/nips2017_selected_20260714_195944/swin/ablation_and_no_verifier/sample_0169/images/final_selected.png
swin,170,05f7c084329ff0c6,972,909,972,974,True,True,True,True,True,ok,data/nips2017/images/05f7c084329ff0c6.png,outputs/nips2017/nips2017_selected_20260714_195944/swin/ablation_and_no_verifier/sample_0170/images/final_selected.png
swin,171,5fc906f27c8975d2,978,366,978,974,True,True,True,True,True,ok,data/nips2017/images/5fc906f27c8975d2.png,outputs/nips2017/nips2017_selected_20260714_195944/swin/ablation_and_no_verifier/sample_0171/images/final_selected.png
swin,172,5ff168f7d006f69c,682,105,682,668,True,True,True,True,True,ok,data/nips2017/images/5ff168f7d006f69c.png,outputs/nips2017/nips2017_selected_20260714_195944/swin/ablation_and_no_verifier/sample_0172/images/final_selected.png
swin,173,06a0e36c443746b5,353,231,353,974,True,True,True,True,True,ok,data/nips2017/images/06a0e36c443746b5.png,outputs/nips2017/nips2017_selected_20260714_195944/swin/ablation_and_no_verifier/sample_0173/images/final_selected.png
swin,174,6a50fbe8723a6a4a,562,596,562,974,True,True,True,True,True,ok,data/nips2017/images/6a50fbe8723a6a4a.png,outputs/nips2017/nips2017_selected_20260714_195944/swin/ablation_and_no_verifier/sample_0174/images/final_selected.png
swin,175,6a940d1bf69f1d10,557,432,807,807,False,True,False,False,True,ok,data/nips2017/images/6a940d1bf69f1d10.png,outputs/nips2017/nips2017_selected_20260714_195944/swin/ablation_and_no_verifier/sample_0175/images/final_selected.png
swin,176,6ab876a15af539c4,983,610,983,913,True,True,True,True,True,ok,data/nips2017/images/6ab876a15af539c4.png,outputs/nips2017/nips2017_selected_20260714_195944/swin/ablation_and_no_verifier/sample_0176/images/final_selected.png
swin,177,6ac94c9244f84aa3,672,335,672,634,True,True,True,True,True,ok,data/nips2017/images/6ac94c9244f84aa3.png,outputs/nips2017/nips2017_selected_20260714_195944/swin/ablation_and_no_verifier/sample_0177/images/final_selected.png
swin,178,6ad1230d612d7eb7,437,679,437,437,True,False,False,False,True,ok,data/nips2017/images/6ad1230d612d7eb7.png,outputs/nips2017/nips2017_selected_20260714_195944/swin/ablation_and_no_verifier/sample_0178/images/final_selected.png
swin,179,6af829a442e2e0e7,129,230,127,405,False,True,False,False,True,ok,data/nips2017/images/6af829a442e2e0e7.png,outputs/nips2017/nips2017_selected_20260714_195944/swin/ablation_and_no_verifier/sample_0179/images/final_selected.png
swin,180,6afe58efa85756dc,928,848,928,928,True,False,False,False,True,ok,data/nips2017/images/6afe58efa85756dc.png,outputs/nips2017/nips2017_selected_20260714_195944/swin/ablation_and_no_verifier/sample_0180/images/final_selected.png
swin,181,6b27728f0f816dc6,637,873,637,825,True,True,True,True,True,ok,data/nips2017/images/6b27728f0f816dc6.png,outputs/nips2017/nips2017_selected_20260714_195944/swin/ablation_and_no_verifier/sample_0181/images/final_selected.png
swin,182,6bb6cf032c1286c5,467,366,467,991,True,True,True,True,True,ok,data/nips2017/images/6bb6cf032c1286c5.png,outputs/nips2017/nips2017_selected_20260714_195944/swin/ablation_and_no_verifier/sample_0182/images/final_selected.png
swin,183,6bea02f26beef50d,708,266,708,501,True,True,True,True,True,ok,data/nips2017/images/6bea02f26beef50d.png,outputs/nips2017/nips2017_selected_20260714_195944/swin/ablation_and_no_verifier/sample_0183/images/final_selected.png
swin,184,6bff4ecb94f1f84e,858,865,858,974,True,True,True,True,True,ok,data/nips2017/images/6bff4ecb94f1f84e.png,outputs/nips2017/nips2017_selected_20260714_195944/swin/ablation_and_no_verifier/sample_0184/images/final_selected.png
swin,185,6c9f8901246faff2,628,688,628,554,True,True,True,True,True,ok,data/nips2017/images/6c9f8901246faff2.png,outputs/nips2017/nips2017_selected_20260714_195944/swin/ablation_and_no_verifier/sample_0185/images/final_selected.png
swin,186,6cae4a23623d142b,582,439,582,582,True,False,False,False,True,ok,data/nips2017/images/6cae4a23623d142b.png,outputs/nips2017/nips2017_selected_20260714_195944/swin/ablation_and_no_verifier/sample_0186/images/final_selected.png
swin,187,6cc289dc7a8fce86,157,999,157,232,True,True,True,True,True,ok,data/nips2017/images/6cc289dc7a8fce86.png,outputs/nips2017/nips2017_selected_20260714_195944/swin/ablation_and_no_verifier/sample_0187/images/final_selected.png
swin,188,6d2d82bc1ba0a956,51,663,51,698,True,True,True,True,True,ok,data/nips2017/images/6d2d82bc1ba0a956.png,outputs/nips2017/nips2017_selected_20260714_195944/swin/ablation_and_no_verifier/sample_0188/images/final_selected.png
swin,189,6d6078c60e59e9f4,984,796,984,985,True,True,True,True,True,ok,data/nips2017/images/6d6078c60e59e9f4.png,outputs/nips2017/nips2017_selected_20260714_195944/swin/ablation_and_no_verifier/sample_0189/images/final_selected.png
swin,190,6de6432b0f23ae75,104,406,104,294,True,True,True,True,True,ok,data/nips2017/images/6de6432b0f23ae75.png,outputs/nips2017/nips2017_selected_20260714_195944/swin/ablation_and_no_verifier/sample_0190/images/final_selected.png
swin,191,6e840c209f5733d5,441,749,441,463,True,True,True,True,True,ok,data/nips2017/images/6e840c209f5733d5.png,outputs/nips2017/nips2017_selected_20260714_195944/swin/ablation_and_no_verifier/sample_0191/images/final_selected.png
swin,192,6ecbd7d19f5b9147,595,422,595,975,True,True,True,True,True,ok,data/nips2017/images/6ecbd7d19f5b9147.png,outputs/nips2017/nips2017_selected_20260714_195944/swin/ablation_and_no_verifier/sample_0192/images/final_selected.png
swin,193,6efed50f84ec5e01,946,601,946,995,True,True,True,True,True,ok,data/nips2017/images/6efed50f84ec5e01.png,outputs/nips2017/nips2017_selected_20260714_195944/swin/ablation_and_no_verifier/sample_0193/images/final_selected.png
swin,194,7a11ae4c1f5e790c,688,499,688,754,True,True,True,True,True,ok,data/nips2017/images/7a11ae4c1f5e790c.png,outputs/nips2017/nips2017_selected_20260714_195944/swin/ablation_and_no_verifier/sample_0194/images/final_selected.png
swin,195,7a51c260ca0e83e7,547,747,547,565,True,True,True,True,True,ok,data/nips2017/images/7a51c260ca0e83e7.png,outputs/nips2017/nips2017_selected_20260714_195944/swin/ablation_and_no_verifier/sample_0195/images/final_selected.png
swin,196,7a85f42383ec2f81,708,801,708,501,True,True,True,True,True,ok,data/nips2017/images/7a85f42383ec2f81.png,outputs/nips2017/nips2017_selected_20260714_195944/swin/ablation_and_no_verifier/sample_0196/images/final_selected.png
swin,197,7a291389e67a8a07,416,636,416,702,True,True,True,True,True,ok,data/nips2017/images/7a291389e67a8a07.png,outputs/nips2017/nips2017_selected_20260714_195944/swin/ablation_and_no_verifier/sample_0197/images/final_selected.png
swin,198,7b6a9bf5b175e3b2,557,598,557,873,True,True,True,True,True,ok,data/nips2017/images/7b6a9bf5b175e3b2.png,outputs/nips2017/nips2017_selected_20260714_195944/swin/ablation_and_no_verifier/sample_0198/images/final_selected.png
swin,199,7b6cc934fda859fa,306,652,306,904,True,True,True,True,True,ok,data/nips2017/images/7b6cc934fda859fa.png,outputs/nips2017/nips2017_selected_20260714_195944/swin/ablation_and_no_verifier/sample_0199/images/final_selected.png
swin,200,7b6e963025eaeb66,993,659,993,994,True,True,True,True,True,ok,data/nips2017/images/7b6e963025eaeb66.png,outputs/nips2017/nips2017_selected_20260714_195944/swin/ablation_and_no_verifier/sample_0200/images/final_selected.png
swin,201,7b8413ef241118df,547,484,547,565,True,True,True,True,True,ok,data/nips2017/images/7b8413ef241118df.png,outputs/nips2017/nips2017_selected_20260714_195944/swin/ablation_and_no_verifier/sample_0201/images/final_selected.png
swin,202,7b71925e989ee1d8,933,34,933,930,True,True,True,True,True,ok,data/nips2017/images/7b71925e989ee1d8.png,outputs/nips2017/nips2017_selected_20260714_195944/swin/ablation_and_no_verifier/sample_0202/images/final_selected.png
swin,203,7c3b0d93654b39cd,707,427,707,886,True,True,True,True,True,ok,data/nips2017/images/7c3b0d93654b39cd.png,outputs/nips2017/nips2017_selected_20260714_195944/swin/ablation_and_no_verifier/sample_0203/images/final_selected.png
swin,204,7c5ea6f89e6e2733,819,586,819,417,True,True,True,True,True,ok,data/nips2017/images/7c5ea6f89e6e2733.png,outputs/nips2017/nips2017_selected_20260714_195944/swin/ablation_and_no_verifier/sample_0204/images/final_selected.png
swin,205,7c249a944594a62e,989,619,989,819,True,True,True,True,True,ok,data/nips2017/images/7c249a944594a62e.png,outputs/nips2017/nips2017_selected_20260714_195944/swin/ablation_and_no_verifier/sample_0205/images/final_selected.png
swin,206,7c754696067fdfa9,764,468,764,730,True,True,True,True,True,ok,data/nips2017/images/7c754696067fdfa9.png,outputs/nips2017/nips2017_selected_20260714_195944/swin/ablation_and_no_verifier/sample_0206/images/final_selected.png
swin,207,7ca714cdcd5d36d9,779,105,779,974,True,True,True,True,True,ok,data/nips2017/images/7ca714cdcd5d36d9.png,outputs/nips2017/nips2017_selected_20260714_195944/swin/ablation_and_no_verifier/sample_0207/images/final_selected.png
swin,208,7d2a7bca22967f29,734,599,734,974,True,True,True,True,True,ok,data/nips2017/images/7d2a7bca22967f29.png,outputs/nips2017/nips2017_selected_20260714_195944/swin/ablation_and_no_verifier/sample_0208/images/final_selected.png
swin,209,7d2e9b03ec1b630b,400,534,400,501,True,True,True,True,True,ok,data/nips2017/images/7d2e9b03ec1b630b.png,outputs/nips2017/nips2017_selected_20260714_195944/swin/ablation_and_no_verifier/sample_0209/images/final_selected.png
swin,210,7d7a8e41b8d0577e,964,181,964,544,True,True,True,True,True,ok,data/nips2017/images/7d7a8e41b8d0577e.png,outputs/nips2017/nips2017_selected_20260714_195944/swin/ablation_and_no_verifier/sample_0210/images/final_selected.png
swin,211,7d253f78ef6f029a,682,91,682,562,True,True,True,True,True,ok,data/nips2017/images/7d253f78ef6f029a.png,outputs/nips2017/nips2017_selected_20260714_195944/swin/ablation_and_no_verifier/sample_0211/images/final_selected.png
swin,212,7d833ac8ab852bd2,51,150,51,996,True,True,True,True,True,ok,data/nips2017/images/7d833ac8ab852bd2.png,outputs/nips2017/nips2017_selected_20260714_195944/swin/ablation_and_no_verifier/sample_0212/images/final_selected.png
swin,213,7d4186ce0332245d,975,935,975,449,True,True,True,True,True,ok,data/nips2017/images/7d4186ce0332245d.png,outputs/nips2017/nips2017_selected_20260714_195944/swin/ablation_and_no_verifier/sample_0213/images/final_selected.png
swin,214,7d599306068f4594,716,513,716,807,True,True,True,True,True,ok,data/nips2017/images/7d599306068f4594.png,outputs/nips2017/nips2017_selected_20260714_195944/swin/ablation_and_no_verifier/sample_0214/images/final_selected.png
swin,215,7e0fb7f80ffa514b,654,404,654,757,True,True,True,True,True,ok,data/nips2017/images/7e0fb7f80ffa514b.png,outputs/nips2017/nips2017_selected_20260714_195944/swin/ablation_and_no_verifier/sample_0215/images/final_selected.png
swin,216,7e4c41563370bed1,718,944,718,978,True,True,True,True,True,ok,data/nips2017/images/7e4c41563370bed1.png,outputs/nips2017/nips2017_selected_20260714_195944/swin/ablation_and_no_verifier/sample_0216/images/final_selected.png
swin,217,7e5c847bafc4d50c,908,528,895,895,False,True,False,False,True,ok,data/nips2017/images/7e5c847bafc4d50c.png,outputs/nips2017/nips2017_selected_20260714_195944/swin/ablation_and_no_verifier/sample_0217/images/final_selected.png
swin,218,7e73c7adc520e406,132,85,132,134,True,True,True,True,True,ok,data/nips2017/images/7e73c7adc520e406.png,outputs/nips2017/nips2017_selected_20260714_195944/swin/ablation_and_no_verifier/sample_0218/images/final_selected.png
swin,219,7f3c20f487834846,407,882,407,757,True,True,True,True,True,ok,data/nips2017/images/7f3c20f487834846.png,outputs/nips2017/nips2017_selected_20260714_195944/swin/ablation_and_no_verifier/sample_0219/images/final_selected.png
swin,220,7f842d0c1e747334,304,795,304,302,True,True,True,True,True,ok,data/nips2017/images/7f842d0c1e747334.png,outputs/nips2017/nips2017_selected_20260714_195944/swin/ablation_and_no_verifier/sample_0220/images/final_selected.png
swin,221,7f045354f4577c16,557,969,557,970,True,True,True,True,True,ok,data/nips2017/images/7f045354f4577c16.png,outputs/nips2017/nips2017_selected_20260714_195944/swin/ablation_and_no_verifier/sample_0221/images/final_selected.png
swin,222,7fd7ce3eb2bf9944,99,112,99,138,True,True,True,True,True,ok,data/nips2017/images/7fd7ce3eb2bf9944.png,outputs/nips2017/nips2017_selected_20260714_195944/swin/ablation_and_no_verifier/sample_0222/images/final_selected.png
swin,223,8a02b6196885c394,759,446,759,732,True,True,True,True,True,ok,data/nips2017/images/8a02b6196885c394.png,outputs/nips2017/nips2017_selected_20260714_195944/swin/ablation_and_no_verifier/sample_0223/images/final_selected.png
swin,224,8a82ddd7ab76efbb,510,907,510,510,True,False,False,False,True,ok,data/nips2017/images/8a82ddd7ab76efbb.png,outputs/nips2017/nips2017_selected_20260714_195944/swin/ablation_and_no_verifier/sample_0224/images/final_selected.png
swin,225,8af30e5c3fa48a08,695,70,695,884,True,True,True,True,True,ok,data/nips2017/images/8af30e5c3fa48a08.png,outputs/nips2017/nips2017_selected_20260714_195944/swin/ablation_and_no_verifier/sample_0225/images/final_selected.png
swin,226,8b7a5446dae48ac1,308,362,308,319,True,True,True,True,True,ok,data/nips2017/images/8b7a5446dae48ac1.png,outputs/nips2017/nips2017_selected_20260714_195944/swin/ablation_and_no_verifier/sample_0226/images/final_selected.png
swin,227,8b47d72b39b2bd33,525,96,525,979,True,True,True,True,True,ok,data/nips2017/images/8b47d72b39b2bd33.png,outputs/nips2017/nips2017_selected_20260714_195944/swin/ablation_and_no_verifier/sample_0227/images/final_selected.png
swin,228,8bb7d10e97694eb5,142,392,142,135,True,True,True,True,True,ok,data/nips2017/images/8bb7d10e97694eb5.png,outputs/nips2017/nips2017_selected_20260714_195944/swin/ablation_and_no_verifier/sample_0228/images/final_selected.png
swin,229,8c5b5bc0f39e2e06,897,252,897,111,True,True,True,True,True,ok,data/nips2017/images/8c5b5bc0f39e2e06.png,outputs/nips2017/nips2017_selected_20260714_195944/swin/ablation_and_no_verifier/sample_0229/images/final_selected.png
swin,230,8c6edf1ddfb61102,888,122,888,703,True,True,True,True,True,ok,data/nips2017/images/8c6edf1ddfb61102.png,outputs/nips2017/nips2017_selected_20260714_195944/swin/ablation_and_no_verifier/sample_0230/images/final_selected.png
swin,231,8c8bc30a62a1ee23,303,1,303,302,True,True,True,True,True,ok,data/nips2017/images/8c8bc30a62a1ee23.png,outputs/nips2017/nips2017_selected_20260714_195944/swin/ablation_and_no_verifier/sample_0231/images/final_selected.png
swin,232,8c609b06a60af060,498,290,498,698,True,True,True,True,True,ok,data/nips2017/images/8c609b06a60af060.png,outputs/nips2017/nips2017_selected_20260714_195944/swin/ablation_and_no_verifier/sample_0232/images/final_selected.png
swin,233,8c975de17f3247d1,649,525,649,912,True,True,True,True,True,ok,data/nips2017/images/8c975de17f3247d1.png,outputs/nips2017/nips2017_selected_20260714_195944/swin/ablation_and_no_verifier/sample_0233/images/final_selected.png
swin,234,8d17aa69b4fd7b45,406,589,406,406,True,False,False,False,True,ok,data/nips2017/images/8d17aa69b4fd7b45.png,outputs/nips2017/nips2017_selected_20260714_195944/swin/ablation_and_no_verifier/sample_0234/images/final_selected.png
swin,235,8d86fae18afef4e0,37,78,37,812,True,True,True,True,True,ok,data/nips2017/images/8d86fae18afef4e0.png,outputs/nips2017/nips2017_selected_20260714_195944/swin/ablation_and_no_verifier/sample_0235/images/final_selected.png
swin,236,8d90c523b27410a7,320,562,320,885,True,True,True,True,True,ok,data/nips2017/images/8d90c523b27410a7.png,outputs/nips2017/nips2017_selected_20260714_195944/swin/ablation_and_no_verifier/sample_0236/images/final_selected.png
swin,237,8d68931ba23fdeb7,841,799,841,568,True,True,True,True,True,ok,data/nips2017/images/8d68931ba23fdeb7.png,outputs/nips2017/nips2017_selected_20260714_195944/swin/ablation_and_no_verifier/sample_0237/images/final_selected.png
swin,238,8da3593258ae27cb,580,398,580,578,True,True,True,True,True,ok,data/nips2017/images/8da3593258ae27cb.png,outputs/nips2017/nips2017_selected_20260714_195944/swin/ablation_and_no_verifier/sample_0238/images/final_selected.png
swin,239,8df3dc0c3fef1824,950,842,950,931,True,True,True,True,True,ok,data/nips2017/images/8df3dc0c3fef1824.png,outputs/nips2017/nips2017_selected_20260714_195944/swin/ablation_and_no_verifier/sample_0239/images/final_selected.png
swin,240,8e9e976fc98e3cfa,665,739,665,535,True,True,True,True,True,ok,data/nips2017/images/8e9e976fc98e3cfa.png,outputs/nips2017/nips2017_selected_20260714_195944/swin/ablation_and_no_verifier/sample_0240/images/final_selected.png
swin,241,8e3324c208eb9a3b,821,740,821,974,True,True,True,True,True,ok,data/nips2017/images/8e3324c208eb9a3b.png,outputs/nips2017/nips2017_selected_20260714_195944/swin/ablation_and_no_verifier/sample_0241/images/final_selected.png
swin,242,8e89734ed940e222,656,793,656,656,True,False,False,False,True,ok,data/nips2017/images/8e89734ed940e222.png,outputs/nips2017/nips2017_selected_20260714_195944/swin/ablation_and_no_verifier/sample_0242/images/final_selected.png
swin,243,8f5e0855ca8de8ea,467,715,467,936,True,True,True,True,True,ok,data/nips2017/images/8f5e0855ca8de8ea.png,outputs/nips2017/nips2017_selected_20260714_195944/swin/ablation_and_no_verifier/sample_0243/images/final_selected.png
swin,244,8f5eda0b6a910b43,949,917,949,666,True,True,True,True,True,ok,data/nips2017/images/8f5eda0b6a910b43.png,outputs/nips2017/nips2017_selected_20260714_195944/swin/ablation_and_no_verifier/sample_0244/images/final_selected.png
swin,245,8f07c92f0af97807,805,107,805,805,True,False,False,False,True,ok,data/nips2017/images/8f07c92f0af97807.png,outputs/nips2017/nips2017_selected_20260714_195944/swin/ablation_and_no_verifier/sample_0245/images/final_selected.png
swin,246,8f9c1e4fd9f4cb2e,16,497,16,94,True,True,True,True,True,ok,data/nips2017/images/8f9c1e4fd9f4cb2e.png,outputs/nips2017/nips2017_selected_20260714_195944/swin/ablation_and_no_verifier/sample_0246/images/final_selected.png
swin,247,8f97e3fface13e4d,471,547,471,974,True,True,True,True,True,ok,data/nips2017/images/8f97e3fface13e4d.png,outputs/nips2017/nips2017_selected_20260714_195944/swin/ablation_and_no_verifier/sample_0247/images/final_selected.png
swin,248,08fbf75e60a6efb7,483,665,483,972,True,True,True,True,True,ok,data/nips2017/images/08fbf75e60a6efb7.png,outputs/nips2017/nips2017_selected_20260714_195944/swin/ablation_and_no_verifier/sample_0248/images/final_selected.png
swin,249,9a1c67f467b9beea,302,89,302,305,True,True,True,True,True,ok,data/nips2017/images/9a1c67f467b9beea.png,outputs/nips2017/nips2017_selected_20260714_195944/swin/ablation_and_no_verifier/sample_0249/images/final_selected.png
swin,250,9a5913e0fb6d0866,766,203,766,467,True,True,True,True,True,ok,data/nips2017/images/9a5913e0fb6d0866.png,outputs/nips2017/nips2017_selected_20260714_195944/swin/ablation_and_no_verifier/sample_0250/images/final_selected.png
swin,251,9a49001b63903f72,768,803,768,981,True,True,True,True,True,ok,data/nips2017/images/9a49001b63903f72.png,outputs/nips2017/nips2017_selected_20260714_195944/swin/ablation_and_no_verifier/sample_0251/images/final_selected.png
swin,252,9ab953cce5c7f879,442,366,442,663,True,True,True,True,True,ok,data/nips2017/images/9ab953cce5c7f879.png,outputs/nips2017/nips2017_selected_20260714_195944/swin/ablation_and_no_verifier/sample_0252/images/final_selected.png
swin,253,9aba31a4b2404aa5,911,494,911,885,True,True,True,True,True,ok,data/nips2017/images/9aba31a4b2404aa5.png,outputs/nips2017/nips2017_selected_20260714_195944/swin/ablation_and_no_verifier/sample_0253/images/final_selected.png
swin,254,9b4cab2ffb0c0754,974,962,974,979,True,True,True,True,True,ok,data/nips2017/images/9b4cab2ffb0c0754.png,outputs/nips2017/nips2017_selected_20260714_195944/swin/ablation_and_no_verifier/sample_0254/images/final_selected.png
swin,255,9c0e25e2f72438e8,511,505,511,511,True,False,False,False,True,ok,data/nips2017/images/9c0e25e2f72438e8.png,outputs/nips2017/nips2017_selected_20260714_195944/swin/ablation_and_no_verifier/sample_0255/images/final_selected.png
swin,256,9c509bfb75167fb0,640,747,640,640,True,False,False,False,True,ok,data/nips2017/images/9c509bfb75167fb0.png,outputs/nips2017/nips2017_selected_20260714_195944/swin/ablation_and_no_verifier/sample_0256/images/final_selected.png
swin,257,9cf861a657c27cec,582,896,582,781,True,True,True,True,True,ok,data/nips2017/images/9cf861a657c27cec.png,outputs/nips2017/nips2017_selected_20260714_195944/swin/ablation_and_no_verifier/sample_0257/images/final_selected.png
swin,258,9d5ef11ec55123e5,99,512,99,975,True,True,True,True,True,ok,data/nips2017/images/9d5ef11ec55123e5.png,outputs/nips2017/nips2017_selected_20260714_195944/swin/ablation_and_no_verifier/sample_0258/images/final_selected.png
swin,259,9d4674c86096e4bd,661,613,661,549,True,True,True,True,True,ok,data/nips2017/images/9d4674c86096e4bd.png,outputs/nips2017/nips2017_selected_20260714_195944/swin/ablation_and_no_verifier/sample_0259/images/final_selected.png
swin,260,9d55997552acf0de,259,198,259,263,True,True,True,True,True,ok,data/nips2017/images/9d55997552acf0de.png,outputs/nips2017/nips2017_selected_20260714_195944/swin/ablation_and_no_verifier/sample_0260/images/final_selected.png
swin,261,9db1070b1b9f03d2,323,869,323,315,True,True,True,True,True,ok,data/nips2017/images/9db1070b1b9f03d2.png,outputs/nips2017/nips2017_selected_20260714_195944/swin/ablation_and_no_verifier/sample_0261/images/final_selected.png
swin,262,9ee13ecd8d6727c0,497,553,497,406,True,True,True,True,True,ok,data/nips2017/images/9ee13ecd8d6727c0.png,outputs/nips2017/nips2017_selected_20260714_195944/swin/ablation_and_no_verifier/sample_0262/images/final_selected.png
swin,263,9f3afb58c061c290,980,753,749,885,False,True,False,False,True,ok,data/nips2017/images/9f3afb58c061c290.png,outputs/nips2017/nips2017_selected_20260714_195944/swin/ablation_and_no_verifier/sample_0263/images/final_selected.png
swin,264,9f6fe669276f04cf,919,696,919,743,True,True,True,True,True,ok,data/nips2017/images/9f6fe669276f04cf.png,outputs/nips2017/nips2017_selected_20260714_195944/swin/ablation_and_no_verifier/sample_0264/images/final_selected.png
swin,265,9f55ac35ce9703e5,8,193,8,83,True,True,True,True,True,ok,data/nips2017/images/9f55ac35ce9703e5.png,outputs/nips2017/nips2017_selected_20260714_195944/swin/ablation_and_no_verifier/sample_0265/images/final_selected.png
swin,266,9fbeb797de1e1639,762,510,762,823,True,True,True,True,True,ok,data/nips2017/images/9fbeb797de1e1639.png,outputs/nips2017/nips2017_selected_20260714_195944/swin/ablation_and_no_verifier/sample_0266/images/final_selected.png
swin,267,9fe19d5c6dab83a3,454,804,454,820,True,True,True,True,True,ok,data/nips2017/images/9fe19d5c6dab83a3.png,outputs/nips2017/nips2017_selected_20260714_195944/swin/ablation_and_no_verifier/sample_0267/images/final_selected.png
swin,268,10bc8784a5eb8843,743,209,743,979,True,True,True,True,True,ok,data/nips2017/images/10bc8784a5eb8843.png,outputs/nips2017/nips2017_selected_20260714_195944/swin/ablation_and_no_verifier/sample_0268/images/final_selected.png
swin,269,10db986bad48a9d5,893,133,692,626,False,True,False,False,True,ok,data/nips2017/images/10db986bad48a9d5.png,outputs/nips2017/nips2017_selected_20260714_195944/swin/ablation_and_no_verifier/sample_0269/images/final_selected.png
swin,270,11afa51200515f9a,825,566,825,787,True,True,True,True,True,ok,data/nips2017/images/11afa51200515f9a.png,outputs/nips2017/nips2017_selected_20260714_195944/swin/ablation_and_no_verifier/sample_0270/images/final_selected.png
swin,271,11c53fe6feb856c6,476,765,476,843,True,True,True,True,True,ok,data/nips2017/images/11c53fe6feb856c6.png,outputs/nips2017/nips2017_selected_20260714_195944/swin/ablation_and_no_verifier/sample_0271/images/final_selected.png
swin,272,12cf4de43c70273e,814,832,814,659,True,True,True,True,True,ok,data/nips2017/images/12cf4de43c70273e.png,outputs/nips2017/nips2017_selected_20260714_195944/swin/ablation_and_no_verifier/sample_0272/images/final_selected.png
swin,273,12fb008451be82d4,582,554,582,948,True,True,True,True,True,ok,data/nips2017/images/12fb008451be82d4.png,outputs/nips2017/nips2017_selected_20260714_195944/swin/ablation_and_no_verifier/sample_0273/images/final_selected.png
swin,274,014f0024918a7b6f,9,884,9,9,True,False,False,False,True,ok,data/nips2017/images/014f0024918a7b6f.png,outputs/nips2017/nips2017_selected_20260714_195944/swin/ablation_and_no_verifier/sample_0274/images/final_selected.png
swin,275,15d27dbdc9eeda7f,468,764,468,436,True,True,True,True,True,ok,data/nips2017/images/15d27dbdc9eeda7f.png,outputs/nips2017/nips2017_selected_20260714_195944/swin/ablation_and_no_verifier/sample_0275/images/final_selected.png
swin,276,16bbe588e0ecc6ab,141,167,141,142,True,True,True,True,True,ok,data/nips2017/images/16bbe588e0ecc6ab.png,outputs/nips2017/nips2017_selected_20260714_195944/swin/ablation_and_no_verifier/sample_0276/images/final_selected.png
swin,277,16ff75228179469c,227,385,227,271,True,True,True,True,True,ok,data/nips2017/images/16ff75228179469c.png,outputs/nips2017/nips2017_selected_20260714_195944/swin/ablation_and_no_verifier/sample_0277/images/final_selected.png
swin,278,17cfccd62451a233,965,570,923,923,False,True,False,False,True,ok,data/nips2017/images/17cfccd62451a233.png,outputs/nips2017/nips2017_selected_20260714_195944/swin/ablation_and_no_verifier/sample_0278/images/final_selected.png
swin,279,17df043d369008f5,990,801,990,995,True,True,True,True,True,ok,data/nips2017/images/17df043d369008f5.png,outputs/nips2017/nips2017_selected_20260714_195944/swin/ablation_and_no_verifier/sample_0279/images/final_selected.png
swin,280,17f3b8a057bc01be,858,574,858,853,True,True,True,True,True,ok,data/nips2017/images/17f3b8a057bc01be.png,outputs/nips2017/nips2017_selected_20260714_195944/swin/ablation_and_no_verifier/sample_0280/images/final_selected.png
swin,281,18d5f99fe237a306,814,76,814,751,True,True,True,True,True,ok,data/nips2017/images/18d5f99fe237a306.png,outputs/nips2017/nips2017_selected_20260714_195944/swin/ablation_and_no_verifier/sample_0281/images/final_selected.png
swin,282,19b5bea9a7608a92,777,434,777,597,True,True,True,True,True,ok,data/nips2017/images/19b5bea9a7608a92.png,outputs/nips2017/nips2017_selected_20260714_195944/swin/ablation_and_no_verifier/sample_0282/images/final_selected.png
swin,283,19d43f8204d3183d,984,377,984,912,True,True,True,True,True,ok,data/nips2017/images/19d43f8204d3183d.png,outputs/nips2017/nips2017_selected_20260714_195944/swin/ablation_and_no_verifier/sample_0283/images/final_selected.png
swin,284,21b0803c965f76ef,919,976,919,743,True,True,True,True,True,ok,data/nips2017/images/21b0803c965f76ef.png,outputs/nips2017/nips2017_selected_20260714_195944/swin/ablation_and_no_verifier/sample_0284/images/final_selected.png
swin,285,21fef4d9b3dce49a,974,459,974,975,True,True,True,True,True,ok,data/nips2017/images/21fef4d9b3dce49a.png,outputs/nips2017/nips2017_selected_20260714_195944/swin/ablation_and_no_verifier/sample_0285/images/final_selected.png
swin,286,22a9c318b6e36853,619,210,619,604,True,True,True,True,True,ok,data/nips2017/images/22a9c318b6e36853.png,outputs/nips2017/nips2017_selected_20260714_195944/swin/ablation_and_no_verifier/sample_0286/images/final_selected.png
swin,287,22a313cc9fc2b4f1,309,939,309,911,True,True,True,True,True,ok,data/nips2017/images/22a313cc9fc2b4f1.png,outputs/nips2017/nips2017_selected_20260714_195944/swin/ablation_and_no_verifier/sample_0287/images/final_selected.png
swin,288,23f9d18d531eb148,478,850,478,446,True,True,True,True,True,ok,data/nips2017/images/23f9d18d531eb148.png,outputs/nips2017/nips2017_selected_20260714_195944/swin/ablation_and_no_verifier/sample_0288/images/final_selected.png
swin,289,23f39187c0d00e30,971,657,971,971,True,False,False,False,True,ok,data/nips2017/images/23f39187c0d00e30.png,outputs/nips2017/nips2017_selected_20260714_195944/swin/ablation_and_no_verifier/sample_0289/images/final_selected.png
swin,290,024f73e53c3c1f1d,579,637,579,885,True,True,True,True,True,ok,data/nips2017/images/024f73e53c3c1f1d.png,outputs/nips2017/nips2017_selected_20260714_195944/swin/ablation_and_no_verifier/sample_0290/images/final_selected.png
swin,291,25eef91443ded954,436,727,436,820,True,True,True,True,True,ok,data/nips2017/images/25eef91443ded954.png,outputs/nips2017/nips2017_selected_20260714_195944/swin/ablation_and_no_verifier/sample_0291/images/final_selected.png
swin,292,25f85aadcf248cc1,853,889,853,789,True,True,True,True,True,ok,data/nips2017/images/25f85aadcf248cc1.png,outputs/nips2017/nips2017_selected_20260714_195944/swin/ablation_and_no_verifier/sample_0292/images/final_selected.png
swin,293,26aa2e6ee43387e7,912,740,912,649,True,True,True,True,True,ok,data/nips2017/images/26aa2e6ee43387e7.png,outputs/nips2017/nips2017_selected_20260714_195944/swin/ablation_and_no_verifier/sample_0293/images/final_selected.png
swin,294,29fe8d653950a631,79,541,79,974,True,True,True,True,True,ok,data/nips2017/images/29fe8d653950a631.png,outputs/nips2017/nips2017_selected_20260714_195944/swin/ablation_and_no_verifier/sample_0294/images/final_selected.png
swin,295,30b922dbfdbffd11,609,971,609,586,True,True,True,True,True,ok,data/nips2017/images/30b922dbfdbffd11.png,outputs/nips2017/nips2017_selected_20260714_195944/swin/ablation_and_no_verifier/sample_0295/images/final_selected.png
swin,296,30b62313af2b5d74,315,794,315,47,True,True,True,True,True,ok,data/nips2017/images/30b62313af2b5d74.png,outputs/nips2017/nips2017_selected_20260714_195944/swin/ablation_and_no_verifier/sample_0296/images/final_selected.png
swin,297,30e132285c2e960f,911,426,911,582,True,True,True,True,True,ok,data/nips2017/images/30e132285c2e960f.png,outputs/nips2017/nips2017_selected_20260714_195944/swin/ablation_and_no_verifier/sample_0297/images/final_selected.png
swin,298,32c0e4647ce5a812,326,742,326,770,True,True,True,True,True,ok,data/nips2017/images/32c0e4647ce5a812.png,outputs/nips2017/nips2017_selected_20260714_195944/swin/ablation_and_no_verifier/sample_0298/images/final_selected.png
swin,299,33adbc27fdcadd65,923,715,923,996,True,True,True,True,True,ok,data/nips2017/images/33adbc27fdcadd65.png,outputs/nips2017/nips2017_selected_20260714_195944/swin/ablation_and_no_verifier/sample_0299/images/final_selected.png
swin,300,34a39905ce228160,768,751,768,235,True,True,True,True,True,ok,data/nips2017/images/34a39905ce228160.png,outputs/nips2017/nips2017_selected_20260714_195944/swin/ablation_and_no_verifier/sample_0300/images/final_selected.png
swin,301,35c344ca0584ba14,687,830,687,884,True,True,True,True,True,ok,data/nips2017/images/35c344ca0584ba14.png,outputs/nips2017/nips2017_selected_20260714_195944/swin/ablation_and_no_verifier/sample_0301/images/final_selected.png
swin,302,35d67f3f70aeef92,979,581,979,974,True,True,True,True,True,ok,data/nips2017/images/35d67f3f70aeef92.png,outputs/nips2017/nips2017_selected_20260714_195944/swin/ablation_and_no_verifier/sample_0302/images/final_selected.png
swin,303,37e7dc99bf2704c7,663,609,663,497,True,True,True,True,True,ok,data/nips2017/images/37e7dc99bf2704c7.png,outputs/nips2017/nips2017_selected_20260714_195944/swin/ablation_and_no_verifier/sample_0303/images/final_selected.png
swin,304,38bdd950c1d08be6,132,890,132,132,True,False,False,False,True,ok,data/nips2017/images/38bdd950c1d08be6.png,outputs/nips2017/nips2017_selected_20260714_195944/swin/ablation_and_no_verifier/sample_0304/images/final_selected.png
swin,305,38c6124f40b8d845,895,18,895,744,True,True,True,True,True,ok,data/nips2017/images/38c6124f40b8d845.png,outputs/nips2017/nips2017_selected_20260714_195944/swin/ablation_and_no_verifier/sample_0305/images/final_selected.png
swin,306,38d8d105d5e70c80,421,754,421,583,True,True,True,True,True,ok,data/nips2017/images/38d8d105d5e70c80.png,outputs/nips2017/nips2017_selected_20260714_195944/swin/ablation_and_no_verifier/sample_0306/images/final_selected.png
swin,307,38deb4830d12358f,979,935,979,978,True,True,True,True,True,ok,data/nips2017/images/38deb4830d12358f.png,outputs/nips2017/nips2017_selected_20260714_195944/swin/ablation_and_no_verifier/sample_0307/images/final_selected.png
swin,308,038fd7a750733bb5,17,102,17,94,True,True,True,True,True,ok,data/nips2017/images/038fd7a750733bb5.png,outputs/nips2017/nips2017_selected_20260714_195944/swin/ablation_and_no_verifier/sample_0308/images/final_selected.png
swin,309,39a483e9a23716ed,675,645,675,974,True,True,True,True,True,ok,data/nips2017/images/39a483e9a23716ed.png,outputs/nips2017/nips2017_selected_20260714_195944/swin/ablation_and_no_verifier/sample_0309/images/final_selected.png
swin,310,39f82c728c956125,637,761,637,825,True,True,True,True,True,ok,data/nips2017/images/39f82c728c956125.png,outputs/nips2017/nips2017_selected_20260714_195944/swin/ablation_and_no_verifier/sample_0310/images/final_selected.png
swin,311,40a7f086461190f3,492,840,492,974,True,True,True,True,True,ok,data/nips2017/images/40a7f086461190f3.png,outputs/nips2017/nips2017_selected_20260714_195944/swin/ablation_and_no_verifier/sample_0311/images/final_selected.png
swin,312,40f79488e3c2d6c4,917,748,917,964,True,True,True,True,True,ok,data/nips2017/images/40f79488e3c2d6c4.png,outputs/nips2017/nips2017_selected_20260714_195944/swin/ablation_and_no_verifier/sample_0312/images/final_selected.png
swin,313,42e9b41ce96dbf0a,850,646,850,974,True,True,True,True,True,ok,data/nips2017/images/42e9b41ce96dbf0a.png,outputs/nips2017/nips2017_selected_20260714_195944/swin/ablation_and_no_verifier/sample_0313/images/final_selected.png
swin,314,42e55ac6782d4d99,973,818,973,33,True,True,True,True,True,ok,data/nips2017/images/42e55ac6782d4d99.png,outputs/nips2017/nips2017_selected_20260714_195944/swin/ablation_and_no_verifier/sample_0314/images/final_selected.png
swin,315,43fa89c17e628c06,132,884,132,616,True,True,True,True,True,ok,data/nips2017/images/43fa89c17e628c06.png,outputs/nips2017/nips2017_selected_20260714_195944/swin/ablation_and_no_verifier/sample_0315/images/final_selected.png
swin,316,44aa69f642b86628,879,548,879,879,True,False,False,False,True,ok,data/nips2017/images/44aa69f642b86628.png,outputs/nips2017/nips2017_selected_20260714_195944/swin/ablation_and_no_verifier/sample_0316/images/final_selected.png
swin,317,44fa09bc5f8e69a5,303,989,303,26,True,True,True,True,True,ok,data/nips2017/images/44fa09bc5f8e69a5.png,outputs/nips2017/nips2017_selected_20260714_195944/swin/ablation_and_no_verifier/sample_0317/images/final_selected.png
swin,318,45da32a1cf073a4f,99,896,99,975,True,True,True,True,True,ok,data/nips2017/images/45da32a1cf073a4f.png,outputs/nips2017/nips2017_selected_20260714_195944/swin/ablation_and_no_verifier/sample_0318/images/final_selected.png
swin,319,46a489dcff5471a4,919,589,919,634,True,True,True,True,True,ok,data/nips2017/images/46a489dcff5471a4.png,outputs/nips2017/nips2017_selected_20260714_195944/swin/ablation_and_no_verifier/sample_0319/images/final_selected.png
swin,320,46b657df12fd7c26,283,723,283,288,True,True,True,True,True,ok,data/nips2017/images/46b657df12fd7c26.png,outputs/nips2017/nips2017_selected_20260714_195944/swin/ablation_and_no_verifier/sample_0320/images/final_selected.png
swin,321,47b087263b33728b,317,151,317,114,True,True,True,True,True,ok,data/nips2017/images/47b087263b33728b.png,outputs/nips2017/nips2017_selected_20260714_195944/swin/ablation_and_no_verifier/sample_0321/images/final_selected.png
swin,322,49b1adfeb8ffcabd,931,670,931,974,True,True,True,True,True,ok,data/nips2017/images/49b1adfeb8ffcabd.png,outputs/nips2017/nips2017_selected_20260714_195944/swin/ablation_and_no_verifier/sample_0322/images/final_selected.png
swin,323,49c27b439d39a00c,489,417,489,565,True,True,True,True,True,ok,data/nips2017/images/49c27b439d39a00c.png,outputs/nips2017/nips2017_selected_20260714_195944/swin/ablation_and_no_verifier/sample_0323/images/final_selected.png
swin,324,50b9e11ae686ae32,320,33,320,319,True,True,True,True,True,ok,data/nips2017/images/50b9e11ae686ae32.png,outputs/nips2017/nips2017_selected_20260714_195944/swin/ablation_and_no_verifier/sample_0324/images/final_selected.png
swin,325,51b390bb124a6d9d,967,421,967,968,True,True,True,True,True,ok,data/nips2017/images/51b390bb124a6d9d.png,outputs/nips2017/nips2017_selected_20260714_195944/swin/ablation_and_no_verifier/sample_0325/images/final_selected.png
swin,326,51d1c77f80467b59,976,537,976,354,True,True,True,True,True,ok,data/nips2017/images/51d1c77f80467b59.png,outputs/nips2017/nips2017_selected_20260714_195944/swin/ablation_and_no_verifier/sample_0326/images/final_selected.png
swin,327,52d8515abbfaa8ac,229,633,229,228,True,True,True,True,True,ok,data/nips2017/images/52d8515abbfaa8ac.png,outputs/nips2017/nips2017_selected_20260714_195944/swin/ablation_and_no_verifier/sample_0327/images/final_selected.png
swin,328,53c478ffc8ddb967,319,612,319,319,True,False,False,False,True,ok,data/nips2017/images/53c478ffc8ddb967.png,outputs/nips2017/nips2017_selected_20260714_195944/swin/ablation_and_no_verifier/sample_0328/images/final_selected.png
swin,329,53fe22426ff21243,535,778,535,730,True,True,True,True,True,ok,data/nips2017/images/53fe22426ff21243.png,outputs/nips2017/nips2017_selected_20260714_195944/swin/ablation_and_no_verifier/sample_0329/images/final_selected.png
swin,330,54a6b2cd7f89220e,917,170,917,964,True,True,True,True,True,ok,data/nips2017/images/54a6b2cd7f89220e.png,outputs/nips2017/nips2017_selected_20260714_195944/swin/ablation_and_no_verifier/sample_0330/images/final_selected.png
swin,331,54ff02d9dfbf8540,883,369,883,470,True,True,True,True,True,ok,data/nips2017/images/54ff02d9dfbf8540.png,outputs/nips2017/nips2017_selected_20260714_195944/swin/ablation_and_no_verifier/sample_0331/images/final_selected.png
swin,332,55a2e48a87c16998,910,767,910,930,True,True,True,True,True,ok,data/nips2017/images/55a2e48a87c16998.png,outputs/nips2017/nips2017_selected_20260714_195944/swin/ablation_and_no_verifier/sample_0332/images/final_selected.png
swin,333,55b85f4336d9603a,879,29,879,885,True,True,True,True,True,ok,data/nips2017/images/55b85f4336d9603a.png,outputs/nips2017/nips2017_selected_20260714_195944/swin/ablation_and_no_verifier/sample_0333/images/final_selected.png
swin,334,55e85d7b58024966,967,614,967,968,True,True,True,True,True,ok,data/nips2017/images/55e85d7b58024966.png,outputs/nips2017/nips2017_selected_20260714_195944/swin/ablation_and_no_verifier/sample_0334/images/final_selected.png
swin,335,56dbd7d814ef5c58,253,276,253,213,True,True,True,True,True,ok,data/nips2017/images/56dbd7d814ef5c58.png,outputs/nips2017/nips2017_selected_20260714_195944/swin/ablation_and_no_verifier/sample_0335/images/final_selected.png
swin,336,56e9d5f63cfc507e,440,623,440,838,True,True,True,True,True,ok,data/nips2017/images/56e9d5f63cfc507e.png,outputs/nips2017/nips2017_selected_20260714_195944/swin/ablation_and_no_verifier/sample_0336/images/final_selected.png
swin,337,57e62606f02d0251,547,645,547,705,True,True,True,True,True,ok,data/nips2017/images/57e62606f02d0251.png,outputs/nips2017/nips2017_selected_20260714_195944/swin/ablation_and_no_verifier/sample_0337/images/final_selected.png
swin,338,58bbaa0c5ab520d5,487,715,487,781,True,True,True,True,True,ok,data/nips2017/images/58bbaa0c5ab520d5.png,outputs/nips2017/nips2017_selected_20260714_195944/swin/ablation_and_no_verifier/sample_0338/images/final_selected.png
swin,339,58f0fd17c4a0e25a,990,99,990,74,True,True,True,True,True,ok,data/nips2017/images/58f0fd17c4a0e25a.png,outputs/nips2017/nips2017_selected_20260714_195944/swin/ablation_and_no_verifier/sample_0339/images/final_selected.png
swin,340,059da9a174262427,253,629,253,166,True,True,True,True,True,ok,data/nips2017/images/059da9a174262427.png,outputs/nips2017/nips2017_selected_20260714_195944/swin/ablation_and_no_verifier/sample_0340/images/final_selected.png
swin,341,59e9bdbb7a3fc4ba,517,406,517,624,True,True,True,True,True,ok,data/nips2017/images/59e9bdbb7a3fc4ba.png,outputs/nips2017/nips2017_selected_20260714_195944/swin/ablation_and_no_verifier/sample_0341/images/final_selected.png
swin,342,60ab0fb53634bc3c,765,551,765,820,True,True,True,True,True,ok,data/nips2017/images/60ab0fb53634bc3c.png,outputs/nips2017/nips2017_selected_20260714_195944/swin/ablation_and_no_verifier/sample_0342/images/final_selected.png
swin,343,060dfe239abfd547,703,395,703,974,True,True,True,True,True,ok,data/nips2017/images/060dfe239abfd547.png,outputs/nips2017/nips2017_selected_20260714_195944/swin/ablation_and_no_verifier/sample_0343/images/final_selected.png
swin,344,60ed157b21d49c4c,754,959,754,507,True,True,True,True,True,ok,data/nips2017/images/60ed157b21d49c4c.png,outputs/nips2017/nips2017_selected_20260714_195944/swin/ablation_and_no_verifier/sample_0344/images/final_selected.png
swin,345,60f5900a00d94b25,705,557,705,974,True,True,True,True,True,ok,data/nips2017/images/60f5900a00d94b25.png,outputs/nips2017/nips2017_selected_20260714_195944/swin/ablation_and_no_verifier/sample_0345/images/final_selected.png
swin,346,61ed2594a0524631,471,995,471,479,True,True,True,True,True,ok,data/nips2017/images/61ed2594a0524631.png,outputs/nips2017/nips2017_selected_20260714_195944/swin/ablation_and_no_verifier/sample_0346/images/final_selected.png
swin,347,62c7958e7cd80cca,401,756,401,461,True,True,True,True,True,ok,data/nips2017/images/62c7958e7cd80cca.png,outputs/nips2017/nips2017_selected_20260714_195944/swin/ablation_and_no_verifier/sample_0347/images/final_selected.png
swin,348,62e0e0efc6deeef4,970,771,970,980,True,True,True,True,True,ok,data/nips2017/images/62e0e0efc6deeef4.png,outputs/nips2017/nips2017_selected_20260714_195944/swin/ablation_and_no_verifier/sample_0348/images/final_selected.png
swin,349,62ebd5f7ce015380,630,691,630,974,True,True,True,True,True,ok,data/nips2017/images/62ebd5f7ce015380.png,outputs/nips2017/nips2017_selected_20260714_195944/swin/ablation_and_no_verifier/sample_0349/images/final_selected.png
swin,350,63f2e14ab6be82cf,667,693,667,400,True,True,True,True,True,ok,data/nips2017/images/63f2e14ab6be82cf.png,outputs/nips2017/nips2017_selected_20260714_195944/swin/ablation_and_no_verifier/sample_0350/images/final_selected.png
swin,351,064e1cc405062c85,107,134,107,696,True,True,True,True,True,ok,data/nips2017/images/064e1cc405062c85.png,outputs/nips2017/nips2017_selected_20260714_195944/swin/ablation_and_no_verifier/sample_0351/images/final_selected.png
swin,352,64ed3f0e8a2dc320,652,409,652,715,True,True,True,True,True,ok,data/nips2017/images/64ed3f0e8a2dc320.png,outputs/nips2017/nips2017_selected_20260714_195944/swin/ablation_and_no_verifier/sample_0352/images/final_selected.png
swin,353,65b8c8b065069802,665,378,665,535,True,True,True,True,True,ok,data/nips2017/images/65b8c8b065069802.png,outputs/nips2017/nips2017_selected_20260714_195944/swin/ablation_and_no_verifier/sample_0353/images/final_selected.png
swin,354,65c1808390bd18c5,685,586,685,759,True,True,True,True,True,ok,data/nips2017/images/65c1808390bd18c5.png,outputs/nips2017/nips2017_selected_20260714_195944/swin/ablation_and_no_verifier/sample_0354/images/final_selected.png
swin,355,66aa56675136bbab,469,606,469,974,True,True,True,True,True,ok,data/nips2017/images/66aa56675136bbab.png,outputs/nips2017/nips2017_selected_20260714_195944/swin/ablation_and_no_verifier/sample_0355/images/final_selected.png
swin,356,67a08d685abf7fb6,738,709,738,418,True,True,True,True,True,ok,data/nips2017/images/67a08d685abf7fb6.png,outputs/nips2017/nips2017_selected_20260714_195944/swin/ablation_and_no_verifier/sample_0356/images/final_selected.png
swin,357,67a52d9155241752,829,419,829,829,True,False,False,False,True,ok,data/nips2017/images/67a52d9155241752.png,outputs/nips2017/nips2017_selected_20260714_195944/swin/ablation_and_no_verifier/sample_0357/images/final_selected.png
swin,358,67c0339b1dfda5f6,557,495,557,147,True,True,True,True,True,ok,data/nips2017/images/67c0339b1dfda5f6.png,outputs/nips2017/nips2017_selected_20260714_195944/swin/ablation_and_no_verifier/sample_0358/images/final_selected.png
swin,359,67dd47336dc89421,817,948,817,751,True,True,True,True,True,ok,data/nips2017/images/67dd47336dc89421.png,outputs/nips2017/nips2017_selected_20260714_195944/swin/ablation_and_no_verifier/sample_0359/images/final_selected.png
swin,360,068c5d66662a837a,963,772,941,930,False,True,False,False,True,ok,data/nips2017/images/068c5d66662a837a.png,outputs/nips2017/nips2017_selected_20260714_195944/swin/ablation_and_no_verifier/sample_0360/images/final_selected.png
swin,361,69a3493d13953e1f,519,406,519,974,True,True,True,True,True,ok,data/nips2017/images/69a3493d13953e1f.png,outputs/nips2017/nips2017_selected_20260714_195944/swin/ablation_and_no_verifier/sample_0361/images/final_selected.png
swin,362,69a39406cb1d2ce5,475,45,475,475,True,False,False,False,True,ok,data/nips2017/images/69a39406cb1d2ce5.png,outputs/nips2017/nips2017_selected_20260714_195944/swin/ablation_and_no_verifier/sample_0362/images/final_selected.png
swin,363,70a2529a6b2c0d46,579,549,579,913,True,True,True,True,True,ok,data/nips2017/images/70a2529a6b2c0d46.png,outputs/nips2017/nips2017_selected_20260714_195944/swin/ablation_and_no_verifier/sample_0363/images/final_selected.png
swin,364,70b3b833463d20b9,863,856,863,649,True,True,True,True,True,ok,data/nips2017/images/70b3b833463d20b9.png,outputs/nips2017/nips2017_selected_20260714_195944/swin/ablation_and_no_verifier/sample_0364/images/final_selected.png
swin,365,70b9b8ae11327472,10,982,10,95,True,True,True,True,True,ok,data/nips2017/images/70b9b8ae11327472.png,outputs/nips2017/nips2017_selected_20260714_195944/swin/ablation_and_no_verifier/sample_0365/images/final_selected.png
swin,366,70d812d368e3e828,455,201,455,868,True,True,True,True,True,ok,data/nips2017/images/70d812d368e3e828.png,outputs/nips2017/nips2017_selected_20260714_195944/swin/ablation_and_no_verifier/sample_0366/images/final_selected.png
swin,367,70db5a1689f89129,433,471,433,433,True,False,False,False,True,ok,data/nips2017/images/70db5a1689f89129.png,outputs/nips2017/nips2017_selected_20260714_195944/swin/ablation_and_no_verifier/sample_0367/images/final_selected.png
swin,368,71d368782c72e313,912,486,912,410,True,True,True,True,True,ok,data/nips2017/images/71d368782c72e313.png,outputs/nips2017/nips2017_selected_20260714_195944/swin/ablation_and_no_verifier/sample_0368/images/final_selected.png
swin,369,72ac2a5af79e26d5,717,861,717,436,True,True,True,True,True,ok,data/nips2017/images/72ac2a5af79e26d5.png,outputs/nips2017/nips2017_selected_20260714_195944/swin/ablation_and_no_verifier/sample_0369/images/final_selected.png
swin,370,72d85232abd98067,470,598,470,974,True,True,True,True,True,ok,data/nips2017/images/72d85232abd98067.png,outputs/nips2017/nips2017_selected_20260714_195944/swin/ablation_and_no_verifier/sample_0370/images/final_selected.png
swin,371,72e6ba0cc7fb30a6,874,833,874,654,True,True,True,True,True,ok,data/nips2017/images/72e6ba0cc7fb30a6.png,outputs/nips2017/nips2017_selected_20260714_195944/swin/ablation_and_no_verifier/sample_0371/images/final_selected.png
swin,372,72f96c6dc5df2de8,884,783,884,663,True,True,True,True,True,ok,data/nips2017/images/72f96c6dc5df2de8.png,outputs/nips2017/nips2017_selected_20260714_195944/swin/ablation_and_no_verifier/sample_0372/images/final_selected.png
swin,373,73a52afd2f818ed5,438,695,438,968,True,True,True,True,True,ok,data/nips2017/images/73a52afd2f818ed5.png,outputs/nips2017/nips2017_selected_20260714_195944/swin/ablation_and_no_verifier/sample_0373/images/final_selected.png
swin,374,73ee2cc19ef92e50,981,685,830,975,False,True,False,False,True,ok,data/nips2017/images/73ee2cc19ef92e50.png,outputs/nips2017/nips2017_selected_20260714_195944/swin/ablation_and_no_verifier/sample_0374/images/final_selected.png
swin,375,74b2e35cda75fe27,628,465,628,913,True,True,True,True,True,ok,data/nips2017/images/74b2e35cda75fe27.png,outputs/nips2017/nips2017_selected_20260714_195944/swin/ablation_and_no_verifier/sample_0375/images/final_selected.png
swin,376,74b13710bcf4f7f3,774,917,774,538,True,True,True,True,True,ok,data/nips2017/images/74b13710bcf4f7f3.png,outputs/nips2017/nips2017_selected_20260714_195944/swin/ablation_and_no_verifier/sample_0376/images/final_selected.png
swin,377,74bfc95412b2f824,671,654,671,600,True,True,True,True,True,ok,data/nips2017/images/74bfc95412b2f824.png,outputs/nips2017/nips2017_selected_20260714_195944/swin/ablation_and_no_verifier/sample_0377/images/final_selected.png
swin,378,74dbbe535861d709,701,193,701,843,True,True,True,True,True,ok,data/nips2017/images/74dbbe535861d709.png,outputs/nips2017/nips2017_selected_20260714_195944/swin/ablation_and_no_verifier/sample_0378/images/final_selected.png
swin,379,76a5715019fe11c7,820,767,820,974,True,True,True,True,True,ok,data/nips2017/images/76a5715019fe11c7.png,outputs/nips2017/nips2017_selected_20260714_195944/swin/ablation_and_no_verifier/sample_0379/images/final_selected.png
swin,380,76d7e2d1bf3a31fe,311,731,311,991,True,True,True,True,True,ok,data/nips2017/images/76d7e2d1bf3a31fe.png,outputs/nips2017/nips2017_selected_20260714_195944/swin/ablation_and_no_verifier/sample_0380/images/final_selected.png
swin,381,76db169867bf2e9d,963,907,959,959,False,True,False,False,True,ok,data/nips2017/images/76db169867bf2e9d.png,outputs/nips2017/nips2017_selected_20260714_195944/swin/ablation_and_no_verifier/sample_0381/images/final_selected.png
swin,382,77ac8bf95825dfcc,634,727,634,990,True,True,True,True,True,ok,data/nips2017/images/77ac8bf95825dfcc.png,outputs/nips2017/nips2017_selected_20260714_195944/swin/ablation_and_no_verifier/sample_0382/images/final_selected.png
swin,383,77c72d0a01e1af70,427,835,427,427,True,False,False,False,True,ok,data/nips2017/images/77c72d0a01e1af70.png,outputs/nips2017/nips2017_selected_20260714_195944/swin/ablation_and_no_verifier/sample_0383/images/final_selected.png
swin,384,79a5625805a08253,765,804,765,559,True,True,True,True,True,ok,data/nips2017/images/79a5625805a08253.png,outputs/nips2017/nips2017_selected_20260714_195944/swin/ablation_and_no_verifier/sample_0384/images/final_selected.png
swin,385,79f953be91aa8ce2,659,587,659,828,True,True,True,True,True,ok,data/nips2017/images/79f953be91aa8ce2.png,outputs/nips2017/nips2017_selected_20260714_195944/swin/ablation_and_no_verifier/sample_0385/images/final_selected.png
swin,386,79fa9855119ffeea,478,505,478,519,True,True,True,True,True,ok,data/nips2017/images/79fa9855119ffeea.png,outputs/nips2017/nips2017_selected_20260714_195944/swin/ablation_and_no_verifier/sample_0386/images/final_selected.png
swin,387,080bec22a6b1d37d,759,817,759,974,True,True,True,True,True,ok,data/nips2017/images/080bec22a6b1d37d.png,outputs/nips2017/nips2017_selected_20260714_195944/swin/ablation_and_no_verifier/sample_0387/images/final_selected.png
swin,388,81a7637c67f4f777,489,835,489,912,True,True,True,True,True,ok,data/nips2017/images/81a7637c67f4f777.png,outputs/nips2017/nips2017_selected_20260714_195944/swin/ablation_and_no_verifier/sample_0388/images/final_selected.png
swin,389,81ddbe14219e9dcf,317,671,317,580,True,True,True,True,True,ok,data/nips2017/images/81ddbe14219e9dcf.png,outputs/nips2017/nips2017_selected_20260714_195944/swin/ablation_and_no_verifier/sample_0389/images/final_selected.png
swin,390,82b6f0bc71f5d0af,562,577,562,646,True,True,True,True,True,ok,data/nips2017/images/82b6f0bc71f5d0af.png,outputs/nips2017/nips2017_selected_20260714_195944/swin/ablation_and_no_verifier/sample_0390/images/final_selected.png
swin,391,82e2334925339ef8,817,768,817,751,True,True,True,True,True,ok,data/nips2017/images/82e2334925339ef8.png,outputs/nips2017/nips2017_selected_20260714_195944/swin/ablation_and_no_verifier/sample_0391/images/final_selected.png
swin,392,83d35591dfff99ac,580,856,580,318,True,True,True,True,True,ok,data/nips2017/images/83d35591dfff99ac.png,outputs/nips2017/nips2017_selected_20260714_195944/swin/ablation_and_no_verifier/sample_0392/images/final_selected.png
swin,393,84a5f6ee2af29208,320,512,320,319,True,True,True,True,True,ok,data/nips2017/images/84a5f6ee2af29208.png,outputs/nips2017/nips2017_selected_20260714_195944/swin/ablation_and_no_verifier/sample_0393/images/final_selected.png
swin,394,84af93c72781b7f0,437,781,437,488,True,True,True,True,True,ok,data/nips2017/images/84af93c72781b7f0.png,outputs/nips2017/nips2017_selected_20260714_195944/swin/ablation_and_no_verifier/sample_0394/images/final_selected.png
swin,395,85e2eea48d912d31,805,135,805,240,True,True,True,True,True,ok,data/nips2017/images/85e2eea48d912d31.png,outputs/nips2017/nips2017_selected_20260714_195944/swin/ablation_and_no_verifier/sample_0395/images/final_selected.png
swin,396,87a2147620d5e1cb,779,289,779,874,True,True,True,True,True,ok,data/nips2017/images/87a2147620d5e1cb.png,outputs/nips2017/nips2017_selected_20260714_195944/swin/ablation_and_no_verifier/sample_0396/images/final_selected.png
swin,397,87fcc5f70673d3d2,698,158,698,974,True,True,True,True,True,ok,data/nips2017/images/87fcc5f70673d3d2.png,outputs/nips2017/nips2017_selected_20260714_195944/swin/ablation_and_no_verifier/sample_0397/images/final_selected.png
swin,398,89d60f53d478c4f7,667,434,667,400,True,True,True,True,True,ok,data/nips2017/images/89d60f53d478c4f7.png,outputs/nips2017/nips2017_selected_20260714_195944/swin/ablation_and_no_verifier/sample_0398/images/final_selected.png
swin,399,89d8361c6bfe905c,603,50,603,603,True,False,False,False,True,ok,data/nips2017/images/89d8361c6bfe905c.png,outputs/nips2017/nips2017_selected_20260714_195944/swin/ablation_and_no_verifier/sample_0399/images/final_selected.png
swin,400,89f48bcf97aa6600,417,69,417,970,True,True,True,True,True,ok,data/nips2017/images/89f48bcf97aa6600.png,outputs/nips2017/nips2017_selected_20260714_195944/swin/ablation_and_no_verifier/sample_0400/images/final_selected.png
swin,401,90ab38bb74020d5a,646,140,646,698,True,True,True,True,True,ok,data/nips2017/images/90ab38bb74020d5a.png,outputs/nips2017/nips2017_selected_20260714_195944/swin/ablation_and_no_verifier/sample_0401/images/final_selected.png
swin,402,90dfd75887f3e67b,985,44,985,818,True,True,True,True,True,ok,data/nips2017/images/90dfd75887f3e67b.png,outputs/nips2017/nips2017_selected_20260714_195944/swin/ablation_and_no_verifier/sample_0402/images/final_selected.png
swin,403,90e1aa56cae80a60,917,416,917,868,True,True,True,True,True,ok,data/nips2017/images/90e1aa56cae80a60.png,outputs/nips2017/nips2017_selected_20260714_195944/swin/ablation_and_no_verifier/sample_0403/images/final_selected.png
swin,404,90e9a43bfb6a68b7,866,475,866,974,True,True,True,True,True,ok,data/nips2017/images/90e9a43bfb6a68b7.png,outputs/nips2017/nips2017_selected_20260714_195944/swin/ablation_and_no_verifier/sample_0404/images/final_selected.png
swin,405,90e11aa7c36c64f2,949,0,949,700,True,True,True,True,True,ok,data/nips2017/images/90e11aa7c36c64f2.png,outputs/nips2017/nips2017_selected_20260714_195944/swin/ablation_and_no_verifier/sample_0405/images/final_selected.png
swin,406,90f5385a77a49f77,703,904,703,974,True,True,True,True,True,ok,data/nips2017/images/90f5385a77a49f77.png,outputs/nips2017/nips2017_selected_20260714_195944/swin/ablation_and_no_verifier/sample_0406/images/final_selected.png
swin,407,91d18b353d5b3be2,930,25,930,599,True,True,True,True,True,ok,data/nips2017/images/91d18b353d5b3be2.png,outputs/nips2017/nips2017_selected_20260714_195944/swin/ablation_and_no_verifier/sample_0407/images/final_selected.png
swin,408,92c3f5e99d8ac862,663,361,663,698,True,True,True,True,True,ok,data/nips2017/images/92c3f5e99d8ac862.png,outputs/nips2017/nips2017_selected_20260714_195944/swin/ablation_and_no_verifier/sample_0408/images/final_selected.png
swin,409,92c73d668e2cd3ce,858,581,858,538,True,True,True,True,True,ok,data/nips2017/images/92c73d668e2cd3ce.png,outputs/nips2017/nips2017_selected_20260714_195944/swin/ablation_and_no_verifier/sample_0409/images/final_selected.png
swin,410,92dbb18dd447fd75,489,193,489,498,True,True,True,True,True,ok,data/nips2017/images/92dbb18dd447fd75.png,outputs/nips2017/nips2017_selected_20260714_195944/swin/ablation_and_no_verifier/sample_0410/images/final_selected.png
swin,411,93a0857ff81c25ce,547,958,547,547,True,False,False,False,True,ok,data/nips2017/images/93a0857ff81c25ce.png,outputs/nips2017/nips2017_selected_20260714_195944/swin/ablation_and_no_verifier/sample_0411/images/final_selected.png
swin,412,95d1a6be6786190f,890,982,890,615,True,True,True,True,True,ok,data/nips2017/images/95d1a6be6786190f.png,outputs/nips2017/nips2017_selected_20260714_195944/swin/ablation_and_no_verifier/sample_0412/images/final_selected.png
swin,413,95d6a4087f394d8b,749,540,749,395,True,True,True,True,True,ok,data/nips2017/images/95d6a4087f394d8b.png,outputs/nips2017/nips2017_selected_20260714_195944/swin/ablation_and_no_verifier/sample_0413/images/final_selected.png
swin,414,95fbd20d0aaf319a,825,299,825,649,True,True,True,True,True,ok,data/nips2017/images/95fbd20d0aaf319a.png,outputs/nips2017/nips2017_selected_20260714_195944/swin/ablation_and_no_verifier/sample_0414/images/final_selected.png
swin,415,96e77c20bf94ecb1,817,517,817,436,True,True,True,True,True,ok,data/nips2017/images/96e77c20bf94ecb1.png,outputs/nips2017/nips2017_selected_20260714_195944/swin/ablation_and_no_verifier/sample_0415/images/final_selected.png
swin,416,96fcb76927274db6,471,315,471,471,True,False,False,False,True,ok,data/nips2017/images/96fcb76927274db6.png,outputs/nips2017/nips2017_selected_20260714_195944/swin/ablation_and_no_verifier/sample_0416/images/final_selected.png
swin,417,99f175132cd1c6e2,933,458,931,729,False,True,False,False,True,ok,data/nips2017/images/99f175132cd1c6e2.png,outputs/nips2017/nips2017_selected_20260714_195944/swin/ablation_and_no_verifier/sample_0417/images/final_selected.png
swin,418,114c98c078c5aab0,49,107,49,50,True,True,True,True,True,ok,data/nips2017/images/114c98c078c5aab0.png,outputs/nips2017/nips2017_selected_20260714_195944/swin/ablation_and_no_verifier/sample_0418/images/final_selected.png
swin,419,121c87c3c822e2c5,458,385,458,908,True,True,True,True,True,ok,data/nips2017/images/121c87c3c822e2c5.png,outputs/nips2017/nips2017_selected_20260714_195944/swin/ablation_and_no_verifier/sample_0419/images/final_selected.png
swin,420,128fca690a11f68c,97,784,97,139,True,True,True,True,True,ok,data/nips2017/images/128fca690a11f68c.png,outputs/nips2017/nips2017_selected_20260714_195944/swin/ablation_and_no_verifier/sample_0420/images/final_selected.png
swin,421,0134ba03294509a1,981,354,981,862,True,True,True,True,True,ok,data/nips2017/images/0134ba03294509a1.png,outputs/nips2017/nips2017_selected_20260714_195944/swin/ablation_and_no_verifier/sample_0421/images/final_selected.png
swin,422,134bfd93a04b88b2,580,961,580,978,True,True,True,True,True,ok,data/nips2017/images/134bfd93a04b88b2.png,outputs/nips2017/nips2017_selected_20260714_195944/swin/ablation_and_no_verifier/sample_0422/images/final_selected.png
swin,423,137ab6ca314e9e35,619,555,619,624,True,True,True,True,True,ok,data/nips2017/images/137ab6ca314e9e35.png,outputs/nips2017/nips2017_selected_20260714_195944/swin/ablation_and_no_verifier/sample_0423/images/final_selected.png
swin,424,143c74a57326fd40,421,422,421,974,True,True,True,True,True,ok,data/nips2017/images/143c74a57326fd40.png,outputs/nips2017/nips2017_selected_20260714_195944/swin/ablation_and_no_verifier/sample_0424/images/final_selected.png
swin,425,172f992e1a0ebbc3,565,491,565,829,True,True,True,True,True,ok,data/nips2017/images/172f992e1a0ebbc3.png,outputs/nips2017/nips2017_selected_20260714_195944/swin/ablation_and_no_verifier/sample_0425/images/final_selected.png
swin,426,184a160b32ff4c72,517,716,517,554,True,True,True,True,True,ok,data/nips2017/images/184a160b32ff4c72.png,outputs/nips2017/nips2017_selected_20260714_195944/swin/ablation_and_no_verifier/sample_0426/images/final_selected.png
swin,427,207fd3b5def218d1,990,278,990,980,True,True,True,True,True,ok,data/nips2017/images/207fd3b5def218d1.png,outputs/nips2017/nips2017_selected_20260714_195944/swin/ablation_and_no_verifier/sample_0427/images/final_selected.png
swin,428,0212aa8aa912ee45,326,415,326,989,True,True,True,True,True,ok,data/nips2017/images/0212aa8aa912ee45.png,outputs/nips2017/nips2017_selected_20260714_195944/swin/ablation_and_no_verifier/sample_0428/images/final_selected.png
swin,429,218e02b6cfa0466e,698,216,698,480,True,True,True,True,True,ok,data/nips2017/images/218e02b6cfa0466e.png,outputs/nips2017/nips2017_selected_20260714_195944/swin/ablation_and_no_verifier/sample_0429/images/final_selected.png
swin,430,225e06c2dfa68a62,881,944,881,634,True,True,True,True,True,ok,data/nips2017/images/225e06c2dfa68a62.png,outputs/nips2017/nips2017_selected_20260714_195944/swin/ablation_and_no_verifier/sample_0430/images/final_selected.png
swin,431,228fec6cab5f560d,973,930,973,109,True,True,True,True,True,ok,data/nips2017/images/228fec6cab5f560d.png,outputs/nips2017/nips2017_selected_20260714_195944/swin/ablation_and_no_verifier/sample_0431/images/final_selected.png
swin,432,229fbe790098d2e5,480,575,480,526,True,True,True,True,True,ok,data/nips2017/images/229fbe790098d2e5.png,outputs/nips2017/nips2017_selected_20260714_195944/swin/ablation_and_no_verifier/sample_0432/images/final_selected.png
swin,433,232c22314e21f764,114,903,114,329,True,True,True,True,True,ok,data/nips2017/images/232c22314e21f764.png,outputs/nips2017/nips2017_selected_20260714_195944/swin/ablation_and_no_verifier/sample_0433/images/final_selected.png
swin,434,263c7bcd59502625,479,650,479,581,True,True,True,True,True,ok,data/nips2017/images/263c7bcd59502625.png,outputs/nips2017/nips2017_selected_20260714_195944/swin/ablation_and_no_verifier/sample_0434/images/final_selected.png
swin,435,00312c7e7196baf4,326,219,326,322,True,True,True,True,True,ok,data/nips2017/images/00312c7e7196baf4.png,outputs/nips2017/nips2017_selected_20260714_195944/swin/ablation_and_no_verifier/sample_0435/images/final_selected.png
swin,436,313ff0037b86260a,497,609,497,497,True,False,False,False,True,ok,data/nips2017/images/313ff0037b86260a.png,outputs/nips2017/nips2017_selected_20260714_195944/swin/ablation_and_no_verifier/sample_0436/images/final_selected.png
swin,437,315e55af9615abd2,346,105,346,730,True,True,True,True,True,ok,data/nips2017/images/315e55af9615abd2.png,outputs/nips2017/nips2017_selected_20260714_195944/swin/ablation_and_no_verifier/sample_0437/images/final_selected.png
swin,438,319e8b63d6a194aa,825,528,825,996,True,True,True,True,True,ok,data/nips2017/images/319e8b63d6a194aa.png,outputs/nips2017/nips2017_selected_20260714_195944/swin/ablation_and_no_verifier/sample_0438/images/final_selected.png
swin,439,328d99215b19c8c7,805,925,805,450,True,True,True,True,True,ok,data/nips2017/images/328d99215b19c8c7.png,outputs/nips2017/nips2017_selected_20260714_195944/swin/ablation_and_no_verifier/sample_0439/images/final_selected.png
swin,440,330b9cb3cd80c88b,533,430,533,911,True,True,True,True,True,ok,data/nips2017/images/330b9cb3cd80c88b.png,outputs/nips2017/nips2017_selected_20260714_195944/swin/ablation_and_no_verifier/sample_0440/images/final_selected.png
swin,441,335e604bbe3eec78,311,686,311,428,True,True,True,True,True,ok,data/nips2017/images/335e604bbe3eec78.png,outputs/nips2017/nips2017_selected_20260714_195944/swin/ablation_and_no_verifier/sample_0441/images/final_selected.png
swin,442,346c5575b60194c3,948,624,948,950,True,True,True,True,True,ok,data/nips2017/images/346c5575b60194c3.png,outputs/nips2017/nips2017_selected_20260714_195944/swin/ablation_and_no_verifier/sample_0442/images/final_selected.png
swin,443,348ac56def3ccd35,915,532,915,853,True,True,True,True,True,ok,data/nips2017/images/348ac56def3ccd35.png,outputs/nips2017/nips2017_selected_20260714_195944/swin/ablation_and_no_verifier/sample_0443/images/final_selected.png
swin,444,362e4ac62cf888f4,572,35,572,828,True,True,True,True,True,ok,data/nips2017/images/362e4ac62cf888f4.png,outputs/nips2017/nips2017_selected_20260714_195944/swin/ablation_and_no_verifier/sample_0444/images/final_selected.png
swin,445,393d40f3a6a79400,327,845,327,112,True,True,True,True,True,ok,data/nips2017/images/393d40f3a6a79400.png,outputs/nips2017/nips2017_selected_20260714_195944/swin/ablation_and_no_verifier/sample_0445/images/final_selected.png
swin,446,405dd60729a8c18d,847,495,847,562,True,True,True,True,True,ok,data/nips2017/images/405dd60729a8c18d.png,outputs/nips2017/nips2017_selected_20260714_195944/swin/ablation_and_no_verifier/sample_0446/images/final_selected.png
swin,447,408bae58c26a8076,132,760,132,144,True,True,True,True,True,ok,data/nips2017/images/408bae58c26a8076.png,outputs/nips2017/nips2017_selected_20260714_195944/swin/ablation_and_no_verifier/sample_0447/images/final_selected.png
swin,448,411c5d79017077f4,81,676,81,80,True,True,True,True,True,ok,data/nips2017/images/411c5d79017077f4.png,outputs/nips2017/nips2017_selected_20260714_195944/swin/ablation_and_no_verifier/sample_0448/images/final_selected.png
swin,449,0411ca972e637297,967,696,967,968,True,True,True,True,True,ok,data/nips2017/images/0411ca972e637297.png,outputs/nips2017/nips2017_selected_20260714_195944/swin/ablation_and_no_verifier/sample_0449/images/final_selected.png
swin,450,422d08407aeed1be,113,43,113,113,True,False,False,False,True,ok,data/nips2017/images/422d08407aeed1be.png,outputs/nips2017/nips2017_selected_20260714_195944/swin/ablation_and_no_verifier/sample_0450/images/final_selected.png
swin,451,446b24f903b488fc,143,838,143,119,True,True,True,True,True,ok,data/nips2017/images/446b24f903b488fc.png,outputs/nips2017/nips2017_selected_20260714_195944/swin/ablation_and_no_verifier/sample_0451/images/final_selected.png
swin,452,446f75fdea0e1da0,921,200,921,692,True,True,True,True,True,ok,data/nips2017/images/446f75fdea0e1da0.png,outputs/nips2017/nips2017_selected_20260714_195944/swin/ablation_and_no_verifier/sample_0452/images/final_selected.png
swin,453,448a738f6dcba07e,562,415,562,554,True,True,True,True,True,ok,data/nips2017/images/448a738f6dcba07e.png,outputs/nips2017/nips2017_selected_20260714_195944/swin/ablation_and_no_verifier/sample_0453/images/final_selected.png
swin,454,477bf90e7413df23,541,835,541,524,True,True,True,True,True,ok,data/nips2017/images/477bf90e7413df23.png,outputs/nips2017/nips2017_selected_20260714_195944/swin/ablation_and_no_verifier/sample_0454/images/final_selected.png
swin,455,490df9e021386d29,404,350,404,565,True,True,True,True,True,ok,data/nips2017/images/490df9e021386d29.png,outputs/nips2017/nips2017_selected_20260714_195944/swin/ablation_and_no_verifier/sample_0455/images/final_selected.png
swin,456,493e327b171ab0c3,830,855,830,422,True,True,True,True,True,ok,data/nips2017/images/493e327b171ab0c3.png,outputs/nips2017/nips2017_selected_20260714_195944/swin/ablation_and_no_verifier/sample_0456/images/final_selected.png
swin,457,506b87b78daa499c,820,243,820,847,True,True,True,True,True,ok,data/nips2017/images/506b87b78daa499c.png,outputs/nips2017/nips2017_selected_20260714_195944/swin/ablation_and_no_verifier/sample_0457/images/final_selected.png
swin,458,510e5062fef4a993,630,292,630,884,True,True,True,True,True,ok,data/nips2017/images/510e5062fef4a993.png,outputs/nips2017/nips2017_selected_20260714_195944/swin/ablation_and_no_verifier/sample_0458/images/final_selected.png
swin,459,513b3032ed1f388c,113,541,113,974,True,True,True,True,True,ok,data/nips2017/images/513b3032ed1f388c.png,outputs/nips2017/nips2017_selected_20260714_195944/swin/ablation_and_no_verifier/sample_0459/images/final_selected.png
swin,460,515c6586db87bbd8,873,217,698,698,False,True,False,False,True,ok,data/nips2017/images/515c6586db87bbd8.png,outputs/nips2017/nips2017_selected_20260714_195944/swin/ablation_and_no_verifier/sample_0460/images/final_selected.png
swin,461,517dc655edeaf344,429,919,429,429,True,False,False,False,True,ok,data/nips2017/images/517dc655edeaf344.png,outputs/nips2017/nips2017_selected_20260714_195944/swin/ablation_and_no_verifier/sample_0461/images/final_selected.png
swin,462,526f322d78bd5b44,570,287,643,643,False,True,False,False,True,ok,data/nips2017/images/526f322d78bd5b44.png,outputs/nips2017/nips2017_selected_20260714_195944/swin/ablation_and_no_verifier/sample_0462/images/final_selected.png
swin,463,542c07e8bf8e283c,144,705,144,99,True,True,True,True,True,ok,data/nips2017/images/542c07e8bf8e283c.png,outputs/nips2017/nips2017_selected_20260714_195944/swin/ablation_and_no_verifier/sample_0463/images/final_selected.png
swin,464,0546b47c13f154d3,107,317,107,885,True,True,True,True,True,ok,data/nips2017/images/0546b47c13f154d3.png,outputs/nips2017/nips2017_selected_20260714_195944/swin/ablation_and_no_verifier/sample_0464/images/final_selected.png
swin,465,556d8b457b94c285,746,377,746,795,True,True,True,True,True,ok,data/nips2017/images/556d8b457b94c285.png,outputs/nips2017/nips2017_selected_20260714_195944/swin/ablation_and_no_verifier/sample_0465/images/final_selected.png
swin,466,558a7b66b78ba65b,421,667,421,884,True,True,True,True,True,ok,data/nips2017/images/558a7b66b78ba65b.png,outputs/nips2017/nips2017_selected_20260714_195944/swin/ablation_and_no_verifier/sample_0466/images/final_selected.png
swin,467,564de663adeb8cd5,557,132,557,428,True,True,True,True,True,ok,data/nips2017/images/564de663adeb8cd5.png,outputs/nips2017/nips2017_selected_20260714_195944/swin/ablation_and_no_verifier/sample_0467/images/final_selected.png
swin,468,565c67fd230f18cc,554,853,718,718,False,True,False,False,True,ok,data/nips2017/images/565c67fd230f18cc.png,outputs/nips2017/nips2017_selected_20260714_195944/swin/ablation_and_no_verifier/sample_0468/images/final_selected.png
swin,469,588bd41c9aa5a81b,533,153,533,721,True,True,True,True,True,ok,data/nips2017/images/588bd41c9aa5a81b.png,outputs/nips2017/nips2017_selected_20260714_195944/swin/ablation_and_no_verifier/sample_0469/images/final_selected.png
swin,470,592c7424f13b2d29,603,516,603,603,True,False,False,False,True,ok,data/nips2017/images/592c7424f13b2d29.png,outputs/nips2017/nips2017_selected_20260714_195944/swin/ablation_and_no_verifier/sample_0470/images/final_selected.png
swin,471,602f2c3749d6021e,746,105,746,332,True,True,True,True,True,ok,data/nips2017/images/602f2c3749d6021e.png,outputs/nips2017/nips2017_selected_20260714_195944/swin/ablation_and_no_verifier/sample_0471/images/final_selected.png
swin,472,604b54a3b7424d9b,938,429,938,706,True,True,True,True,True,ok,data/nips2017/images/604b54a3b7424d9b.png,outputs/nips2017/nips2017_selected_20260714_195944/swin/ablation_and_no_verifier/sample_0472/images/final_selected.png
swin,473,611f453c4bb616b9,309,64,309,307,True,True,True,True,True,ok,data/nips2017/images/611f453c4bb616b9.png,outputs/nips2017/nips2017_selected_20260714_195944/swin/ablation_and_no_verifier/sample_0473/images/final_selected.png
swin,474,619a9d0eb2acdd82,884,842,884,818,True,True,True,True,True,ok,data/nips2017/images/619a9d0eb2acdd82.png,outputs/nips2017/nips2017_selected_20260714_195944/swin/ablation_and_no_verifier/sample_0474/images/final_selected.png
swin,475,631b6820e91a9e3e,12,302,12,12,True,False,False,False,True,ok,data/nips2017/images/631b6820e91a9e3e.png,outputs/nips2017/nips2017_selected_20260714_195944/swin/ablation_and_no_verifier/sample_0475/images/final_selected.png
swin,476,634d7f18d098cccb,538,765,538,884,True,True,True,True,True,ok,data/nips2017/images/634d7f18d098cccb.png,outputs/nips2017/nips2017_selected_20260714_195944/swin/ablation_and_no_verifier/sample_0476/images/final_selected.png
swin,477,635ea505879178ed,538,922,538,538,True,False,False,False,True,ok,data/nips2017/images/635ea505879178ed.png,outputs/nips2017/nips2017_selected_20260714_195944/swin/ablation_and_no_verifier/sample_0477/images/final_selected.png
swin,478,641d03527848417f,340,449,340,340,True,False,False,False,True,ok,data/nips2017/images/641d03527848417f.png,outputs/nips2017/nips2017_selected_20260714_195944/swin/ablation_and_no_verifier/sample_0478/images/final_selected.png
swin,479,659ca4ac6cc57e89,777,589,777,60,True,True,True,True,True,ok,data/nips2017/images/659ca4ac6cc57e89.png,outputs/nips2017/nips2017_selected_20260714_195944/swin/ablation_and_no_verifier/sample_0479/images/final_selected.png
swin,480,668bc83a884d24f9,2,390,2,973,True,True,True,True,True,ok,data/nips2017/images/668bc83a884d24f9.png,outputs/nips2017/nips2017_selected_20260714_195944/swin/ablation_and_no_verifier/sample_0480/images/final_selected.png
swin,481,686ea4ec999364ff,458,553,458,974,True,True,True,True,True,ok,data/nips2017/images/686ea4ec999364ff.png,outputs/nips2017/nips2017_selected_20260714_195944/swin/ablation_and_no_verifier/sample_0481/images/final_selected.png
swin,482,694e7617a4878041,883,719,883,974,True,True,True,True,True,ok,data/nips2017/images/694e7617a4878041.png,outputs/nips2017/nips2017_selected_20260714_195944/swin/ablation_and_no_verifier/sample_0482/images/final_selected.png
swin,483,696f0f6bea562bf8,853,266,853,912,True,True,True,True,True,ok,data/nips2017/images/696f0f6bea562bf8.png,outputs/nips2017/nips2017_selected_20260714_195944/swin/ablation_and_no_verifier/sample_0483/images/final_selected.png
swin,484,707bce947d54bcd8,946,940,946,397,True,True,True,True,True,ok,data/nips2017/images/707bce947d54bcd8.png,outputs/nips2017/nips2017_selected_20260714_195944/swin/ablation_and_no_verifier/sample_0484/images/final_selected.png
swin,485,0707f3dfb7c29f5c,605,739,605,631,True,True,True,True,True,ok,data/nips2017/images/0707f3dfb7c29f5c.png,outputs/nips2017/nips2017_selected_20260714_195944/swin/ablation_and_no_verifier/sample_0485/images/final_selected.png
swin,486,741fc1a3fc08731d,792,399,792,974,True,True,True,True,True,ok,data/nips2017/images/741fc1a3fc08731d.png,outputs/nips2017/nips2017_selected_20260714_195944/swin/ablation_and_no_verifier/sample_0486/images/final_selected.png
swin,487,749ed3502293d019,474,577,474,911,True,True,True,True,True,ok,data/nips2017/images/749ed3502293d019.png,outputs/nips2017/nips2017_selected_20260714_195944/swin/ablation_and_no_verifier/sample_0487/images/final_selected.png
swin,488,791c3d333052ca64,963,907,963,963,True,False,False,False,True,ok,data/nips2017/images/791c3d333052ca64.png,outputs/nips2017/nips2017_selected_20260714_195944/swin/ablation_and_no_verifier/sample_0488/images/final_selected.png
swin,489,795f5aef9bef8134,825,28,825,975,True,True,True,True,True,ok,data/nips2017/images/795f5aef9bef8134.png,outputs/nips2017/nips2017_selected_20260714_195944/swin/ablation_and_no_verifier/sample_0489/images/final_selected.png
swin,490,796e23f8dbf9a7a2,606,834,606,786,True,True,True,True,True,ok,data/nips2017/images/796e23f8dbf9a7a2.png,outputs/nips2017/nips2017_selected_20260714_195944/swin/ablation_and_no_verifier/sample_0490/images/final_selected.png
swin,491,820ae900a943d605,887,700,887,406,True,True,True,True,True,ok,data/nips2017/images/820ae900a943d605.png,outputs/nips2017/nips2017_selected_20260714_195944/swin/ablation_and_no_verifier/sample_0491/images/final_selected.png
swin,492,821aae58dc96b4b2,340,574,340,206,True,True,True,True,True,ok,data/nips2017/images/821aae58dc96b4b2.png,outputs/nips2017/nips2017_selected_20260714_195944/swin/ablation_and_no_verifier/sample_0492/images/final_selected.png
swin,493,823f8eae0df2d5c1,94,569,94,94,True,False,False,False,True,ok,data/nips2017/images/823f8eae0df2d5c1.png,outputs/nips2017/nips2017_selected_20260714_195944/swin/ablation_and_no_verifier/sample_0493/images/final_selected.png
swin,494,828ade8df2d14c45,887,987,887,406,True,True,True,True,True,ok,data/nips2017/images/828ade8df2d14c45.png,outputs/nips2017/nips2017_selected_20260714_195944/swin/ablation_and_no_verifier/sample_0494/images/final_selected.png
swin,495,839aa3d166b020cf,13,210,10,10,False,True,False,False,True,ok,data/nips2017/images/839aa3d166b020cf.png,outputs/nips2017/nips2017_selected_20260714_195944/swin/ablation_and_no_verifier/sample_0495/images/final_selected.png
swin,496,858ec91996beb034,685,961,685,634,True,True,True,True,True,ok,data/nips2017/images/858ec91996beb034.png,outputs/nips2017/nips2017_selected_20260714_195944/swin/ablation_and_no_verifier/sample_0496/images/final_selected.png
swin,497,864fffaf7a83b3f4,580,372,580,738,True,True,True,True,True,ok,data/nips2017/images/864fffaf7a83b3f4.png,outputs/nips2017/nips2017_selected_20260714_195944/swin/ablation_and_no_verifier/sample_0497/images/final_selected.png
swin,498,868af4a2e614f5ac,717,466,717,974,True,True,True,True,True,ok,data/nips2017/images/868af4a2e614f5ac.png,outputs/nips2017/nips2017_selected_20260714_195944/swin/ablation_and_no_verifier/sample_0498/images/final_selected.png
swin,499,869adfbad4e38261,591,865,591,728,True,True,True,True,True,ok,data/nips2017/images/869adfbad4e38261.png,outputs/nips2017/nips2017_selected_20260714_195944/swin/ablation_and_no_verifier/sample_0499/images/final_selected.png
swin,500,871c99d5658c3189,955,586,955,951,True,True,True,True,True,ok,data/nips2017/images/871c99d5658c3189.png,outputs/nips2017/nips2017_selected_20260714_195944/swin/ablation_and_no_verifier/sample_0500/images/final_selected.png
swin,501,890fdaf4e1892e00,312,691,311,311,False,True,False,False,True,ok,data/nips2017/images/890fdaf4e1892e00.png,outputs/nips2017/nips2017_selected_20260714_195944/swin/ablation_and_no_verifier/sample_0501/images/final_selected.png
swin,502,891fe6baf8896b77,324,534,324,325,True,True,True,True,True,ok,data/nips2017/images/891fe6baf8896b77.png,outputs/nips2017/nips2017_selected_20260714_195944/swin/ablation_and_no_verifier/sample_0502/images/final_selected.png
swin,503,911aebf30626ce02,874,730,874,460,True,True,True,True,True,ok,data/nips2017/images/911aebf30626ce02.png,outputs/nips2017/nips2017_selected_20260714_195944/swin/ablation_and_no_verifier/sample_0503/images/final_selected.png
swin,504,919a6f1d23c6d05e,144,982,144,144,True,False,False,False,True,ok,data/nips2017/images/919a6f1d23c6d05e.png,outputs/nips2017/nips2017_selected_20260714_195944/swin/ablation_and_no_verifier/sample_0504/images/final_selected.png
swin,505,938ada2f2bfa2b68,843,917,843,463,True,True,True,True,True,ok,data/nips2017/images/938ada2f2bfa2b68.png,outputs/nips2017/nips2017_selected_20260714_195944/swin/ablation_and_no_verifier/sample_0505/images/final_selected.png
swin,506,1394faa319bd353c,609,506,609,436,True,True,True,True,True,ok,data/nips2017/images/1394faa319bd353c.png,outputs/nips2017/nips2017_selected_20260714_195944/swin/ablation_and_no_verifier/sample_0506/images/final_selected.png
swin,507,1461ed9402248ddc,513,724,513,776,True,True,True,True,True,ok,data/nips2017/images/1461ed9402248ddc.png,outputs/nips2017/nips2017_selected_20260714_195944/swin/ablation_and_no_verifier/sample_0507/images/final_selected.png
swin,508,1478a0fc99a988db,775,927,775,794,True,True,True,True,True,ok,data/nips2017/images/1478a0fc99a988db.png,outputs/nips2017/nips2017_selected_20260714_195944/swin/ablation_and_no_verifier/sample_0508/images/final_selected.png
swin,509,1685d066f8070081,978,360,978,354,True,True,True,True,True,ok,data/nips2017/images/1685d066f8070081.png,outputs/nips2017/nips2017_selected_20260714_195944/swin/ablation_and_no_verifier/sample_0509/images/final_selected.png
swin,510,1733cbc68a2ae05d,555,891,555,974,True,True,True,True,True,ok,data/nips2017/images/1733cbc68a2ae05d.png,outputs/nips2017/nips2017_selected_20260714_195944/swin/ablation_and_no_verifier/sample_0510/images/final_selected.png
swin,511,2153d9869fb5a9ef,644,941,644,749,True,True,True,True,True,ok,data/nips2017/images/2153d9869fb5a9ef.png,outputs/nips2017/nips2017_selected_20260714_195944/swin/ablation_and_no_verifier/sample_0511/images/final_selected.png
swin,512,2842a69bf5b14526,879,756,879,964,True,True,True,True,True,ok,data/nips2017/images/2842a69bf5b14526.png,outputs/nips2017/nips2017_selected_20260714_195944/swin/ablation_and_no_verifier/sample_0512/images/final_selected.png
swin,513,2891f4aa2279d369,470,404,470,644,True,True,True,True,True,ok,data/nips2017/images/2891f4aa2279d369.png,outputs/nips2017/nips2017_selected_20260714_195944/swin/ablation_and_no_verifier/sample_0513/images/final_selected.png
swin,514,3201d10ec4dca056,738,604,738,738,True,False,False,False,True,ok,data/nips2017/images/3201d10ec4dca056.png,outputs/nips2017/nips2017_selected_20260714_195944/swin/ablation_and_no_verifier/sample_0514/images/final_selected.png
swin,515,3228a465697fb2cf,839,921,839,970,True,True,True,True,True,ok,data/nips2017/images/3228a465697fb2cf.png,outputs/nips2017/nips2017_selected_20260714_195944/swin/ablation_and_no_verifier/sample_0515/images/final_selected.png
swin,516,3302a8c24caf20f4,703,547,703,562,True,True,True,True,True,ok,data/nips2017/images/3302a8c24caf20f4.png,outputs/nips2017/nips2017_selected_20260714_195944/swin/ablation_and_no_verifier/sample_0516/images/final_selected.png
swin,517,3617bfc5d06bc196,884,553,884,538,True,True,True,True,True,ok,data/nips2017/images/3617bfc5d06bc196.png,outputs/nips2017/nips2017_selected_20260714_195944/swin/ablation_and_no_verifier/sample_0517/images/final_selected.png
swin,518,3692f6967c632fee,805,568,805,974,True,True,True,True,True,ok,data/nips2017/images/3692f6967c632fee.png,outputs/nips2017/nips2017_selected_20260714_195944/swin/ablation_and_no_verifier/sample_0518/images/final_selected.png
swin,519,3841b33c9797cbf1,908,952,908,479,True,True,True,True,True,ok,data/nips2017/images/3841b33c9797cbf1.png,outputs/nips2017/nips2017_selected_20260714_195944/swin/ablation_and_no_verifier/sample_0519/images/final_selected.png
swin,520,4053a6a3d0e63c01,391,459,391,0,True,True,True,True,True,ok,data/nips2017/images/4053a6a3d0e63c01.png,outputs/nips2017/nips2017_selected_20260714_195944/swin/ablation_and_no_verifier/sample_0520/images/final_selected.png
swin,521,4146a745f9b2f3cb,50,417,50,49,True,True,True,True,True,ok,data/nips2017/images/4146a745f9b2f3cb.png,outputs/nips2017/nips2017_selected_20260714_195944/swin/ablation_and_no_verifier/sample_0521/images/final_selected.png
swin,522,4227a6e105cc0588,970,140,970,979,True,True,True,True,True,ok,data/nips2017/images/4227a6e105cc0588.png,outputs/nips2017/nips2017_selected_20260714_195944/swin/ablation_and_no_verifier/sample_0522/images/final_selected.png
swin,523,04546cc5e537d7cd,425,648,425,984,True,True,True,True,True,ok,data/nips2017/images/04546cc5e537d7cd.png,outputs/nips2017/nips2017_selected_20260714_195944/swin/ablation_and_no_verifier/sample_0523/images/final_selected.png
swin,524,4572c8986c28343b,436,534,436,974,True,True,True,True,True,ok,data/nips2017/images/4572c8986c28343b.png,outputs/nips2017/nips2017_selected_20260714_195944/swin/ablation_and_no_verifier/sample_0524/images/final_selected.png
swin,525,5021e7da00bf43b2,479,936,479,974,True,True,True,True,True,ok,data/nips2017/images/5021e7da00bf43b2.png,outputs/nips2017/nips2017_selected_20260714_195944/swin/ablation_and_no_verifier/sample_0525/images/final_selected.png
swin,526,5191cfba868056a5,970,792,970,671,True,True,True,True,True,ok,data/nips2017/images/5191cfba868056a5.png,outputs/nips2017/nips2017_selected_20260714_195944/swin/ablation_and_no_verifier/sample_0526/images/final_selected.png
swin,527,5224fec9ba33b50d,603,531,603,690,True,True,True,True,True,ok,data/nips2017/images/5224fec9ba33b50d.png,outputs/nips2017/nips2017_selected_20260714_195944/swin/ablation_and_no_verifier/sample_0527/images/final_selected.png
swin,528,5292f5b36a0789fa,853,794,853,884,True,True,True,True,True,ok,data/nips2017/images/5292f5b36a0789fa.png,outputs/nips2017/nips2017_selected_20260714_195944/swin/ablation_and_no_verifier/sample_0528/images/final_selected.png
swin,529,5528f7330399485f,73,211,73,77,True,True,True,True,True,ok,data/nips2017/images/5528f7330399485f.png,outputs/nips2017/nips2017_selected_20260714_195944/swin/ablation_and_no_verifier/sample_0529/images/final_selected.png
swin,530,5792d4a42d2a82c8,987,418,987,190,True,True,True,True,True,ok,data/nips2017/images/5792d4a42d2a82c8.png,outputs/nips2017/nips2017_selected_20260714_195944/swin/ablation_and_no_verifier/sample_0530/images/final_selected.png
swin,531,05817a675e7506d1,672,753,672,843,True,True,True,True,True,ok,data/nips2017/images/05817a675e7506d1.png,outputs/nips2017/nips2017_selected_20260714_195944/swin/ablation_and_no_verifier/sample_0531/images/final_selected.png
swin,532,6314b953a2f66e36,310,773,310,312,True,True,True,True,True,ok,data/nips2017/images/6314b953a2f66e36.png,outputs/nips2017/nips2017_selected_20260714_195944/swin/ablation_and_no_verifier/sample_0532/images/final_selected.png
swin,533,6374e7e35ad90f50,38,770,38,41,True,True,True,True,True,ok,data/nips2017/images/6374e7e35ad90f50.png,outputs/nips2017/nips2017_selected_20260714_195944/swin/ablation_and_no_verifier/sample_0533/images/final_selected.png
swin,534,6609c25b3314b5b3,511,877,511,717,True,True,True,True,True,ok,data/nips2017/images/6609c25b3314b5b3.png,outputs/nips2017/nips2017_selected_20260714_195944/swin/ablation_and_no_verifier/sample_0534/images/final_selected.png
swin,535,6612fd36e6dd9534,308,865,308,316,True,True,True,True,True,ok,data/nips2017/images/6612fd36e6dd9534.png,outputs/nips2017/nips2017_selected_20260714_195944/swin/ablation_and_no_verifier/sample_0535/images/final_selected.png
swin,536,6711e27733cfd050,717,732,717,436,True,True,True,True,True,ok,data/nips2017/images/6711e27733cfd050.png,outputs/nips2017/nips2017_selected_20260714_195944/swin/ablation_and_no_verifier/sample_0536/images/final_selected.png
swin,537,6740e1e89b5bbab4,980,684,980,38,True,True,True,True,True,ok,data/nips2017/images/6740e1e89b5bbab4.png,outputs/nips2017/nips2017_selected_20260714_195944/swin/ablation_and_no_verifier/sample_0537/images/final_selected.png
swin,538,6841e385fe79177f,829,832,829,536,True,True,True,True,True,ok,data/nips2017/images/6841e385fe79177f.png,outputs/nips2017/nips2017_selected_20260714_195944/swin/ablation_and_no_verifier/sample_0538/images/final_selected.png
swin,539,6896a8b78f404dc8,979,74,979,977,True,True,True,True,True,ok,data/nips2017/images/6896a8b78f404dc8.png,outputs/nips2017/nips2017_selected_20260714_195944/swin/ablation_and_no_verifier/sample_0539/images/final_selected.png
swin,540,6898f889c17f8e16,887,729,887,501,True,True,True,True,True,ok,data/nips2017/images/6898f889c17f8e16.png,outputs/nips2017/nips2017_selected_20260714_195944/swin/ablation_and_no_verifier/sample_0540/images/final_selected.png
swin,541,7060ae82e5b96a77,521,494,521,729,True,True,True,True,True,ok,data/nips2017/images/7060ae82e5b96a77.png,outputs/nips2017/nips2017_selected_20260714_195944/swin/ablation_and_no_verifier/sample_0541/images/final_selected.png
swin,542,7069a117c92d27a4,545,185,545,408,True,True,True,True,True,ok,data/nips2017/images/7069a117c92d27a4.png,outputs/nips2017/nips2017_selected_20260714_195944/swin/ablation_and_no_verifier/sample_0542/images/final_selected.png
swin,543,7278c2b63080f08c,348,286,348,169,True,True,True,True,True,ok,data/nips2017/images/7278c2b63080f08c.png,outputs/nips2017/nips2017_selected_20260714_195944/swin/ablation_and_no_verifier/sample_0543/images/final_selected.png
swin,544,7368fe0ff47343a0,964,446,964,923,True,True,True,True,True,ok,data/nips2017/images/7368fe0ff47343a0.png,outputs/nips2017/nips2017_selected_20260714_195944/swin/ablation_and_no_verifier/sample_0544/images/final_selected.png
swin,545,7506caf0a49c3951,78,723,78,994,True,True,True,True,True,ok,data/nips2017/images/7506caf0a49c3951.png,outputs/nips2017/nips2017_selected_20260714_195944/swin/ablation_and_no_verifier/sample_0545/images/final_selected.png
swin,546,7524a7ef9de8edc3,946,306,946,946,True,False,False,False,True,ok,data/nips2017/images/7524a7ef9de8edc3.png,outputs/nips2017/nips2017_selected_20260714_195944/swin/ablation_and_no_verifier/sample_0546/images/final_selected.png
swin,547,7529b42e71769777,476,617,476,974,True,True,True,True,True,ok,data/nips2017/images/7529b42e71769777.png,outputs/nips2017/nips2017_selected_20260714_195944/swin/ablation_and_no_verifier/sample_0547/images/final_selected.png
swin,548,7700d0ba053dc4bd,936,291,936,990,True,True,True,True,True,ok,data/nips2017/images/7700d0ba053dc4bd.png,outputs/nips2017/nips2017_selected_20260714_195944/swin/ablation_and_no_verifier/sample_0548/images/final_selected.png
swin,549,8094d4088a08cf09,440,614,440,850,True,True,True,True,True,ok,data/nips2017/images/8094d4088a08cf09.png,outputs/nips2017/nips2017_selected_20260714_195944/swin/ablation_and_no_verifier/sample_0549/images/final_selected.png
swin,550,8749fd2540a0cb01,832,447,832,698,True,True,True,True,True,ok,data/nips2017/images/8749fd2540a0cb01.png,outputs/nips2017/nips2017_selected_20260714_195944/swin/ablation_and_no_verifier/sample_0550/images/final_selected.png
swin,551,8764eecf6e898c7f,483,710,483,698,True,True,True,True,True,ok,data/nips2017/images/8764eecf6e898c7f.png,outputs/nips2017/nips2017_selected_20260714_195944/swin/ablation_and_no_verifier/sample_0551/images/final_selected.png
swin,552,8800cff23fade16a,531,313,531,504,True,True,True,True,True,ok,data/nips2017/images/8800cff23fade16a.png,outputs/nips2017/nips2017_selected_20260714_195944/swin/ablation_and_no_verifier/sample_0552/images/final_selected.png
swin,553,8805b0b20d808c49,703,926,703,608,True,True,True,True,True,ok,data/nips2017/images/8805b0b20d808c49.png,outputs/nips2017/nips2017_selected_20260714_195944/swin/ablation_and_no_verifier/sample_0553/images/final_selected.png
swin,554,8859efd46fab37ff,922,598,922,749,True,True,True,True,True,ok,data/nips2017/images/8859efd46fab37ff.png,outputs/nips2017/nips2017_selected_20260714_195944/swin/ablation_and_no_verifier/sample_0554/images/final_selected.png
swin,555,9226b783cfb770bd,825,33,825,972,True,True,True,True,True,ok,data/nips2017/images/9226b783cfb770bd.png,outputs/nips2017/nips2017_selected_20260714_195944/swin/ablation_and_no_verifier/sample_0555/images/final_selected.png
swin,556,9311a098cfb4b946,820,191,820,565,True,True,True,True,True,ok,data/nips2017/images/9311a098cfb4b946.png,outputs/nips2017/nips2017_selected_20260714_195944/swin/ablation_and_no_verifier/sample_0556/images/final_selected.png
swin,557,9429f0d1ad2283df,437,463,437,733,True,True,True,True,True,ok,data/nips2017/images/9429f0d1ad2283df.png,outputs/nips2017/nips2017_selected_20260714_195944/swin/ablation_and_no_verifier/sample_0557/images/final_selected.png
swin,558,9455bd672cb9e4bd,521,581,521,651,True,True,True,True,True,ok,data/nips2017/images/9455bd672cb9e4bd.png,outputs/nips2017/nips2017_selected_20260714_195944/swin/ablation_and_no_verifier/sample_0558/images/final_selected.png
swin,559,9594ef7e0fc79ea8,402,114,402,835,True,True,True,True,True,ok,data/nips2017/images/9594ef7e0fc79ea8.png,outputs/nips2017/nips2017_selected_20260714_195944/swin/ablation_and_no_verifier/sample_0559/images/final_selected.png
swin,560,9876fe92d003c9d4,912,356,912,979,True,True,True,True,True,ok,data/nips2017/images/9876fe92d003c9d4.png,outputs/nips2017/nips2017_selected_20260714_195944/swin/ablation_and_no_verifier/sample_0560/images/final_selected.png
swin,561,11954d93a7051cb5,22,502,22,21,True,True,True,True,True,ok,data/nips2017/images/11954d93a7051cb5.png,outputs/nips2017/nips2017_selected_20260714_195944/swin/ablation_and_no_verifier/sample_0561/images/final_selected.png
swin,562,13810fcac72f12ba,875,71,875,974,True,True,True,True,True,ok,data/nips2017/images/13810fcac72f12ba.png,outputs/nips2017/nips2017_selected_20260714_195944/swin/ablation_and_no_verifier/sample_0562/images/final_selected.png
swin,563,16179baa1513c701,94,504,94,95,True,True,True,True,True,ok,data/nips2017/images/16179baa1513c701.png,outputs/nips2017/nips2017_selected_20260714_195944/swin/ablation_and_no_verifier/sample_0563/images/final_selected.png
swin,564,19935b1c0a4d305d,760,641,760,760,True,False,False,False,True,ok,data/nips2017/images/19935b1c0a4d305d.png,outputs/nips2017/nips2017_selected_20260714_195944/swin/ablation_and_no_verifier/sample_0564/images/final_selected.png
swin,565,21554e755b9706d2,341,75,341,341,True,False,False,False,True,ok,data/nips2017/images/21554e755b9706d2.png,outputs/nips2017/nips2017_selected_20260714_195944/swin/ablation_and_no_verifier/sample_0565/images/final_selected.png
swin,566,22712d0324d43ef2,897,846,897,923,True,True,True,True,True,ok,data/nips2017/images/22712d0324d43ef2.png,outputs/nips2017/nips2017_selected_20260714_195944/swin/ablation_and_no_verifier/sample_0566/images/final_selected.png
swin,567,24159caf9c5e92be,707,742,707,528,True,True,True,True,True,ok,data/nips2017/images/24159caf9c5e92be.png,outputs/nips2017/nips2017_selected_20260714_195944/swin/ablation_and_no_verifier/sample_0567/images/final_selected.png
swin,568,24312de5c34473c0,873,819,873,519,True,True,True,True,True,ok,data/nips2017/images/24312de5c34473c0.png,outputs/nips2017/nips2017_selected_20260714_195944/swin/ablation_and_no_verifier/sample_0568/images/final_selected.png
swin,569,24726d9054e9d78f,544,454,544,112,True,True,True,True,True,ok,data/nips2017/images/24726d9054e9d78f.png,outputs/nips2017/nips2017_selected_20260714_195944/swin/ablation_and_no_verifier/sample_0569/images/final_selected.png
swin,570,29279d12ed3e29ff,457,327,457,834,True,True,True,True,True,ok,data/nips2017/images/29279d12ed3e29ff.png,outputs/nips2017/nips2017_selected_20260714_195944/swin/ablation_and_no_verifier/sample_0570/images/final_selected.png
swin,571,33197fa6ae88508a,847,29,847,586,True,True,True,True,True,ok,data/nips2017/images/33197fa6ae88508a.png,outputs/nips2017/nips2017_selected_20260714_195944/swin/ablation_and_no_verifier/sample_0571/images/final_selected.png
swin,572,38287d2e5a4a9a57,959,797,923,923,False,True,False,False,True,ok,data/nips2017/images/38287d2e5a4a9a57.png,outputs/nips2017/nips2017_selected_20260714_195944/swin/ablation_and_no_verifier/sample_0572/images/final_selected.png
swin,573,38546e7d7136c2ab,599,113,599,698,True,True,True,True,True,ok,data/nips2017/images/38546e7d7136c2ab.png,outputs/nips2017/nips2017_selected_20260714_195944/swin/ablation_and_no_verifier/sample_0573/images/final_selected.png
swin,574,43694caa12d5f823,978,756,978,974,True,True,True,True,True,ok,data/nips2017/images/43694caa12d5f823.png,outputs/nips2017/nips2017_selected_20260714_195944/swin/ablation_and_no_verifier/sample_0574/images/final_selected.png
swin,575,44982b98ba192bb7,321,410,321,318,True,True,True,True,True,ok,data/nips2017/images/44982b98ba192bb7.png,outputs/nips2017/nips2017_selected_20260714_195944/swin/ablation_and_no_verifier/sample_0575/images/final_selected.png
swin,576,45315ea51da415ab,355,188,355,974,True,True,True,True,True,ok,data/nips2017/images/45315ea51da415ab.png,outputs/nips2017/nips2017_selected_20260714_195944/swin/ablation_and_no_verifier/sample_0576/images/final_selected.png
swin,577,48762c2cd2ed47e1,754,307,754,624,True,True,True,True,True,ok,data/nips2017/images/48762c2cd2ed47e1.png,outputs/nips2017/nips2017_selected_20260714_195944/swin/ablation_and_no_verifier/sample_0577/images/final_selected.png
swin,578,53211f8a1b131de6,945,577,945,329,True,True,True,True,True,ok,data/nips2017/images/53211f8a1b131de6.png,outputs/nips2017/nips2017_selected_20260714_195944/swin/ablation_and_no_verifier/sample_0578/images/final_selected.png
swin,579,54153d17b11b495c,656,550,656,974,True,True,True,True,True,ok,data/nips2017/images/54153d17b11b495c.png,outputs/nips2017/nips2017_selected_20260714_195944/swin/ablation_and_no_verifier/sample_0579/images/final_selected.png
swin,580,55323ce1ff485412,385,570,385,385,True,False,False,False,True,ok,data/nips2017/images/55323ce1ff485412.png,outputs/nips2017/nips2017_selected_20260714_195944/swin/ablation_and_no_verifier/sample_0580/images/final_selected.png
swin,581,55512a6c2a45e2e8,927,386,927,521,True,True,True,True,True,ok,data/nips2017/images/55512a6c2a45e2e8.png,outputs/nips2017/nips2017_selected_20260714_195944/swin/ablation_and_no_verifier/sample_0581/images/final_selected.png
swin,582,58420b727fcab02b,137,167,137,99,True,True,True,True,True,ok,data/nips2017/images/58420b727fcab02b.png,outputs/nips2017/nips2017_selected_20260714_195944/swin/ablation_and_no_verifier/sample_0582/images/final_selected.png
swin,583,59204d6bb0c234eb,417,702,417,417,True,False,False,False,True,ok,data/nips2017/images/59204d6bb0c234eb.png,outputs/nips2017/nips2017_selected_20260714_195944/swin/ablation_and_no_verifier/sample_0583/images/final_selected.png
swin,584,60566d5680497389,472,543,472,979,True,True,True,True,True,ok,data/nips2017/images/60566d5680497389.png,outputs/nips2017/nips2017_selected_20260714_195944/swin/ablation_and_no_verifier/sample_0584/images/final_selected.png
swin,585,61131df39f19a4a0,614,866,614,614,True,False,False,False,True,ok,data/nips2017/images/61131df39f19a4a0.png,outputs/nips2017/nips2017_selected_20260714_195944/swin/ablation_and_no_verifier/sample_0585/images/final_selected.png
swin,586,62949c357e429690,972,115,972,500,True,True,True,True,True,ok,data/nips2017/images/62949c357e429690.png,outputs/nips2017/nips2017_selected_20260714_195944/swin/ablation_and_no_verifier/sample_0586/images/final_selected.png
swin,587,64577d3916d6dafb,605,753,590,681,False,True,False,False,True,ok,data/nips2017/images/64577d3916d6dafb.png,outputs/nips2017/nips2017_selected_20260714_195944/swin/ablation_and_no_verifier/sample_0587/images/final_selected.png
swin,588,67967c9db11151e0,251,819,251,275,True,True,True,True,True,ok,data/nips2017/images/67967c9db11151e0.png,outputs/nips2017/nips2017_selected_20260714_195944/swin/ablation_and_no_verifier/sample_0588/images/final_selected.png
swin,589,68274b8293271807,833,578,833,974,True,True,True,True,True,ok,data/nips2017/images/68274b8293271807.png,outputs/nips2017/nips2017_selected_20260714_195944/swin/ablation_and_no_verifier/sample_0589/images/final_selected.png
swin,590,69788a29e7436808,309,49,309,107,True,True,True,True,True,ok,data/nips2017/images/69788a29e7436808.png,outputs/nips2017/nips2017_selected_20260714_195944/swin/ablation_and_no_verifier/sample_0590/images/final_selected.png
swin,591,69854b68476d5068,892,732,892,624,True,True,True,True,True,ok,data/nips2017/images/69854b68476d5068.png,outputs/nips2017/nips2017_selected_20260714_195944/swin/ablation_and_no_verifier/sample_0591/images/final_selected.png
swin,592,73064ceb466612d5,718,672,718,978,True,True,True,True,True,ok,data/nips2017/images/73064ceb466612d5.png,outputs/nips2017/nips2017_selected_20260714_195944/swin/ablation_and_no_verifier/sample_0592/images/final_selected.png
swin,593,73728c249317ccb9,847,144,847,820,True,True,True,True,True,ok,data/nips2017/images/73728c249317ccb9.png,outputs/nips2017/nips2017_selected_20260714_195944/swin/ablation_and_no_verifier/sample_0593/images/final_selected.png
swin,594,74355a8c878b6814,874,621,874,820,True,True,True,True,True,ok,data/nips2017/images/74355a8c878b6814.png,outputs/nips2017/nips2017_selected_20260714_195944/swin/ablation_and_no_verifier/sample_0594/images/final_selected.png
swin,595,78059d1afd7b9fea,57,247,57,59,True,True,True,True,True,ok,data/nips2017/images/78059d1afd7b9fea.png,outputs/nips2017/nips2017_selected_20260714_195944/swin/ablation_and_no_verifier/sample_0595/images/final_selected.png
swin,596,82179b1d313e0e23,829,901,829,547,True,True,True,True,True,ok,data/nips2017/images/82179b1d313e0e23.png,outputs/nips2017/nips2017_selected_20260714_195944/swin/ablation_and_no_verifier/sample_0596/images/final_selected.png
swin,597,83896b9fb7e9c2f8,536,546,536,517,True,True,True,True,True,ok,data/nips2017/images/83896b9fb7e9c2f8.png,outputs/nips2017/nips2017_selected_20260714_195944/swin/ablation_and_no_verifier/sample_0597/images/final_selected.png
swin,598,87937b805302f958,417,872,417,818,True,True,True,True,True,ok,data/nips2017/images/87937b805302f958.png,outputs/nips2017/nips2017_selected_20260714_195944/swin/ablation_and_no_verifier/sample_0598/images/final_selected.png
swin,599,93394c1f9c4c0053,319,882,319,974,True,True,True,True,True,ok,data/nips2017/images/93394c1f9c4c0053.png,outputs/nips2017/nips2017_selected_20260714_195944/swin/ablation_and_no_verifier/sample_0599/images/final_selected.png
swin,600,093402dc35f59027,733,112,733,974,True,True,True,True,True,ok,data/nips2017/images/093402dc35f59027.png,outputs/nips2017/nips2017_selected_20260714_195944/swin/ablation_and_no_verifier/sample_0600/images/final_selected.png
swin,601,97025d82ec9860dc,675,573,675,654,True,True,True,True,True,ok,data/nips2017/images/97025d82ec9860dc.png,outputs/nips2017/nips2017_selected_20260714_195944/swin/ablation_and_no_verifier/sample_0601/images/final_selected.png
swin,602,97151fe7a0a6e2e3,733,227,733,557,True,True,True,True,True,ok,data/nips2017/images/97151fe7a0a6e2e3.png,outputs/nips2017/nips2017_selected_20260714_195944/swin/ablation_and_no_verifier/sample_0602/images/final_selected.png
swin,603,126175abfdcb1a21,470,485,470,624,True,True,True,True,True,ok,data/nips2017/images/126175abfdcb1a21.png,outputs/nips2017/nips2017_selected_20260714_195944/swin/ablation_and_no_verifier/sample_0603/images/final_selected.png
swin,604,200285e90078210b,441,740,441,499,True,True,True,True,True,ok,data/nips2017/images/200285e90078210b.png,outputs/nips2017/nips2017_selected_20260714_195944/swin/ablation_and_no_verifier/sample_0604/images/final_selected.png
swin,605,200735f93ea764f2,308,284,308,308,True,False,False,False,True,ok,data/nips2017/images/200735f93ea764f2.png,outputs/nips2017/nips2017_selected_20260714_195944/swin/ablation_and_no_verifier/sample_0605/images/final_selected.png
swin,606,212476b1b58a0cfe,511,696,511,970,True,True,True,True,True,ok,data/nips2017/images/212476b1b58a0cfe.png,outputs/nips2017/nips2017_selected_20260714_195944/swin/ablation_and_no_verifier/sample_0606/images/final_selected.png
swin,607,296033c3a5910845,360,796,360,360,True,False,False,False,True,ok,data/nips2017/images/296033c3a5910845.png,outputs/nips2017/nips2017_selected_20260714_195944/swin/ablation_and_no_verifier/sample_0607/images/final_selected.png
swin,608,324278ff7f22b4eb,497,302,497,442,True,True,True,True,True,ok,data/nips2017/images/324278ff7f22b4eb.png,outputs/nips2017/nips2017_selected_20260714_195944/swin/ablation_and_no_verifier/sample_0608/images/final_selected.png
swin,609,348618ddbde3a39c,385,459,385,386,True,True,True,True,True,ok,data/nips2017/images/348618ddbde3a39c.png,outputs/nips2017/nips2017_selected_20260714_195944/swin/ablation_and_no_verifier/sample_0609/images/final_selected.png
swin,610,380053c506e32105,779,513,779,779,True,False,False,False,True,ok,data/nips2017/images/380053c506e32105.png,outputs/nips2017/nips2017_selected_20260714_195944/swin/ablation_and_no_verifier/sample_0610/images/final_selected.png
swin,611,398720b8f19d5b84,696,699,696,600,True,True,True,True,True,ok,data/nips2017/images/398720b8f19d5b84.png,outputs/nips2017/nips2017_selected_20260714_195944/swin/ablation_and_no_verifier/sample_0611/images/final_selected.png
swin,612,412311ea17528b7c,763,439,763,974,True,True,True,True,True,ok,data/nips2017/images/412311ea17528b7c.png,outputs/nips2017/nips2017_selected_20260714_195944/swin/ablation_and_no_verifier/sample_0612/images/final_selected.png
swin,613,435137d9d4f4125e,1,268,973,973,False,True,False,False,True,ok,data/nips2017/images/435137d9d4f4125e.png,outputs/nips2017/nips2017_selected_20260714_195944/swin/ablation_and_no_verifier/sample_0613/images/final_selected.png
swin,614,444109f3ccfacc7b,335,220,335,335,True,False,False,False,True,ok,data/nips2017/images/444109f3ccfacc7b.png,outputs/nips2017/nips2017_selected_20260714_195944/swin/ablation_and_no_verifier/sample_0614/images/final_selected.png
swin,615,582663fe666aac9c,922,927,922,964,True,True,True,True,True,ok,data/nips2017/images/582663fe666aac9c.png,outputs/nips2017/nips2017_selected_20260714_195944/swin/ablation_and_no_verifier/sample_0615/images/final_selected.png
swin,616,589319c64adf5fce,698,587,698,974,True,True,True,True,True,ok,data/nips2017/images/589319c64adf5fce.png,outputs/nips2017/nips2017_selected_20260714_195944/swin/ablation_and_no_verifier/sample_0616/images/final_selected.png
swin,617,607702d7ef44d081,864,346,864,717,True,True,True,True,True,ok,data/nips2017/images/607702d7ef44d081.png,outputs/nips2017/nips2017_selected_20260714_195944/swin/ablation_and_no_verifier/sample_0617/images/final_selected.png
swin,618,648231d9393250fd,547,649,547,733,True,True,True,True,True,ok,data/nips2017/images/648231d9393250fd.png,outputs/nips2017/nips2017_selected_20260714_195944/swin/ablation_and_no_verifier/sample_0618/images/final_selected.png
swin,619,715335d5ddfca1f2,480,914,480,799,True,True,True,True,True,ok,data/nips2017/images/715335d5ddfca1f2.png,outputs/nips2017/nips2017_selected_20260714_195944/swin/ablation_and_no_verifier/sample_0619/images/final_selected.png
swin,620,721804d1d3a60206,908,33,908,908,True,False,False,False,True,ok,data/nips2017/images/721804d1d3a60206.png,outputs/nips2017/nips2017_selected_20260714_195944/swin/ablation_and_no_verifier/sample_0620/images/final_selected.png
swin,621,740981d161a38bad,571,148,571,412,True,True,True,True,True,ok,data/nips2017/images/740981d161a38bad.png,outputs/nips2017/nips2017_selected_20260714_195944/swin/ablation_and_no_verifier/sample_0621/images/final_selected.png
swin,622,789417c091011f53,344,176,344,347,True,True,True,True,True,ok,data/nips2017/images/789417c091011f53.png,outputs/nips2017/nips2017_selected_20260714_195944/swin/ablation_and_no_verifier/sample_0622/images/final_selected.png
swin,623,803450d936b35ebb,933,257,933,930,True,True,True,True,True,ok,data/nips2017/images/803450d936b35ebb.png,outputs/nips2017/nips2017_selected_20260714_195944/swin/ablation_and_no_verifier/sample_0623/images/final_selected.png
swin,624,943274babd06a662,668,677,668,498,True,True,True,True,True,ok,data/nips2017/images/943274babd06a662.png,outputs/nips2017/nips2017_selected_20260714_195944/swin/ablation_and_no_verifier/sample_0624/images/final_selected.png
swin,625,957529a2abaa0581,882,647,882,974,True,True,True,True,True,ok,data/nips2017/images/957529a2abaa0581.png,outputs/nips2017/nips2017_selected_20260714_195944/swin/ablation_and_no_verifier/sample_0625/images/final_selected.png
swin,626,979757e16b67ac7e,322,797,322,111,True,True,True,True,True,ok,data/nips2017/images/979757e16b67ac7e.png,outputs/nips2017/nips2017_selected_20260714_195944/swin/ablation_and_no_verifier/sample_0626/images/final_selected.png
swin,627,01244097ca8ffdfa,90,562,90,90,True,False,False,False,True,ok,data/nips2017/images/01244097ca8ffdfa.png,outputs/nips2017/nips2017_selected_20260714_195944/swin/ablation_and_no_verifier/sample_0627/images/final_selected.png
swin,628,1484479b7630af0a,701,903,701,417,True,True,True,True,True,ok,data/nips2017/images/1484479b7630af0a.png,outputs/nips2017/nips2017_selected_20260714_195944/swin/ablation_and_no_verifier/sample_0628/images/final_selected.png
swin,629,2200794c59b1808e,310,213,310,328,True,True,True,True,True,ok,data/nips2017/images/2200794c59b1808e.png,outputs/nips2017/nips2017_selected_20260714_195944/swin/ablation_and_no_verifier/sample_0629/images/final_selected.png
swin,630,05437214d1ba9580,809,117,809,925,True,True,True,True,True,ok,data/nips2017/images/05437214d1ba9580.png,outputs/nips2017/nips2017_selected_20260714_195944/swin/ablation_and_no_verifier/sample_0630/images/final_selected.png
swin,631,5973419efd52f783,624,794,624,762,True,True,True,True,True,ok,data/nips2017/images/5973419efd52f783.png,outputs/nips2017/nips2017_selected_20260714_195944/swin/ablation_and_no_verifier/sample_0631/images/final_selected.png
swin,632,7453471febf1db6f,594,89,594,557,True,True,True,True,True,ok,data/nips2017/images/7453471febf1db6f.png,outputs/nips2017/nips2017_selected_20260714_195944/swin/ablation_and_no_verifier/sample_0632/images/final_selected.png
swin,633,8020698d79dc39f2,854,953,854,498,True,True,True,True,True,ok,data/nips2017/images/8020698d79dc39f2.png,outputs/nips2017/nips2017_selected_20260714_195944/swin/ablation_and_no_verifier/sample_0633/images/final_selected.png
swin,634,8090736c8299ab28,979,893,979,972,True,True,True,True,True,ok,data/nips2017/images/8090736c8299ab28.png,outputs/nips2017/nips2017_selected_20260714_195944/swin/ablation_and_no_verifier/sample_0634/images/final_selected.png
swin,635,8400742ba78ac009,970,670,970,979,True,True,True,True,True,ok,data/nips2017/images/8400742ba78ac009.png,outputs/nips2017/nips2017_selected_20260714_195944/swin/ablation_and_no_verifier/sample_0635/images/final_selected.png
swin,636,8868879c2acd5d9e,321,129,321,322,True,True,True,True,True,ok,data/nips2017/images/8868879c2acd5d9e.png,outputs/nips2017/nips2017_selected_20260714_195944/swin/ablation_and_no_verifier/sample_0636/images/final_selected.png
swin,637,9534108b0e8dceb1,646,821,646,940,True,True,True,True,True,ok,data/nips2017/images/9534108b0e8dceb1.png,outputs/nips2017/nips2017_selected_20260714_195944/swin/ablation_and_no_verifier/sample_0637/images/final_selected.png
swin,638,23955512cd0e1191,475,741,475,436,True,True,True,True,True,ok,data/nips2017/images/23955512cd0e1191.png,outputs/nips2017/nips2017_selected_20260714_195944/swin/ablation_and_no_verifier/sample_0638/images/final_selected.png
swin,639,28652355cd12a1e7,307,62,304,304,False,True,False,False,True,ok,data/nips2017/images/28652355cd12a1e7.png,outputs/nips2017/nips2017_selected_20260714_195944/swin/ablation_and_no_verifier/sample_0639/images/final_selected.png
swin,640,49591319edeb6b3a,308,415,308,300,True,True,True,True,True,ok,data/nips2017/images/49591319edeb6b3a.png,outputs/nips2017/nips2017_selected_20260714_195944/swin/ablation_and_no_verifier/sample_0640/images/final_selected.png
swin,641,54666421b4a6998f,919,758,919,412,True,True,True,True,True,ok,data/nips2017/images/54666421b4a6998f.png,outputs/nips2017/nips2017_selected_20260714_195944/swin/ablation_and_no_verifier/sample_0641/images/final_selected.png
swin,642,71080285ad6cb4e9,455,477,455,455,True,False,False,False,True,ok,data/nips2017/images/71080285ad6cb4e9.png,outputs/nips2017/nips2017_selected_20260714_195944/swin/ablation_and_no_verifier/sample_0642/images/final_selected.png
swin,643,76886996d4ab4614,974,762,974,980,True,True,True,True,True,ok,data/nips2017/images/76886996d4ab4614.png,outputs/nips2017/nips2017_selected_20260714_195944/swin/ablation_and_no_verifier/sample_0643/images/final_selected.png
swin,644,80177288cda51d95,640,604,640,974,True,True,True,True,True,ok,data/nips2017/images/80177288cda51d95.png,outputs/nips2017/nips2017_selected_20260714_195944/swin/ablation_and_no_verifier/sample_0644/images/final_selected.png
swin,645,81804435ad51df95,436,240,436,974,True,True,True,True,True,ok,data/nips2017/images/81804435ad51df95.png,outputs/nips2017/nips2017_selected_20260714_195944/swin/ablation_and_no_verifier/sample_0645/images/final_selected.png
swin,646,84640859ee739095,719,579,719,332,True,True,True,True,True,ok,data/nips2017/images/84640859ee739095.png,outputs/nips2017/nips2017_selected_20260714_195944/swin/ablation_and_no_verifier/sample_0646/images/final_selected.png
swin,647,088560551b91ceb0,982,796,578,578,False,True,False,False,True,ok,data/nips2017/images/088560551b91ceb0.png,outputs/nips2017/nips2017_selected_20260714_195944/swin/ablation_and_no_verifier/sample_0647/images/final_selected.png
swin,648,89119361e9d9e02d,480,472,480,743,True,True,True,True,True,ok,data/nips2017/images/89119361e9d9e02d.png,outputs/nips2017/nips2017_selected_20260714_195944/swin/ablation_and_no_verifier/sample_0648/images/final_selected.png
swin,649,93114736f072d6d3,616,762,616,964,True,True,True,True,True,ok,data/nips2017/images/93114736f072d6d3.png,outputs/nips2017/nips2017_selected_20260714_195944/swin/ablation_and_no_verifier/sample_0649/images/final_selected.png
swin,650,150249123e81930d,922,484,922,762,True,True,True,True,True,ok,data/nips2017/images/150249123e81930d.png,outputs/nips2017/nips2017_selected_20260714_195944/swin/ablation_and_no_verifier/sample_0650/images/final_selected.png
swin,651,217597258ac12258,582,804,582,974,True,True,True,True,True,ok,data/nips2017/images/217597258ac12258.png,outputs/nips2017/nips2017_selected_20260714_195944/swin/ablation_and_no_verifier/sample_0651/images/final_selected.png
swin,652,303781188f1b3b27,476,338,476,718,True,True,True,True,True,ok,data/nips2017/images/303781188f1b3b27.png,outputs/nips2017/nips2017_selected_20260714_195944/swin/ablation_and_no_verifier/sample_0652/images/final_selected.png
swin,653,493694833dc23399,537,834,537,680,True,True,True,True,True,ok,data/nips2017/images/493694833dc23399.png,outputs/nips2017/nips2017_selected_20260714_195944/swin/ablation_and_no_verifier/sample_0653/images/final_selected.png
swin,654,629138193e021cdf,884,738,884,884,True,False,False,False,True,ok,data/nips2017/images/629138193e021cdf.png,outputs/nips2017/nips2017_selected_20260714_195944/swin/ablation_and_no_verifier/sample_0654/images/final_selected.png
swin,655,692016122b9e07a6,959,122,959,488,True,True,True,True,True,ok,data/nips2017/images/692016122b9e07a6.png,outputs/nips2017/nips2017_selected_20260714_195944/swin/ablation_and_no_verifier/sample_0655/images/final_selected.png
swin,656,784232355d49601b,326,160,326,815,True,True,True,True,True,ok,data/nips2017/images/784232355d49601b.png,outputs/nips2017/nips2017_selected_20260714_195944/swin/ablation_and_no_verifier/sample_0656/images/final_selected.png
swin,657,4063377442ea93d3,595,813,595,984,True,True,True,True,True,ok,data/nips2017/images/4063377442ea93d3.png,outputs/nips2017/nips2017_selected_20260714_195944/swin/ablation_and_no_verifier/sample_0657/images/final_selected.png
swin,658,6217866896fbe2b7,698,866,698,663,True,True,True,True,True,ok,data/nips2017/images/6217866896fbe2b7.png,outputs/nips2017/nips2017_selected_20260714_195944/swin/ablation_and_no_verifier/sample_0658/images/final_selected.png
swin,659,8555611998ea426a,990,496,990,820,True,True,True,True,True,ok,data/nips2017/images/8555611998ea426a.png,outputs/nips2017/nips2017_selected_20260714_195944/swin/ablation_and_no_verifier/sample_0659/images/final_selected.png
swin,660,8724748782cb6c31,75,646,75,312,True,True,True,True,True,ok,data/nips2017/images/8724748782cb6c31.png,outputs/nips2017/nips2017_selected_20260714_195944/swin/ablation_and_no_verifier/sample_0660/images/final_selected.png
swin,661,65251969959ce0e6,937,836,937,945,True,True,True,True,True,ok,data/nips2017/images/65251969959ce0e6.png,outputs/nips2017/nips2017_selected_20260714_195944/swin/ablation_and_no_verifier/sample_0661/images/final_selected.png
swin,662,97917829607b6189,858,659,538,538,False,True,False,False,True,ok,data/nips2017/images/97917829607b6189.png,outputs/nips2017/nips2017_selected_20260714_195944/swin/ablation_and_no_verifier/sample_0662/images/final_selected.png
swin,663,55599050147071cc,472,961,472,974,True,True,True,True,True,ok,data/nips2017/images/55599050147071cc.png,outputs/nips2017/nips2017_selected_20260714_195944/swin/ablation_and_no_verifier/sample_0663/images/final_selected.png
swin,664,95185508805329aa,652,720,450,458,False,True,False,False,True,ok,data/nips2017/images/95185508805329aa.png,outputs/nips2017/nips2017_selected_20260714_195944/swin/ablation_and_no_verifier/sample_0664/images/final_selected.png
swin,665,a00c8d22e63497c4,430,891,430,543,True,True,True,True,True,ok,data/nips2017/images/a00c8d22e63497c4.png,outputs/nips2017/nips2017_selected_20260714_195944/swin/ablation_and_no_verifier/sample_0665/images/final_selected.png
swin,666,a2de1f4f2c1021fa,455,184,539,539,False,True,False,False,True,ok,data/nips2017/images/a2de1f4f2c1021fa.png,outputs/nips2017/nips2017_selected_20260714_195944/swin/ablation_and_no_verifier/sample_0666/images/final_selected.png
swin,667,a3c4dd88edacb575,399,350,399,885,True,True,True,True,True,ok,data/nips2017/images/a3c4dd88edacb575.png,outputs/nips2017/nips2017_selected_20260714_195944/swin/ablation_and_no_verifier/sample_0667/images/final_selected.png
swin,668,a3c651cf20ee2d34,640,560,640,646,True,True,True,True,True,ok,data/nips2017/images/a3c651cf20ee2d34.png,outputs/nips2017/nips2017_selected_20260714_195944/swin/ablation_and_no_verifier/sample_0668/images/final_selected.png
swin,669,a4f718e554dd18dd,975,94,975,977,True,True,True,True,True,ok,data/nips2017/images/a4f718e554dd18dd.png,outputs/nips2017/nips2017_selected_20260714_195944/swin/ablation_and_no_verifier/sample_0669/images/final_selected.png
swin,670,a7f9b28e30d19d85,661,698,661,820,True,True,True,True,True,ok,data/nips2017/images/a7f9b28e30d19d85.png,outputs/nips2017/nips2017_selected_20260714_195944/swin/ablation_and_no_verifier/sample_0670/images/final_selected.png
swin,671,a8c3363bbcc7015c,738,839,738,580,True,True,True,True,True,ok,data/nips2017/images/a8c3363bbcc7015c.png,outputs/nips2017/nips2017_selected_20260714_195944/swin/ablation_and_no_verifier/sample_0671/images/final_selected.png
swin,672,a8dd9ba15f7b817b,805,739,805,429,True,True,True,True,True,ok,data/nips2017/images/a8dd9ba15f7b817b.png,outputs/nips2017/nips2017_selected_20260714_195944/swin/ablation_and_no_verifier/sample_0672/images/final_selected.png
swin,673,a8fca010774a1187,828,809,828,677,True,True,True,True,True,ok,data/nips2017/images/a8fca010774a1187.png,outputs/nips2017/nips2017_selected_20260714_195944/swin/ablation_and_no_verifier/sample_0673/images/final_selected.png
swin,674,a8fe76c687b00e33,597,118,597,891,True,True,True,True,True,ok,data/nips2017/images/a8fe76c687b00e33.png,outputs/nips2017/nips2017_selected_20260714_195944/swin/ablation_and_no_verifier/sample_0674/images/final_selected.png
swin,675,a28beac14b9037da,404,350,404,404,True,False,False,False,True,ok,data/nips2017/images/a28beac14b9037da.png,outputs/nips2017/nips2017_selected_20260714_195944/swin/ablation_and_no_verifier/sample_0675/images/final_selected.png
swin,676,a33af1b9f8b8a81b,879,666,879,614,True,True,True,True,True,ok,data/nips2017/images/a33af1b9f8b8a81b.png,outputs/nips2017/nips2017_selected_20260714_195944/swin/ablation_and_no_verifier/sample_0676/images/final_selected.png
swin,677,a64ae1acd9d09a87,130,82,130,129,True,True,True,True,True,ok,data/nips2017/images/a64ae1acd9d09a87.png,outputs/nips2017/nips2017_selected_20260714_195944/swin/ablation_and_no_verifier/sample_0677/images/final_selected.png
swin,678,a70b1cda0776cba6,142,118,142,141,True,True,True,True,True,ok,data/nips2017/images/a70b1cda0776cba6.png,outputs/nips2017/nips2017_selected_20260714_195944/swin/ablation_and_no_verifier/sample_0678/images/final_selected.png
swin,679,a74f197288b10a0d,807,747,807,449,True,True,True,True,True,ok,data/nips2017/images/a74f197288b10a0d.png,outputs/nips2017/nips2017_selected_20260714_195944/swin/ablation_and_no_verifier/sample_0679/images/final_selected.png
swin,680,a84ead15406596ce,479,936,479,535,True,True,True,True,True,ok,data/nips2017/images/a84ead15406596ce.png,outputs/nips2017/nips2017_selected_20260714_195944/swin/ablation_and_no_verifier/sample_0680/images/final_selected.png
swin,681,a90d9627e2145090,425,721,425,979,True,True,True,True,True,ok,data/nips2017/images/a90d9627e2145090.png,outputs/nips2017/nips2017_selected_20260714_195944/swin/ablation_and_no_verifier/sample_0681/images/final_selected.png
swin,682,a92ab9e5fb9c5d64,628,456,628,814,True,True,True,True,True,ok,data/nips2017/images/a92ab9e5fb9c5d64.png,outputs/nips2017/nips2017_selected_20260714_195944/swin/ablation_and_no_verifier/sample_0682/images/final_selected.png
swin,683,a92babc0a6436d3b,759,654,759,622,True,True,True,True,True,ok,data/nips2017/images/a92babc0a6436d3b.png,outputs/nips2017/nips2017_selected_20260714_195944/swin/ablation_and_no_verifier/sample_0683/images/final_selected.png
swin,684,a92e49d8bbdc2aae,532,563,532,532,True,False,False,False,True,ok,data/nips2017/images/a92e49d8bbdc2aae.png,outputs/nips2017/nips2017_selected_20260714_195944/swin/ablation_and_no_verifier/sample_0684/images/final_selected.png
swin,685,a187afb98f295057,120,754,120,980,True,True,True,True,True,ok,data/nips2017/images/a187afb98f295057.png,outputs/nips2017/nips2017_selected_20260714_195944/swin/ablation_and_no_verifier/sample_0685/images/final_selected.png
swin,686,a193f7ae7d550a82,737,630,737,838,True,True,True,True,True,ok,data/nips2017/images/a193f7ae7d550a82.png,outputs/nips2017/nips2017_selected_20260714_195944/swin/ablation_and_no_verifier/sample_0686/images/final_selected.png
swin,687,a414ccf5c51454e0,829,865,829,758,True,True,True,True,True,ok,data/nips2017/images/a414ccf5c51454e0.png,outputs/nips2017/nips2017_selected_20260714_195944/swin/ablation_and_no_verifier/sample_0687/images/final_selected.png
swin,688,a777db736ecdfb65,325,55,325,314,True,True,True,True,True,ok,data/nips2017/images/a777db736ecdfb65.png,outputs/nips2017/nips2017_selected_20260714_195944/swin/ablation_and_no_verifier/sample_0688/images/final_selected.png
swin,689,a5949b0719d3ea77,980,472,980,972,True,True,True,True,True,ok,data/nips2017/images/a5949b0719d3ea77.png,outputs/nips2017/nips2017_selected_20260714_195944/swin/ablation_and_no_verifier/sample_0689/images/final_selected.png
swin,690,a6535c039bfeba2c,535,291,535,456,True,True,True,True,True,ok,data/nips2017/images/a6535c039bfeba2c.png,outputs/nips2017/nips2017_selected_20260714_195944/swin/ablation_and_no_verifier/sample_0690/images/final_selected.png
swin,691,a7151de51c2f1d0b,344,213,344,49,True,True,True,True,True,ok,data/nips2017/images/a7151de51c2f1d0b.png,outputs/nips2017/nips2017_selected_20260714_195944/swin/ablation_and_no_verifier/sample_0691/images/final_selected.png
swin,692,a8631b077e74f7aa,479,485,479,535,True,True,True,True,True,ok,data/nips2017/images/a8631b077e74f7aa.png,outputs/nips2017/nips2017_selected_20260714_195944/swin/ablation_and_no_verifier/sample_0692/images/final_selected.png
swin,693,a033832d9ff8913b,100,356,100,974,True,True,True,True,True,ok,data/nips2017/images/a033832d9ff8913b.png,outputs/nips2017/nips2017_selected_20260714_195944/swin/ablation_and_no_verifier/sample_0693/images/final_selected.png
swin,694,a97274c7e80a1764,865,925,865,684,True,True,True,True,True,ok,data/nips2017/images/a97274c7e80a1764.png,outputs/nips2017/nips2017_selected_20260714_195944/swin/ablation_and_no_verifier/sample_0694/images/final_selected.png
swin,695,a482985ca1e77960,890,469,890,974,True,True,True,True,True,ok,data/nips2017/images/a482985ca1e77960.png,outputs/nips2017/nips2017_selected_20260714_195944/swin/ablation_and_no_verifier/sample_0695/images/final_selected.png
swin,696,a920691cf2d50f79,946,951,946,328,True,True,True,True,True,ok,data/nips2017/images/a920691cf2d50f79.png,outputs/nips2017/nips2017_selected_20260714_195944/swin/ablation_and_no_verifier/sample_0696/images/final_selected.png
swin,697,a52570066ecc61fd,975,582,975,984,True,True,True,True,True,ok,data/nips2017/images/a52570066ecc61fd.png,outputs/nips2017/nips2017_selected_20260714_195944/swin/ablation_and_no_verifier/sample_0697/images/final_selected.png
swin,698,aa4e1cf9cb6e7801,895,839,895,974,True,True,True,True,True,ok,data/nips2017/images/aa4e1cf9cb6e7801.png,outputs/nips2017/nips2017_selected_20260714_195944/swin/ablation_and_no_verifier/sample_0698/images/final_selected.png
swin,699,aa07ba1587ec047e,468,899,468,656,True,True,True,True,True,ok,data/nips2017/images/aa07ba1587ec047e.png,outputs/nips2017/nips2017_selected_20260714_195944/swin/ablation_and_no_verifier/sample_0699/images/final_selected.png
swin,700,aa90f93ed6fae139,309,827,309,316,True,True,True,True,True,ok,data/nips2017/images/aa90f93ed6fae139.png,outputs/nips2017/nips2017_selected_20260714_195944/swin/ablation_and_no_verifier/sample_0700/images/final_selected.png
swin,701,ab3fef142d031784,656,736,656,436,True,True,True,True,True,ok,data/nips2017/images/ab3fef142d031784.png,outputs/nips2017/nips2017_selected_20260714_195944/swin/ablation_and_no_verifier/sample_0701/images/final_selected.png
swin,702,ab42aa5e9745c214,581,590,581,859,True,True,True,True,True,ok,data/nips2017/images/ab42aa5e9745c214.png,outputs/nips2017/nips2017_selected_20260714_195944/swin/ablation_and_no_verifier/sample_0702/images/final_selected.png
swin,703,ab8329c28d8538c3,468,12,468,436,True,True,True,True,True,ok,data/nips2017/images/ab8329c28d8538c3.png,outputs/nips2017/nips2017_selected_20260714_195944/swin/ablation_and_no_verifier/sample_0703/images/final_selected.png
swin,704,abd121ef53a69ef8,239,334,239,232,True,True,True,True,True,ok,data/nips2017/images/abd121ef53a69ef8.png,outputs/nips2017/nips2017_selected_20260714_195944/swin/ablation_and_no_verifier/sample_0704/images/final_selected.png
swin,705,abe9504895f6e8dd,565,606,565,574,True,True,True,True,True,ok,data/nips2017/images/abe9504895f6e8dd.png,outputs/nips2017/nips2017_selected_20260714_195944/swin/ablation_and_no_verifier/sample_0705/images/final_selected.png
swin,706,ac2a8a4777dbe746,895,45,895,404,True,True,True,True,True,ok,data/nips2017/images/ac2a8a4777dbe746.png,outputs/nips2017/nips2017_selected_20260714_195944/swin/ablation_and_no_verifier/sample_0706/images/final_selected.png
swin,707,ac295a63ac9d2cd7,692,863,692,574,True,True,True,True,True,ok,data/nips2017/images/ac295a63ac9d2cd7.png,outputs/nips2017/nips2017_selected_20260714_195944/swin/ablation_and_no_verifier/sample_0707/images/final_selected.png
swin,708,ac668c13ccfd4b79,597,750,764,471,False,True,False,False,True,ok,data/nips2017/images/ac668c13ccfd4b79.png,outputs/nips2017/nips2017_selected_20260714_195944/swin/ablation_and_no_verifier/sample_0708/images/final_selected.png
swin,709,acd99e9b7128395a,858,752,858,538,True,True,True,True,True,ok,data/nips2017/images/acd99e9b7128395a.png,outputs/nips2017/nips2017_selected_20260714_195944/swin/ablation_and_no_verifier/sample_0709/images/final_selected.png
swin,710,ad43e858c614db4d,967,70,967,809,True,True,True,True,True,ok,data/nips2017/images/ad43e858c614db4d.png,outputs/nips2017/nips2017_selected_20260714_195944/swin/ablation_and_no_verifier/sample_0710/images/final_selected.png
swin,711,ad333e5d6953cbbf,632,296,632,479,True,True,True,True,True,ok,data/nips2017/images/ad333e5d6953cbbf.png,outputs/nips2017/nips2017_selected_20260714_195944/swin/ablation_and_no_verifier/sample_0711/images/final_selected.png
swin,712,adcf48b42266309d,504,588,504,969,True,True,True,True,True,ok,data/nips2017/images/adcf48b42266309d.png,outputs/nips2017/nips2017_selected_20260714_195944/swin/ablation_and_no_verifier/sample_0712/images/final_selected.png
swin,713,ae24c23192976a40,751,887,751,974,True,True,True,True,True,ok,data/nips2017/images/ae24c23192976a40.png,outputs/nips2017/nips2017_selected_20260714_195944/swin/ablation_and_no_verifier/sample_0713/images/final_selected.png
swin,714,ae78688b32986638,912,878,912,646,True,True,True,True,True,ok,data/nips2017/images/ae78688b32986638.png,outputs/nips2017/nips2017_selected_20260714_195944/swin/ablation_and_no_verifier/sample_0714/images/final_selected.png
swin,715,af2ac1705dc19a5f,383,98,383,383,True,False,False,False,True,ok,data/nips2017/images/af2ac1705dc19a5f.png,outputs/nips2017/nips2017_selected_20260714_195944/swin/ablation_and_no_verifier/sample_0715/images/final_selected.png
swin,716,af543b5f19ed1b1d,39,390,39,974,True,True,True,True,True,ok,data/nips2017/images/af543b5f19ed1b1d.png,outputs/nips2017/nips2017_selected_20260714_195944/swin/ablation_and_no_verifier/sample_0716/images/final_selected.png
swin,717,af3736cca01a2d28,317,765,317,316,True,True,True,True,True,ok,data/nips2017/images/af3736cca01a2d28.png,outputs/nips2017/nips2017_selected_20260714_195944/swin/ablation_and_no_verifier/sample_0717/images/final_selected.png
swin,718,afa0f88aaab03427,544,2,544,54,True,True,True,True,True,ok,data/nips2017/images/afa0f88aaab03427.png,outputs/nips2017/nips2017_selected_20260714_195944/swin/ablation_and_no_verifier/sample_0718/images/final_selected.png
swin,719,afb0233b2e0545c4,580,958,580,646,True,True,True,True,True,ok,data/nips2017/images/afb0233b2e0545c4.png,outputs/nips2017/nips2017_selected_20260714_195944/swin/ablation_and_no_verifier/sample_0719/images/final_selected.png
swin,720,afe045d68f1a60d0,989,955,989,489,True,True,True,True,True,ok,data/nips2017/images/afe045d68f1a60d0.png,outputs/nips2017/nips2017_selected_20260714_195944/swin/ablation_and_no_verifier/sample_0720/images/final_selected.png
swin,721,b0bb1ea9bcc45800,844,455,844,438,True,True,True,True,True,ok,data/nips2017/images/b0bb1ea9bcc45800.png,outputs/nips2017/nips2017_selected_20260714_195944/swin/ablation_and_no_verifier/sample_0721/images/final_selected.png
swin,722,b0e0e06e647b478f,483,914,483,663,True,True,True,True,True,ok,data/nips2017/images/b0e0e06e647b478f.png,outputs/nips2017/nips2017_selected_20260714_195944/swin/ablation_and_no_verifier/sample_0722/images/final_selected.png
swin,723,b1bf532ce2c4c3a1,874,556,874,846,True,True,True,True,True,ok,data/nips2017/images/b1bf532ce2c4c3a1.png,outputs/nips2017/nips2017_selected_20260714_195944/swin/ablation_and_no_verifier/sample_0723/images/final_selected.png
swin,724,b1e69e9c3d740f4c,3,832,3,33,True,True,True,True,True,ok,data/nips2017/images/b1e69e9c3d740f4c.png,outputs/nips2017/nips2017_selected_20260714_195944/swin/ablation_and_no_verifier/sample_0724/images/final_selected.png
swin,725,b2a7e558f1a3ff16,619,535,619,818,True,True,True,True,True,ok,data/nips2017/images/b2a7e558f1a3ff16.png,outputs/nips2017/nips2017_selected_20260714_195944/swin/ablation_and_no_verifier/sample_0725/images/final_selected.png
swin,726,b02b553998809e17,703,846,703,738,True,True,True,True,True,ok,data/nips2017/images/b02b553998809e17.png,outputs/nips2017/nips2017_selected_20260714_195944/swin/ablation_and_no_verifier/sample_0726/images/final_selected.png
swin,727,b3ba6f0352a29b2d,751,562,751,817,True,True,True,True,True,ok,data/nips2017/images/b3ba6f0352a29b2d.png,outputs/nips2017/nips2017_selected_20260714_195944/swin/ablation_and_no_verifier/sample_0727/images/final_selected.png
swin,728,b3c384a2d1a391c0,630,455,630,706,True,True,True,True,True,ok,data/nips2017/images/b3c384a2d1a391c0.png,outputs/nips2017/nips2017_selected_20260714_195944/swin/ablation_and_no_verifier/sample_0728/images/final_selected.png
swin,729,b3f200c672c5ca4f,975,274,975,979,True,True,True,True,True,ok,data/nips2017/images/b3f200c672c5ca4f.png,outputs/nips2017/nips2017_selected_20260714_195944/swin/ablation_and_no_verifier/sample_0729/images/final_selected.png
swin,730,b6c6a5b7829fbc9b,472,505,472,975,True,True,True,True,True,ok,data/nips2017/images/b6c6a5b7829fbc9b.png,outputs/nips2017/nips2017_selected_20260714_195944/swin/ablation_and_no_verifier/sample_0730/images/final_selected.png
swin,731,b7d9e1d8cf1d7912,518,484,518,802,True,True,True,True,True,ok,data/nips2017/images/b7d9e1d8cf1d7912.png,outputs/nips2017/nips2017_selected_20260714_195944/swin/ablation_and_no_verifier/sample_0731/images/final_selected.png
swin,732,b11fa0f292c0178f,701,900,701,947,True,True,True,True,True,ok,data/nips2017/images/b11fa0f292c0178f.png,outputs/nips2017/nips2017_selected_20260714_195944/swin/ablation_and_no_verifier/sample_0732/images/final_selected.png
swin,733,b19e2df06dbcccd9,672,815,672,974,True,True,True,True,True,ok,data/nips2017/images/b19e2df06dbcccd9.png,outputs/nips2017/nips2017_selected_20260714_195944/swin/ablation_and_no_verifier/sample_0733/images/final_selected.png
swin,734,b48febf2b989205b,759,634,759,974,True,True,True,True,True,ok,data/nips2017/images/b48febf2b989205b.png,outputs/nips2017/nips2017_selected_20260714_195944/swin/ablation_and_no_verifier/sample_0734/images/final_selected.png
swin,735,b58e8d136aff5a50,624,564,624,454,True,True,True,True,True,ok,data/nips2017/images/b58e8d136aff5a50.png,outputs/nips2017/nips2017_selected_20260714_195944/swin/ablation_and_no_verifier/sample_0735/images/final_selected.png
swin,736,b74c05ecff5f99d8,406,567,406,406,True,False,False,False,True,ok,data/nips2017/images/b74c05ecff5f99d8.png,outputs/nips2017/nips2017_selected_20260714_195944/swin/ablation_and_no_verifier/sample_0736/images/final_selected.png
swin,737,b76e552d4b3ec0c3,991,190,991,991,True,False,False,False,True,ok,data/nips2017/images/b76e552d4b3ec0c3.png,outputs/nips2017/nips2017_selected_20260714_195944/swin/ablation_and_no_verifier/sample_0737/images/final_selected.png
swin,738,b86d604067f50613,489,997,656,436,False,True,False,False,True,ok,data/nips2017/images/b86d604067f50613.png,outputs/nips2017/nips2017_selected_20260714_195944/swin/ablation_and_no_verifier/sample_0738/images/final_selected.png
swin,739,b89dbfcc49dcf156,888,466,888,663,True,True,True,True,True,ok,data/nips2017/images/b89dbfcc49dcf156.png,outputs/nips2017/nips2017_selected_20260714_195944/swin/ablation_and_no_verifier/sample_0739/images/final_selected.png
swin,740,b97f4b95ae696316,517,398,517,517,True,False,False,False,True,ok,data/nips2017/images/b97f4b95ae696316.png,outputs/nips2017/nips2017_selected_20260714_195944/swin/ablation_and_no_verifier/sample_0740/images/final_selected.png
swin,741,b239b5b3e1642f3b,913,745,913,975,True,True,True,True,True,ok,data/nips2017/images/b239b5b3e1642f3b.png,outputs/nips2017/nips2017_selected_20260714_195944/swin/ablation_and_no_verifier/sample_0741/images/final_selected.png
swin,742,b0619a61cf135f5e,984,419,984,595,True,True,True,True,True,ok,data/nips2017/images/b0619a61cf135f5e.png,outputs/nips2017/nips2017_selected_20260714_195944/swin/ablation_and_no_verifier/sample_0742/images/final_selected.png
swin,743,b648e8dfcb4fbc99,981,571,701,701,False,True,False,False,True,ok,data/nips2017/images/b648e8dfcb4fbc99.png,outputs/nips2017/nips2017_selected_20260714_195944/swin/ablation_and_no_verifier/sample_0743/images/final_selected.png
swin,744,b722c809657aecee,776,639,776,776,True,False,False,False,True,ok,data/nips2017/images/b722c809657aecee.png,outputs/nips2017/nips2017_selected_20260714_195944/swin/ablation_and_no_verifier/sample_0744/images/final_selected.png
swin,745,b5548ecffa20aac8,933,107,933,923,True,True,True,True,True,ok,data/nips2017/images/b5548ecffa20aac8.png,outputs/nips2017/nips2017_selected_20260714_195944/swin/ablation_and_no_verifier/sample_0745/images/final_selected.png
swin,746,b8596bba57a73794,351,40,351,348,True,True,True,True,True,ok,data/nips2017/images/b8596bba57a73794.png,outputs/nips2017/nips2017_selected_20260714_195944/swin/ablation_and_no_verifier/sample_0746/images/final_selected.png
swin,747,b9310b9080c06e4f,866,268,866,701,True,True,True,True,True,ok,data/nips2017/images/b9310b9080c06e4f.png,outputs/nips2017/nips2017_selected_20260714_195944/swin/ablation_and_no_verifier/sample_0747/images/final_selected.png
swin,748,b217644382dcd864,511,707,511,974,True,True,True,True,True,ok,data/nips2017/images/b217644382dcd864.png,outputs/nips2017/nips2017_selected_20260714_195944/swin/ablation_and_no_verifier/sample_0748/images/final_selected.png
swin,749,ba4b978112a20be1,971,15,971,203,True,True,True,True,True,ok,data/nips2017/images/ba4b978112a20be1.png,outputs/nips2017/nips2017_selected_20260714_195944/swin/ablation_and_no_verifier/sample_0749/images/final_selected.png
swin,750,ba4508962af69d90,672,826,672,915,True,True,True,True,True,ok,data/nips2017/images/ba4508962af69d90.png,outputs/nips2017/nips2017_selected_20260714_195944/swin/ablation_and_no_verifier/sample_0750/images/final_selected.png
swin,751,baeb1300832574aa,971,659,971,980,True,True,True,True,True,ok,data/nips2017/images/baeb1300832574aa.png,outputs/nips2017/nips2017_selected_20260714_195944/swin/ablation_and_no_verifier/sample_0751/images/final_selected.png
swin,752,bb03be3702584eeb,671,623,671,444,True,True,True,True,True,ok,data/nips2017/images/bb03be3702584eeb.png,outputs/nips2017/nips2017_selected_20260714_195944/swin/ablation_and_no_verifier/sample_0752/images/final_selected.png
swin,753,bb6fcb4a52b4fc0f,734,509,734,656,True,True,True,True,True,ok,data/nips2017/images/bb6fcb4a52b4fc0f.png,outputs/nips2017/nips2017_selected_20260714_195944/swin/ablation_and_no_verifier/sample_0753/images/final_selected.png
swin,754,bb748281da5e8681,347,693,347,958,True,True,True,True,True,ok,data/nips2017/images/bb748281da5e8681.png,outputs/nips2017/nips2017_selected_20260714_195944/swin/ablation_and_no_verifier/sample_0754/images/final_selected.png
swin,755,bba5c56cc3eb07c9,920,593,920,561,True,True,True,True,True,ok,data/nips2017/images/bba5c56cc3eb07c9.png,outputs/nips2017/nips2017_selected_20260714_195944/swin/ablation_and_no_verifier/sample_0755/images/final_selected.png
swin,756,bc7dff0960bb3335,442,764,442,497,True,True,True,True,True,ok,data/nips2017/images/bc7dff0960bb3335.png,outputs/nips2017/nips2017_selected_20260714_195944/swin/ablation_and_no_verifier/sample_0756/images/final_selected.png
swin,757,bc9a5e01c02e759e,922,17,922,749,True,True,True,True,True,ok,data/nips2017/images/bc9a5e01c02e759e.png,outputs/nips2017/nips2017_selected_20260714_195944/swin/ablation_and_no_verifier/sample_0757/images/final_selected.png
swin,758,bd3617fcc985fe31,832,60,832,698,True,True,True,True,True,ok,data/nips2017/images/bd3617fcc985fe31.png,outputs/nips2017/nips2017_selected_20260714_195944/swin/ablation_and_no_verifier/sample_0758/images/final_selected.png
swin,759,be1c43056c5d0085,144,435,144,975,True,True,True,True,True,ok,data/nips2017/images/be1c43056c5d0085.png,outputs/nips2017/nips2017_selected_20260714_195944/swin/ablation_and_no_verifier/sample_0759/images/final_selected.png
swin,760,be9a3bea2989a0b4,717,676,717,436,True,True,True,True,True,ok,data/nips2017/images/be9a3bea2989a0b4.png,outputs/nips2017/nips2017_selected_20260714_195944/swin/ablation_and_no_verifier/sample_0760/images/final_selected.png
swin,761,be95f5be87f6fadd,458,602,458,406,True,True,True,True,True,ok,data/nips2017/images/be95f5be87f6fadd.png,outputs/nips2017/nips2017_selected_20260714_195944/swin/ablation_and_no_verifier/sample_0761/images/final_selected.png
swin,762,be97d1e63c32043e,94,229,94,723,True,True,True,True,True,ok,data/nips2017/images/be97d1e63c32043e.png,outputs/nips2017/nips2017_selected_20260714_195944/swin/ablation_and_no_verifier/sample_0762/images/final_selected.png
swin,763,be5543dc68f0b970,779,635,779,912,True,True,True,True,True,ok,data/nips2017/images/be5543dc68f0b970.png,outputs/nips2017/nips2017_selected_20260714_195944/swin/ablation_and_no_verifier/sample_0763/images/final_selected.png
swin,764,beb3e55c385feb12,814,880,814,975,True,True,True,True,True,ok,data/nips2017/images/beb3e55c385feb12.png,outputs/nips2017/nips2017_selected_20260714_195944/swin/ablation_and_no_verifier/sample_0764/images/final_selected.png
swin,765,becf3b004177ded6,985,456,985,489,True,True,True,True,True,ok,data/nips2017/images/becf3b004177ded6.png,outputs/nips2017/nips2017_selected_20260714_195944/swin/ablation_and_no_verifier/sample_0765/images/final_selected.png
swin,766,bfb2aaf48d7fc08c,978,952,978,967,True,True,True,True,True,ok,data/nips2017/images/bfb2aaf48d7fc08c.png,outputs/nips2017/nips2017_selected_20260714_195944/swin/ablation_and_no_verifier/sample_0766/images/final_selected.png
swin,767,c0e0c11350b8740e,318,697,318,318,True,False,False,False,True,ok,data/nips2017/images/c0e0c11350b8740e.png,outputs/nips2017/nips2017_selected_20260714_195944/swin/ablation_and_no_verifier/sample_0767/images/final_selected.png
swin,768,c02ff39fe5832f4b,904,674,904,498,True,True,True,True,True,ok,data/nips2017/images/c02ff39fe5832f4b.png,outputs/nips2017/nips2017_selected_20260714_195944/swin/ablation_and_no_verifier/sample_0768/images/final_selected.png
swin,769,c3cf76709c87255b,675,223,675,407,True,True,True,True,True,ok,data/nips2017/images/c3cf76709c87255b.png,outputs/nips2017/nips2017_selected_20260714_195944/swin/ablation_and_no_verifier/sample_0769/images/final_selected.png
swin,770,c3e9a84e039df3ce,468,764,468,436,True,True,True,True,True,ok,data/nips2017/images/c3e9a84e039df3ce.png,outputs/nips2017/nips2017_selected_20260714_195944/swin/ablation_and_no_verifier/sample_0770/images/final_selected.png
swin,771,c3f452167c39302f,295,921,295,294,True,True,True,True,True,ok,data/nips2017/images/c3f452167c39302f.png,outputs/nips2017/nips2017_selected_20260714_195944/swin/ablation_and_no_verifier/sample_0771/images/final_selected.png
swin,772,c5c9d17672ff88ce,457,265,457,854,True,True,True,True,True,ok,data/nips2017/images/c5c9d17672ff88ce.png,outputs/nips2017/nips2017_selected_20260714_195944/swin/ablation_and_no_verifier/sample_0772/images/final_selected.png
swin,773,c5f5e09f4f5fd41a,403,420,403,724,True,True,True,True,True,ok,data/nips2017/images/c5f5e09f4f5fd41a.png,outputs/nips2017/nips2017_selected_20260714_195944/swin/ablation_and_no_verifier/sample_0773/images/final_selected.png
swin,774,c6b5f6c1d79dffc6,582,651,582,943,True,True,True,True,True,ok,data/nips2017/images/c6b5f6c1d79dffc6.png,outputs/nips2017/nips2017_selected_20260714_195944/swin/ablation_and_no_verifier/sample_0774/images/final_selected.png
swin,775,c6e0d2ab3bbf4a3e,705,837,705,974,True,True,True,True,True,ok,data/nips2017/images/c6e0d2ab3bbf4a3e.png,outputs/nips2017/nips2017_selected_20260714_195944/swin/ablation_and_no_verifier/sample_0775/images/final_selected.png
swin,776,c7d0c73d636300f5,829,800,829,705,True,True,True,True,True,ok,data/nips2017/images/c7d0c73d636300f5.png,outputs/nips2017/nips2017_selected_20260714_195944/swin/ablation_and_no_verifier/sample_0776/images/final_selected.png
swin,777,c8abefc975e94b10,874,674,874,974,True,True,True,True,True,ok,data/nips2017/images/c8abefc975e94b10.png,outputs/nips2017/nips2017_selected_20260714_195944/swin/ablation_and_no_verifier/sample_0777/images/final_selected.png
swin,778,c9ddfb1043177de8,974,116,974,980,True,True,True,True,True,ok,data/nips2017/images/c9ddfb1043177de8.png,outputs/nips2017/nips2017_selected_20260714_195944/swin/ablation_and_no_verifier/sample_0778/images/final_selected.png
swin,779,c10f6e0689efbc1c,887,296,887,738,True,True,True,True,True,ok,data/nips2017/images/c10f6e0689efbc1c.png,outputs/nips2017/nips2017_selected_20260714_195944/swin/ablation_and_no_verifier/sample_0779/images/final_selected.png
swin,780,c17d39b1eba4cc03,668,731,668,437,True,True,True,True,True,ok,data/nips2017/images/c17d39b1eba4cc03.png,outputs/nips2017/nips2017_selected_20260714_195944/swin/ablation_and_no_verifier/sample_0780/images/final_selected.png
swin,781,c25da85d5d62b000,403,218,403,978,True,True,True,True,True,ok,data/nips2017/images/c25da85d5d62b000.png,outputs/nips2017/nips2017_selected_20260714_195944/swin/ablation_and_no_verifier/sample_0781/images/final_selected.png
swin,782,c27e3bde18fba21b,322,127,322,325,True,True,True,True,True,ok,data/nips2017/images/c27e3bde18fba21b.png,outputs/nips2017/nips2017_selected_20260714_195944/swin/ablation_and_no_verifier/sample_0782/images/final_selected.png
swin,783,c35cd0d5673ec1db,962,366,962,945,True,True,True,True,True,ok,data/nips2017/images/c35cd0d5673ec1db.png,outputs/nips2017/nips2017_selected_20260714_195944/swin/ablation_and_no_verifier/sample_0783/images/final_selected.png
swin,784,c036b20afde859b7,280,507,280,272,True,True,True,True,True,ok,data/nips2017/images/c036b20afde859b7.png,outputs/nips2017/nips2017_selected_20260714_195944/swin/ablation_and_no_verifier/sample_0784/images/final_selected.png
swin,785,c42c88890b5fc86d,670,111,670,974,True,True,True,True,True,ok,data/nips2017/images/c42c88890b5fc86d.png,outputs/nips2017/nips2017_selected_20260714_195944/swin/ablation_and_no_verifier/sample_0785/images/final_selected.png
swin,786,c47ca11294a9aefe,546,118,546,634,True,True,True,True,True,ok,data/nips2017/images/c47ca11294a9aefe.png,outputs/nips2017/nips2017_selected_20260714_195944/swin/ablation_and_no_verifier/sample_0786/images/final_selected.png
swin,787,c83cfca4bc9dd3c7,695,729,695,835,True,True,True,True,True,ok,data/nips2017/images/c83cfca4bc9dd3c7.png,outputs/nips2017/nips2017_selected_20260714_195944/swin/ablation_and_no_verifier/sample_0787/images/final_selected.png
swin,788,c84cbc2c05227bee,436,978,436,609,True,False,True,False,False,ok,data/nips2017/images/c84cbc2c05227bee.png,outputs/nips2017/nips2017_selected_20260714_195944/swin/ablation_and_no_verifier/sample_0788/images/final_selected.png
swin,789,c96c3eab644075d3,347,299,347,345,True,True,True,True,True,ok,data/nips2017/images/c96c3eab644075d3.png,outputs/nips2017/nips2017_selected_20260714_195944/swin/ablation_and_no_verifier/sample_0789/images/final_selected.png
swin,790,c98a8640dcfaa5e0,746,846,746,450,True,True,True,True,True,ok,data/nips2017/images/c98a8640dcfaa5e0.png,outputs/nips2017/nips2017_selected_20260714_195944/swin/ablation_and_no_verifier/sample_0790/images/final_selected.png
swin,791,c135b139d293f7f2,346,490,346,354,True,True,True,True,True,ok,data/nips2017/images/c135b139d293f7f2.png,outputs/nips2017/nips2017_selected_20260714_195944/swin/ablation_and_no_verifier/sample_0791/images/final_selected.png
swin,792,c335ce88293384f2,734,628,407,407,False,True,False,False,True,ok,data/nips2017/images/c335ce88293384f2.png,outputs/nips2017/nips2017_selected_20260714_195944/swin/ablation_and_no_verifier/sample_0792/images/final_selected.png
swin,793,c609f86fa706bb9e,112,888,112,114,True,True,True,True,True,ok,data/nips2017/images/c609f86fa706bb9e.png,outputs/nips2017/nips2017_selected_20260714_195944/swin/ablation_and_no_verifier/sample_0793/images/final_selected.png
swin,794,c755f3b0f89028fc,565,826,565,569,True,True,True,True,True,ok,data/nips2017/images/c755f3b0f89028fc.png,outputs/nips2017/nips2017_selected_20260714_195944/swin/ablation_and_no_verifier/sample_0794/images/final_selected.png
swin,795,c777da68bec01dcd,486,583,486,889,True,True,True,True,True,ok,data/nips2017/images/c777da68bec01dcd.png,outputs/nips2017/nips2017_selected_20260714_195944/swin/ablation_and_no_verifier/sample_0795/images/final_selected.png
swin,796,c4824f023903731a,737,816,737,648,True,True,True,True,True,ok,data/nips2017/images/c4824f023903731a.png,outputs/nips2017/nips2017_selected_20260714_195944/swin/ablation_and_no_verifier/sample_0796/images/final_selected.png
swin,797,c9302f3b2b0452e4,883,891,883,787,True,True,True,True,True,ok,data/nips2017/images/c9302f3b2b0452e4.png,outputs/nips2017/nips2017_selected_20260714_195944/swin/ablation_and_no_verifier/sample_0797/images/final_selected.png
swin,798,c43077b2283479be,13,764,13,94,True,True,True,True,True,ok,data/nips2017/images/c43077b2283479be.png,outputs/nips2017/nips2017_selected_20260714_195944/swin/ablation_and_no_verifier/sample_0798/images/final_selected.png
swin,799,c66310d8b709d6d5,762,105,762,532,True,True,True,True,True,ok,data/nips2017/images/c66310d8b709d6d5.png,outputs/nips2017/nips2017_selected_20260714_195944/swin/ablation_and_no_verifier/sample_0799/images/final_selected.png
swin,800,c96358fe7b8eaf28,705,491,705,598,True,True,True,True,True,ok,data/nips2017/images/c96358fe7b8eaf28.png,outputs/nips2017/nips2017_selected_20260714_195944/swin/ablation_and_no_verifier/sample_0800/images/final_selected.png
swin,801,c135337ca7a575ae,347,177,347,345,True,True,True,True,True,ok,data/nips2017/images/c135337ca7a575ae.png,outputs/nips2017/nips2017_selected_20260714_195944/swin/ablation_and_no_verifier/sample_0801/images/final_selected.png
swin,802,c179282bd977c6e0,671,104,671,870,True,True,True,True,True,ok,data/nips2017/images/c179282bd977c6e0.png,outputs/nips2017/nips2017_selected_20260714_195944/swin/ablation_and_no_verifier/sample_0802/images/final_selected.png
swin,803,c663670c06c06ea4,908,902,908,807,True,True,True,True,True,ok,data/nips2017/images/c663670c06c06ea4.png,outputs/nips2017/nips2017_selected_20260714_195944/swin/ablation_and_no_verifier/sample_0803/images/final_selected.png
swin,804,c819099fed6f0d73,961,776,961,930,True,True,True,True,True,ok,data/nips2017/images/c819099fed6f0d73.png,outputs/nips2017/nips2017_selected_20260714_195944/swin/ablation_and_no_verifier/sample_0804/images/final_selected.png
swin,805,c8231978dc765004,471,740,471,471,True,False,False,False,True,ok,data/nips2017/images/c8231978dc765004.png,outputs/nips2017/nips2017_selected_20260714_195944/swin/ablation_and_no_verifier/sample_0805/images/final_selected.png
swin,806,c6166621198a3de4,985,746,985,985,True,False,False,False,True,ok,data/nips2017/images/c6166621198a3de4.png,outputs/nips2017/nips2017_selected_20260714_195944/swin/ablation_and_no_verifier/sample_0806/images/final_selected.png
swin,807,ca50e3535eb6396c,555,928,555,974,True,True,True,True,True,ok,data/nips2017/images/ca50e3535eb6396c.png,outputs/nips2017/nips2017_selected_20260714_195944/swin/ablation_and_no_verifier/sample_0807/images/final_selected.png
swin,808,cb63df64516985c1,634,771,634,912,True,True,True,True,True,ok,data/nips2017/images/cb63df64516985c1.png,outputs/nips2017/nips2017_selected_20260714_195944/swin/ablation_and_no_verifier/sample_0808/images/final_selected.png
swin,809,cb71a056a8e05bb2,319,940,319,311,True,True,True,True,True,ok,data/nips2017/images/cb71a056a8e05bb2.png,outputs/nips2017/nips2017_selected_20260714_195944/swin/ablation_and_no_verifier/sample_0809/images/final_selected.png
swin,810,cbaff3255afbe83f,560,852,560,981,True,True,True,True,True,ok,data/nips2017/images/cbaff3255afbe83f.png,outputs/nips2017/nips2017_selected_20260714_195944/swin/ablation_and_no_verifier/sample_0810/images/final_selected.png
swin,811,cbcb7444cc827812,762,785,762,818,True,True,True,True,True,ok,data/nips2017/images/cbcb7444cc827812.png,outputs/nips2017/nips2017_selected_20260714_195944/swin/ablation_and_no_verifier/sample_0811/images/final_selected.png
swin,812,cc8d850717026796,661,790,661,980,True,True,True,True,True,ok,data/nips2017/images/cc8d850717026796.png,outputs/nips2017/nips2017_selected_20260714_195944/swin/ablation_and_no_verifier/sample_0812/images/final_selected.png
swin,813,cc13c2bc5cdd1f44,559,740,559,516,True,True,True,True,True,ok,data/nips2017/images/cc13c2bc5cdd1f44.png,outputs/nips2017/nips2017_selected_20260714_195944/swin/ablation_and_no_verifier/sample_0813/images/final_selected.png
swin,814,cc283b8f7f46fbf0,573,961,573,525,True,True,True,True,True,ok,data/nips2017/images/cc283b8f7f46fbf0.png,outputs/nips2017/nips2017_selected_20260714_195944/swin/ablation_and_no_verifier/sample_0814/images/final_selected.png
swin,815,cc43200264a62126,980,589,980,970,True,True,True,True,True,ok,data/nips2017/images/cc43200264a62126.png,outputs/nips2017/nips2017_selected_20260714_195944/swin/ablation_and_no_verifier/sample_0815/images/final_selected.png
swin,816,ccbcaf10176e78e0,922,857,922,692,True,True,True,True,True,ok,data/nips2017/images/ccbcaf10176e78e0.png,outputs/nips2017/nips2017_selected_20260714_195944/swin/ablation_and_no_verifier/sample_0816/images/final_selected.png
swin,817,cd2d2889ef7ac51c,923,606,923,923,True,False,False,False,True,ok,data/nips2017/images/cd2d2889ef7ac51c.png,outputs/nips2017/nips2017_selected_20260714_195944/swin/ablation_and_no_verifier/sample_0817/images/final_selected.png
swin,818,cd40b0e46c9da574,661,738,661,405,True,True,True,True,True,ok,data/nips2017/images/cd40b0e46c9da574.png,outputs/nips2017/nips2017_selected_20260714_195944/swin/ablation_and_no_verifier/sample_0818/images/final_selected.png
swin,819,ce05236afebb173d,535,509,535,671,True,True,True,True,True,ok,data/nips2017/images/ce05236afebb173d.png,outputs/nips2017/nips2017_selected_20260714_195944/swin/ablation_and_no_verifier/sample_0819/images/final_selected.png
swin,820,cebd45d7200f6111,70,946,70,327,True,True,True,True,True,ok,data/nips2017/images/cebd45d7200f6111.png,outputs/nips2017/nips2017_selected_20260714_195944/swin/ablation_and_no_verifier/sample_0820/images/final_selected.png
swin,821,cec46dbd1fa3473a,897,245,897,688,True,True,True,True,True,ok,data/nips2017/images/cec46dbd1fa3473a.png,outputs/nips2017/nips2017_selected_20260714_195944/swin/ablation_and_no_verifier/sample_0821/images/final_selected.png
swin,822,cfab8f880da31ad8,540,307,540,517,True,True,True,True,True,ok,data/nips2017/images/cfab8f880da31ad8.png,outputs/nips2017/nips2017_selected_20260714_195944/swin/ablation_and_no_verifier/sample_0822/images/final_selected.png
swin,823,d0c6c29954f0380b,430,95,430,643,True,True,True,True,True,ok,data/nips2017/images/d0c6c29954f0380b.png,outputs/nips2017/nips2017_selected_20260714_195944/swin/ablation_and_no_verifier/sample_0823/images/final_selected.png
swin,824,d0fe8afb55c3c7cd,497,777,497,442,True,True,True,True,True,ok,data/nips2017/images/d0fe8afb55c3c7cd.png,outputs/nips2017/nips2017_selected_20260714_195944/swin/ablation_and_no_verifier/sample_0824/images/final_selected.png
swin,825,d1a723656dc08b5e,821,813,821,718,True,True,True,True,True,ok,data/nips2017/images/d1a723656dc08b5e.png,outputs/nips2017/nips2017_selected_20260714_195944/swin/ablation_and_no_verifier/sample_0825/images/final_selected.png
swin,826,d02adcb9140880a1,915,782,915,970,True,True,True,True,True,ok,data/nips2017/images/d02adcb9140880a1.png,outputs/nips2017/nips2017_selected_20260714_195944/swin/ablation_and_no_verifier/sample_0826/images/final_selected.png
swin,827,d2cc2eabfc7bf54a,555,720,555,517,True,True,True,True,True,ok,data/nips2017/images/d2cc2eabfc7bf54a.png,outputs/nips2017/nips2017_selected_20260714_195944/swin/ablation_and_no_verifier/sample_0827/images/final_selected.png
swin,828,d2d2b255935f0aae,947,431,947,995,True,True,True,True,True,ok,data/nips2017/images/d2d2b255935f0aae.png,outputs/nips2017/nips2017_selected_20260714_195944/swin/ablation_and_no_verifier/sample_0828/images/final_selected.png
swin,829,d2d6ae6e0b8a0c31,985,600,985,885,True,True,True,True,True,ok,data/nips2017/images/d2d6ae6e0b8a0c31.png,outputs/nips2017/nips2017_selected_20260714_195944/swin/ablation_and_no_verifier/sample_0829/images/final_selected.png
swin,830,d3a88c50958b1b5f,976,999,976,972,True,True,True,True,True,ok,data/nips2017/images/d3a88c50958b1b5f.png,outputs/nips2017/nips2017_selected_20260714_195944/swin/ablation_and_no_verifier/sample_0830/images/final_selected.png
swin,831,d3aa8ee50458c020,430,873,430,430,True,False,False,False,True,ok,data/nips2017/images/d3aa8ee50458c020.png,outputs/nips2017/nips2017_selected_20260714_195944/swin/ablation_and_no_verifier/sample_0831/images/final_selected.png
swin,832,d4c817db6be62b71,94,163,94,95,True,True,True,True,True,ok,data/nips2017/images/d4c817db6be62b71.png,outputs/nips2017/nips2017_selected_20260714_195944/swin/ablation_and_no_verifier/sample_0832/images/final_selected.png
swin,833,d5d5f843f100328c,885,537,885,911,True,True,True,True,True,ok,data/nips2017/images/d5d5f843f100328c.png,outputs/nips2017/nips2017_selected_20260714_195944/swin/ablation_and_no_verifier/sample_0833/images/final_selected.png
swin,834,d6d42f8a1f6b4460,665,373,665,870,True,True,True,True,True,ok,data/nips2017/images/d6d42f8a1f6b4460.png,outputs/nips2017/nips2017_selected_20260714_195944/swin/ablation_and_no_verifier/sample_0834/images/final_selected.png
swin,835,d6d192c5786f29f5,472,829,472,974,True,True,True,True,True,ok,data/nips2017/images/d6d192c5786f29f5.png,outputs/nips2017/nips2017_selected_20260714_195944/swin/ablation_and_no_verifier/sample_0835/images/final_selected.png
swin,836,d6eac6858474111c,322,249,322,952,True,True,True,True,True,ok,data/nips2017/images/d6eac6858474111c.png,outputs/nips2017/nips2017_selected_20260714_195944/swin/ablation_and_no_verifier/sample_0836/images/final_selected.png
swin,837,d7c1d1632cf0acc7,403,872,403,536,True,True,True,True,True,ok,data/nips2017/images/d7c1d1632cf0acc7.png,outputs/nips2017/nips2017_selected_20260714_195944/swin/ablation_and_no_verifier/sample_0837/images/final_selected.png
swin,838,d7c8008bf74f2324,814,671,814,975,True,True,True,True,True,ok,data/nips2017/images/d7c8008bf74f2324.png,outputs/nips2017/nips2017_selected_20260714_195944/swin/ablation_and_no_verifier/sample_0838/images/final_selected.png
swin,839,d7d5b34ea0a0ffcf,877,969,877,879,True,True,True,True,True,ok,data/nips2017/images/d7d5b34ea0a0ffcf.png,outputs/nips2017/nips2017_selected_20260714_195944/swin/ablation_and_no_verifier/sample_0839/images/final_selected.png
swin,840,d7d8fc1442a82a8e,21,845,21,94,True,True,True,True,True,ok,data/nips2017/images/d7d8fc1442a82a8e.png,outputs/nips2017/nips2017_selected_20260714_195944/swin/ablation_and_no_verifier/sample_0840/images/final_selected.png
swin,841,d7de327bbf412965,489,659,489,422,True,True,True,True,True,ok,data/nips2017/images/d7de327bbf412965.png,outputs/nips2017/nips2017_selected_20260714_195944/swin/ablation_and_no_verifier/sample_0841/images/final_selected.png
swin,842,d7ffed8f21024a14,751,921,751,974,True,True,True,True,True,ok,data/nips2017/images/d7ffed8f21024a14.png,outputs/nips2017/nips2017_selected_20260714_195944/swin/ablation_and_no_verifier/sample_0842/images/final_selected.png
swin,843,d8b0101e2459882a,654,87,829,829,False,True,False,False,True,ok,data/nips2017/images/d8b0101e2459882a.png,outputs/nips2017/nips2017_selected_20260714_195944/swin/ablation_and_no_verifier/sample_0843/images/final_selected.png
swin,844,d9da4e5ef53d5e8b,640,486,640,576,True,True,True,True,True,ok,data/nips2017/images/d9da4e5ef53d5e8b.png,outputs/nips2017/nips2017_selected_20260714_195944/swin/ablation_and_no_verifier/sample_0844/images/final_selected.png
swin,845,d9f624188d16fe93,39,601,39,46,True,True,True,True,True,ok,data/nips2017/images/d9f624188d16fe93.png,outputs/nips2017/nips2017_selected_20260714_195944/swin/ablation_and_no_verifier/sample_0845/images/final_selected.png
swin,846,d12aad0d18252b40,324,38,324,990,True,True,True,True,True,ok,data/nips2017/images/d12aad0d18252b40.png,outputs/nips2017/nips2017_selected_20260714_195944/swin/ablation_and_no_verifier/sample_0846/images/final_selected.png
swin,847,d016b3204e7ca96e,791,777,791,436,True,True,True,True,True,ok,data/nips2017/images/d016b3204e7ca96e.png,outputs/nips2017/nips2017_selected_20260714_195944/swin/ablation_and_no_verifier/sample_0847/images/final_selected.png
swin,848,d23fd2119c4f5dec,328,122,328,973,True,True,True,True,True,ok,data/nips2017/images/d23fd2119c4f5dec.png,outputs/nips2017/nips2017_selected_20260714_195944/swin/ablation_and_no_verifier/sample_0848/images/final_selected.png
swin,849,d25df1a8259d3fdf,160,832,160,226,True,True,True,True,True,ok,data/nips2017/images/d25df1a8259d3fdf.png,outputs/nips2017/nips2017_selected_20260714_195944/swin/ablation_and_no_verifier/sample_0849/images/final_selected.png
swin,850,d0029b3675b792ae,789,901,789,706,True,True,True,True,True,ok,data/nips2017/images/d0029b3675b792ae.png,outputs/nips2017/nips2017_selected_20260714_195944/swin/ablation_and_no_verifier/sample_0850/images/final_selected.png
swin,851,d34c51d7523e9c0f,646,654,646,975,True,True,True,True,True,ok,data/nips2017/images/d34c51d7523e9c0f.png,outputs/nips2017/nips2017_selected_20260714_195944/swin/ablation_and_no_verifier/sample_0851/images/final_selected.png
swin,852,d47c9aabecda0e12,985,198,985,854,True,True,True,True,True,ok,data/nips2017/images/d47c9aabecda0e12.png,outputs/nips2017/nips2017_selected_20260714_195944/swin/ablation_and_no_verifier/sample_0852/images/final_selected.png
swin,853,d051e0bd46125123,668,775,668,974,True,False,True,False,False,ok,data/nips2017/images/d051e0bd46125123.png,outputs/nips2017/nips2017_selected_20260714_195944/swin/ablation_and_no_verifier/sample_0853/images/final_selected.png
swin,854,d67b326ef48bb7b7,873,545,873,663,True,True,True,True,True,ok,data/nips2017/images/d67b326ef48bb7b7.png,outputs/nips2017/nips2017_selected_20260714_195944/swin/ablation_and_no_verifier/sample_0854/images/final_selected.png
swin,855,d72f34526e12fd83,441,324,441,706,True,True,True,True,True,ok,data/nips2017/images/d72f34526e12fd83.png,outputs/nips2017/nips2017_selected_20260714_195944/swin/ablation_and_no_verifier/sample_0855/images/final_selected.png
swin,856,d77af00930283f4b,900,648,900,821,True,True,True,True,True,ok,data/nips2017/images/d77af00930283f4b.png,outputs/nips2017/nips2017_selected_20260714_195944/swin/ablation_and_no_verifier/sample_0856/images/final_selected.png
swin,857,d97c1f3f1c211d1a,978,466,978,327,True,True,True,True,True,ok,data/nips2017/images/d97c1f3f1c211d1a.png,outputs/nips2017/nips2017_selected_20260714_195944/swin/ablation_and_no_verifier/sample_0857/images/final_selected.png
swin,858,d392f0639c17f396,807,589,807,525,True,True,True,True,True,ok,data/nips2017/images/d392f0639c17f396.png,outputs/nips2017/nips2017_selected_20260714_195944/swin/ablation_and_no_verifier/sample_0858/images/final_selected.png
swin,859,d531a31add433f46,763,768,763,764,True,True,True,True,True,ok,data/nips2017/images/d531a31add433f46.png,outputs/nips2017/nips2017_selected_20260714_195944/swin/ablation_and_no_verifier/sample_0859/images/final_selected.png
swin,860,d741b583a123562b,320,791,320,974,True,True,True,True,True,ok,data/nips2017/images/d741b583a123562b.png,outputs/nips2017/nips2017_selected_20260714_195944/swin/ablation_and_no_verifier/sample_0860/images/final_selected.png
swin,861,d959fd91192d5717,628,595,628,628,True,False,False,False,True,ok,data/nips2017/images/d959fd91192d5717.png,outputs/nips2017/nips2017_selected_20260714_195944/swin/ablation_and_no_verifier/sample_0861/images/final_selected.png
swin,862,d1709eec353a6f93,296,555,296,208,True,True,True,True,True,ok,data/nips2017/images/d1709eec353a6f93.png,outputs/nips2017/nips2017_selected_20260714_195944/swin/ablation_and_no_verifier/sample_0862/images/final_selected.png
swin,863,d3551db0b83c8fc0,617,323,617,697,True,True,True,True,True,ok,data/nips2017/images/d3551db0b83c8fc0.png,outputs/nips2017/nips2017_selected_20260714_195944/swin/ablation_and_no_verifier/sample_0863/images/final_selected.png
swin,864,d6887e8d19a06139,562,44,562,698,True,True,True,True,True,ok,data/nips2017/images/d6887e8d19a06139.png,outputs/nips2017/nips2017_selected_20260714_195944/swin/ablation_and_no_verifier/sample_0864/images/final_selected.png
swin,865,d7984e6e1a51b3c4,517,936,517,595,True,True,True,True,True,ok,data/nips2017/images/d7984e6e1a51b3c4.png,outputs/nips2017/nips2017_selected_20260714_195944/swin/ablation_and_no_verifier/sample_0865/images/final_selected.png
swin,866,d46216d31908163e,895,784,895,908,True,True,True,True,True,ok,data/nips2017/images/d46216d31908163e.png,outputs/nips2017/nips2017_selected_20260714_195944/swin/ablation_and_no_verifier/sample_0866/images/final_selected.png
swin,867,d158837db31ed892,518,803,518,974,True,True,True,True,True,ok,data/nips2017/images/d158837db31ed892.png,outputs/nips2017/nips2017_selected_20260714_195944/swin/ablation_and_no_verifier/sample_0867/images/final_selected.png
swin,868,d204464fcf15ad99,299,268,299,293,True,True,True,True,True,ok,data/nips2017/images/d204464fcf15ad99.png,outputs/nips2017/nips2017_selected_20260714_195944/swin/ablation_and_no_verifier/sample_0868/images/final_selected.png
swin,869,d740663eeccdcecd,437,761,437,437,True,False,False,False,True,ok,data/nips2017/images/d740663eeccdcecd.png,outputs/nips2017/nips2017_selected_20260714_195944/swin/ablation_and_no_verifier/sample_0869/images/final_selected.png
swin,870,d05076189b7fd185,707,764,707,877,True,True,True,True,True,ok,data/nips2017/images/d05076189b7fd185.png,outputs/nips2017/nips2017_selected_20260714_195944/swin/ablation_and_no_verifier/sample_0870/images/final_selected.png
swin,871,d4579363596fbf21,832,888,832,979,True,True,True,True,True,ok,data/nips2017/images/d4579363596fbf21.png,outputs/nips2017/nips2017_selected_20260714_195944/swin/ablation_and_no_verifier/sample_0871/images/final_selected.png
swin,872,d94940216544b2c5,311,621,311,47,True,True,True,True,True,ok,data/nips2017/images/d94940216544b2c5.png,outputs/nips2017/nips2017_selected_20260714_195944/swin/ablation_and_no_verifier/sample_0872/images/final_selected.png
swin,873,d386396825739960,853,226,853,975,True,True,True,True,True,ok,data/nips2017/images/d386396825739960.png,outputs/nips2017/nips2017_selected_20260714_195944/swin/ablation_and_no_verifier/sample_0873/images/final_selected.png
swin,874,da4b3e38b069d735,776,690,776,21,True,True,True,True,True,ok,data/nips2017/images/da4b3e38b069d735.png,outputs/nips2017/nips2017_selected_20260714_195944/swin/ablation_and_no_verifier/sample_0874/images/final_selected.png
swin,875,da4f4d6944d93ae0,734,778,734,751,True,True,True,True,True,ok,data/nips2017/images/da4f4d6944d93ae0.png,outputs/nips2017/nips2017_selected_20260714_195944/swin/ablation_and_no_verifier/sample_0875/images/final_selected.png
swin,876,da7e65bc80814f37,787,602,787,854,True,True,True,True,True,ok,data/nips2017/images/da7e65bc80814f37.png,outputs/nips2017/nips2017_selected_20260714_195944/swin/ablation_and_no_verifier/sample_0876/images/final_selected.png
swin,877,da63f2acf683c0a7,133,616,133,50,True,True,True,True,True,ok,data/nips2017/images/da63f2acf683c0a7.png,outputs/nips2017/nips2017_selected_20260714_195944/swin/ablation_and_no_verifier/sample_0877/images/final_selected.png
swin,878,daa43d65c3b18a84,821,53,821,978,True,True,True,True,True,ok,data/nips2017/images/daa43d65c3b18a84.png,outputs/nips2017/nips2017_selected_20260714_195944/swin/ablation_and_no_verifier/sample_0878/images/final_selected.png
swin,879,daa6404780b1af27,637,998,637,571,True,True,True,True,True,ok,data/nips2017/images/daa6404780b1af27.png,outputs/nips2017/nips2017_selected_20260714_195944/swin/ablation_and_no_verifier/sample_0879/images/final_selected.png
swin,880,dacb07f80166a7fd,448,107,448,619,True,True,True,True,True,ok,data/nips2017/images/dacb07f80166a7fd.png,outputs/nips2017/nips2017_selected_20260714_195944/swin/ablation_and_no_verifier/sample_0880/images/final_selected.png
swin,881,dad40e355e4e8e96,654,847,654,436,True,True,True,True,True,ok,data/nips2017/images/dad40e355e4e8e96.png,outputs/nips2017/nips2017_selected_20260714_195944/swin/ablation_and_no_verifier/sample_0881/images/final_selected.png
swin,882,db6c6671a6924eba,406,411,406,406,True,False,False,False,True,ok,data/nips2017/images/db6c6671a6924eba.png,outputs/nips2017/nips2017_selected_20260714_195944/swin/ablation_and_no_verifier/sample_0882/images/final_selected.png
swin,883,dc12a25cc85ee9cf,646,895,646,964,True,True,True,True,True,ok,data/nips2017/images/dc12a25cc85ee9cf.png,outputs/nips2017/nips2017_selected_20260714_195944/swin/ablation_and_no_verifier/sample_0883/images/final_selected.png
swin,884,dcb6b32cd80f2b1f,555,831,555,974,True,True,True,True,True,ok,data/nips2017/images/dcb6b32cd80f2b1f.png,outputs/nips2017/nips2017_selected_20260714_195944/swin/ablation_and_no_verifier/sample_0884/images/final_selected.png
swin,885,dd4d033a9a45552d,391,125,391,33,True,True,True,True,True,ok,data/nips2017/images/dd4d033a9a45552d.png,outputs/nips2017/nips2017_selected_20260714_195944/swin/ablation_and_no_verifier/sample_0885/images/final_selected.png
swin,886,dd722682a9f2b9dd,436,457,436,974,True,True,True,True,True,ok,data/nips2017/images/dd722682a9f2b9dd.png,outputs/nips2017/nips2017_selected_20260714_195944/swin/ablation_and_no_verifier/sample_0886/images/final_selected.png
swin,887,dd984311bff04342,117,523,117,961,True,True,True,True,True,ok,data/nips2017/images/dd984311bff04342.png,outputs/nips2017/nips2017_selected_20260714_195944/swin/ablation_and_no_verifier/sample_0887/images/final_selected.png
swin,888,dde9f0aadcb02874,980,639,980,980,True,False,False,False,True,ok,data/nips2017/images/dde9f0aadcb02874.png,outputs/nips2017/nips2017_selected_20260714_195944/swin/ablation_and_no_verifier/sample_0888/images/final_selected.png
swin,889,dde33b51c8c152d2,734,968,734,656,True,True,True,True,True,ok,data/nips2017/images/dde33b51c8c152d2.png,outputs/nips2017/nips2017_selected_20260714_195944/swin/ablation_and_no_verifier/sample_0889/images/final_selected.png
swin,890,de282cea97167923,304,655,303,303,False,True,False,False,True,ok,data/nips2017/images/de282cea97167923.png,outputs/nips2017/nips2017_selected_20260714_195944/swin/ablation_and_no_verifier/sample_0890/images/final_selected.png
swin,891,de40907c1e2c5515,628,485,628,536,True,True,True,True,True,ok,data/nips2017/images/de40907c1e2c5515.png,outputs/nips2017/nips2017_selected_20260714_195944/swin/ablation_and_no_verifier/sample_0891/images/final_selected.png
swin,892,df2cd1b82d5dec14,518,413,518,974,True,True,True,True,True,ok,data/nips2017/images/df2cd1b82d5dec14.png,outputs/nips2017/nips2017_selected_20260714_195944/swin/ablation_and_no_verifier/sample_0892/images/final_selected.png
swin,893,df58f94361c6d105,609,12,609,864,True,True,True,True,True,ok,data/nips2017/images/df58f94361c6d105.png,outputs/nips2017/nips2017_selected_20260714_195944/swin/ablation_and_no_verifier/sample_0893/images/final_selected.png
swin,894,df874264566c58a9,741,151,741,698,True,True,True,True,True,ok,data/nips2017/images/df874264566c58a9.png,outputs/nips2017/nips2017_selected_20260714_195944/swin/ablation_and_no_verifier/sample_0894/images/final_selected.png
swin,895,e0c0f412d78571dc,733,408,733,807,True,True,True,True,True,ok,data/nips2017/images/e0c0f412d78571dc.png,outputs/nips2017/nips2017_selected_20260714_195944/swin/ablation_and_no_verifier/sample_0895/images/final_selected.png
swin,896,e1c702ed9842dd1c,692,756,917,917,False,True,False,False,True,ok,data/nips2017/images/e1c702ed9842dd1c.png,outputs/nips2017/nips2017_selected_20260714_195944/swin/ablation_and_no_verifier/sample_0896/images/final_selected.png
swin,897,e3a740861f12f49e,819,899,819,595,True,True,True,True,True,ok,data/nips2017/images/e3a740861f12f49e.png,outputs/nips2017/nips2017_selected_20260714_195944/swin/ablation_and_no_verifier/sample_0897/images/final_selected.png
swin,898,e3c3f8889ac99aec,535,896,535,517,True,True,True,True,True,ok,data/nips2017/images/e3c3f8889ac99aec.png,outputs/nips2017/nips2017_selected_20260714_195944/swin/ablation_and_no_verifier/sample_0898/images/final_selected.png
swin,899,e3f5dbed7bd31314,546,863,546,730,True,True,True,True,True,ok,data/nips2017/images/e3f5dbed7bd31314.png,outputs/nips2017/nips2017_selected_20260714_195944/swin/ablation_and_no_verifier/sample_0899/images/final_selected.png
swin,900,e5cf220f8144c192,705,440,705,547,True,True,True,True,True,ok,data/nips2017/images/e5cf220f8144c192.png,outputs/nips2017/nips2017_selected_20260714_195944/swin/ablation_and_no_verifier/sample_0900/images/final_selected.png
swin,901,e5f15610a22098bb,671,574,671,870,True,True,True,True,True,ok,data/nips2017/images/e5f15610a22098bb.png,outputs/nips2017/nips2017_selected_20260714_195944/swin/ablation_and_no_verifier/sample_0901/images/final_selected.png
swin,902,e6e677a28e3bd6d7,603,159,603,730,True,True,True,True,True,ok,data/nips2017/images/e6e677a28e3bd6d7.png,outputs/nips2017/nips2017_selected_20260714_195944/swin/ablation_and_no_verifier/sample_0902/images/final_selected.png
swin,903,e6f2de0c605f1ed3,131,993,133,133,False,True,False,False,True,ok,data/nips2017/images/e6f2de0c605f1ed3.png,outputs/nips2017/nips2017_selected_20260714_195944/swin/ablation_and_no_verifier/sample_0903/images/final_selected.png
swin,904,e7b61bec5e4ca40e,323,673,323,332,True,True,True,True,True,ok,data/nips2017/images/e7b61bec5e4ca40e.png,outputs/nips2017/nips2017_selected_20260714_195944/swin/ablation_and_no_verifier/sample_0904/images/final_selected.png
swin,905,e7cafac174e90143,525,115,525,975,True,True,True,True,True,ok,data/nips2017/images/e7cafac174e90143.png,outputs/nips2017/nips2017_selected_20260714_195944/swin/ablation_and_no_verifier/sample_0905/images/final_selected.png
swin,906,e8c6f75ad26bae84,972,928,972,978,True,True,True,True,True,ok,data/nips2017/images/e8c6f75ad26bae84.png,outputs/nips2017/nips2017_selected_20260714_195944/swin/ablation_and_no_verifier/sample_0906/images/final_selected.png
swin,907,e8c99e0220ab46d2,590,534,590,761,True,True,True,True,True,ok,data/nips2017/images/e8c99e0220ab46d2.png,outputs/nips2017/nips2017_selected_20260714_195944/swin/ablation_and_no_verifier/sample_0907/images/final_selected.png
swin,908,e8d5809ee6888f8f,716,640,716,974,True,True,True,True,True,ok,data/nips2017/images/e8d5809ee6888f8f.png,outputs/nips2017/nips2017_selected_20260714_195944/swin/ablation_and_no_verifier/sample_0908/images/final_selected.png
swin,909,e9ecdf28dc1d5a85,608,191,608,974,True,True,True,True,True,ok,data/nips2017/images/e9ecdf28dc1d5a85.png,outputs/nips2017/nips2017_selected_20260714_195944/swin/ablation_and_no_verifier/sample_0909/images/final_selected.png
swin,910,e19a59ad09d18497,442,914,442,698,True,True,True,True,True,ok,data/nips2017/images/e19a59ad09d18497.png,outputs/nips2017/nips2017_selected_20260714_195944/swin/ablation_and_no_verifier/sample_0910/images/final_selected.png
swin,911,e22a1c8dab22f256,310,10,310,310,True,False,False,False,True,ok,data/nips2017/images/e22a1c8dab22f256.png,outputs/nips2017/nips2017_selected_20260714_195944/swin/ablation_and_no_verifier/sample_0911/images/final_selected.png
swin,912,e37b556e8889d2ec,751,617,751,751,True,False,False,False,True,ok,data/nips2017/images/e37b556e8889d2ec.png,outputs/nips2017/nips2017_selected_20260714_195944/swin/ablation_and_no_verifier/sample_0912/images/final_selected.png
swin,913,e66d732354c6baf0,300,71,300,974,True,True,True,True,True,ok,data/nips2017/images/e66d732354c6baf0.png,outputs/nips2017/nips2017_selected_20260714_195944/swin/ablation_and_no_verifier/sample_0913/images/final_selected.png
swin,914,e071bf346787d971,562,989,562,562,True,False,False,False,True,ok,data/nips2017/images/e071bf346787d971.png,outputs/nips2017/nips2017_selected_20260714_195944/swin/ablation_and_no_verifier/sample_0914/images/final_selected.png
swin,915,e89d48768917f563,458,307,458,637,True,True,True,True,True,ok,data/nips2017/images/e89d48768917f563.png,outputs/nips2017/nips2017_selected_20260714_195944/swin/ablation_and_no_verifier/sample_0915/images/final_selected.png
swin,916,e91abe0f1a7a30f4,751,494,751,974,True,True,True,True,True,ok,data/nips2017/images/e91abe0f1a7a30f4.png,outputs/nips2017/nips2017_selected_20260714_195944/swin/ablation_and_no_verifier/sample_0916/images/final_selected.png
swin,917,e95ef0aeeab7b496,888,859,888,972,True,True,True,True,True,ok,data/nips2017/images/e95ef0aeeab7b496.png,outputs/nips2017/nips2017_selected_20260714_195944/swin/ablation_and_no_verifier/sample_0917/images/final_selected.png
swin,918,e96d52f9fbe3ca0b,630,434,630,774,True,True,True,True,True,ok,data/nips2017/images/e96d52f9fbe3ca0b.png,outputs/nips2017/nips2017_selected_20260714_195944/swin/ablation_and_no_verifier/sample_0918/images/final_selected.png
swin,919,e99ceff3e420ef95,830,767,830,974,True,True,True,True,True,ok,data/nips2017/images/e99ceff3e420ef95.png,outputs/nips2017/nips2017_selected_20260714_195944/swin/ablation_and_no_verifier/sample_0919/images/final_selected.png
swin,920,e758de2cbb3d10a0,304,904,304,303,True,True,True,True,True,ok,data/nips2017/images/e758de2cbb3d10a0.png,outputs/nips2017/nips2017_selected_20260714_195944/swin/ablation_and_no_verifier/sample_0920/images/final_selected.png
swin,921,e957c417fcd20c5b,819,790,819,974,True,True,True,True,True,ok,data/nips2017/images/e957c417fcd20c5b.png,outputs/nips2017/nips2017_selected_20260714_195944/swin/ablation_and_no_verifier/sample_0921/images/final_selected.png
swin,922,e4941a341ace171a,708,297,708,645,True,True,True,True,True,ok,data/nips2017/images/e4941a341ace171a.png,outputs/nips2017/nips2017_selected_20260714_195944/swin/ablation_and_no_verifier/sample_0922/images/final_selected.png
swin,923,e5948d6294eb8ca3,886,675,886,974,True,True,True,True,True,ok,data/nips2017/images/e5948d6294eb8ca3.png,outputs/nips2017/nips2017_selected_20260714_195944/swin/ablation_and_no_verifier/sample_0923/images/final_selected.png
swin,924,e9811aebe8bed6e5,335,409,335,356,True,True,True,True,True,ok,data/nips2017/images/e9811aebe8bed6e5.png,outputs/nips2017/nips2017_selected_20260714_195944/swin/ablation_and_no_verifier/sample_0924/images/final_selected.png
swin,925,e570258f1bef4ade,366,460,366,367,True,True,True,True,True,ok,data/nips2017/images/e570258f1bef4ade.png,outputs/nips2017/nips2017_selected_20260714_195944/swin/ablation_and_no_verifier/sample_0925/images/final_selected.png
swin,926,e648427e38e80ff8,887,616,887,470,True,True,True,True,True,ok,data/nips2017/images/e648427e38e80ff8.png,outputs/nips2017/nips2017_selected_20260714_195944/swin/ablation_and_no_verifier/sample_0926/images/final_selected.png
swin,927,ea65c0ff71e7ceb3,403,736,403,540,True,True,True,True,True,ok,data/nips2017/images/ea65c0ff71e7ceb3.png,outputs/nips2017/nips2017_selected_20260714_195944/swin/ablation_and_no_verifier/sample_0927/images/final_selected.png
swin,928,eab9755117160864,610,509,610,820,True,True,True,True,True,ok,data/nips2017/images/eab9755117160864.png,outputs/nips2017/nips2017_selected_20260714_195944/swin/ablation_and_no_verifier/sample_0928/images/final_selected.png
swin,929,eae13c52554a7783,780,847,780,780,True,False,False,False,True,ok,data/nips2017/images/eae13c52554a7783.png,outputs/nips2017/nips2017_selected_20260714_195944/swin/ablation_and_no_verifier/sample_0929/images/final_selected.png
swin,930,eb8ce5ba5c47e344,668,892,668,437,True,True,True,True,True,ok,data/nips2017/images/eb8ce5ba5c47e344.png,outputs/nips2017/nips2017_selected_20260714_195944/swin/ablation_and_no_verifier/sample_0930/images/final_selected.png
swin,931,eb53098ebcf05e64,563,600,563,885,True,True,True,True,True,ok,data/nips2017/images/eb53098ebcf05e64.png,outputs/nips2017/nips2017_selected_20260714_195944/swin/ablation_and_no_verifier/sample_0931/images/final_selected.png
swin,932,ebb4dad78cfd67a9,737,729,737,820,True,True,True,True,True,ok,data/nips2017/images/ebb4dad78cfd67a9.png,outputs/nips2017/nips2017_selected_20260714_195944/swin/ablation_and_no_verifier/sample_0932/images/final_selected.png
swin,933,ebdfdcba5dc3b72a,867,599,867,867,True,False,False,False,True,ok,data/nips2017/images/ebdfdcba5dc3b72a.png,outputs/nips2017/nips2017_selected_20260714_195944/swin/ablation_and_no_verifier/sample_0933/images/final_selected.png
swin,934,ec346009f286ffca,119,782,119,120,True,True,True,True,True,ok,data/nips2017/images/ec346009f286ffca.png,outputs/nips2017/nips2017_selected_20260714_195944/swin/ablation_and_no_verifier/sample_0934/images/final_selected.png
swin,935,ecaf98c8ce9f04c3,560,696,560,560,True,False,False,False,True,ok,data/nips2017/images/ecaf98c8ce9f04c3.png,outputs/nips2017/nips2017_selected_20260714_195944/swin/ablation_and_no_verifier/sample_0935/images/final_selected.png
swin,936,ecd3a969dd466349,284,692,284,904,True,True,True,True,True,ok,data/nips2017/images/ecd3a969dd466349.png,outputs/nips2017/nips2017_selected_20260714_195944/swin/ablation_and_no_verifier/sample_0936/images/final_selected.png
swin,937,ed3cb7f5154ae02d,979,746,979,885,True,True,True,True,True,ok,data/nips2017/images/ed3cb7f5154ae02d.png,outputs/nips2017/nips2017_selected_20260714_195944/swin/ablation_and_no_verifier/sample_0937/images/final_selected.png
swin,938,ed3f9b6a081a4802,817,209,817,751,True,True,True,True,True,ok,data/nips2017/images/ed3f9b6a081a4802.png,outputs/nips2017/nips2017_selected_20260714_195944/swin/ablation_and_no_verifier/sample_0938/images/final_selected.png
swin,939,ed9b2813b9245e52,879,675,879,501,True,True,True,True,True,ok,data/nips2017/images/ed9b2813b9245e52.png,outputs/nips2017/nips2017_selected_20260714_195944/swin/ablation_and_no_verifier/sample_0939/images/final_selected.png
swin,940,ed56c7616a8ac010,781,567,781,562,True,True,True,True,True,ok,data/nips2017/images/ed56c7616a8ac010.png,outputs/nips2017/nips2017_selected_20260714_195944/swin/ablation_and_no_verifier/sample_0940/images/final_selected.png
swin,941,ed786d792c4309a4,498,961,498,458,True,True,True,True,True,ok,data/nips2017/images/ed786d792c4309a4.png,outputs/nips2017/nips2017_selected_20260714_195944/swin/ablation_and_no_verifier/sample_0941/images/final_selected.png
swin,942,ed3573d0c197fbaf,847,189,847,206,True,True,True,True,True,ok,data/nips2017/images/ed3573d0c197fbaf.png,outputs/nips2017/nips2017_selected_20260714_195944/swin/ablation_and_no_verifier/sample_0942/images/final_selected.png
swin,943,eee6f4bcc8468f77,963,713,963,964,True,True,True,True,True,ok,data/nips2017/images/eee6f4bcc8468f77.png,outputs/nips2017/nips2017_selected_20260714_195944/swin/ablation_and_no_verifier/sample_0943/images/final_selected.png
swin,944,ef0e34b8ccb6d42f,981,711,981,429,True,True,True,True,True,ok,data/nips2017/images/ef0e34b8ccb6d42f.png,outputs/nips2017/nips2017_selected_20260714_195944/swin/ablation_and_no_verifier/sample_0944/images/final_selected.png
swin,945,ef5b1e5a76ae66dc,539,724,539,738,True,True,True,True,True,ok,data/nips2017/images/ef5b1e5a76ae66dc.png,outputs/nips2017/nips2017_selected_20260714_195944/swin/ablation_and_no_verifier/sample_0945/images/final_selected.png
swin,946,efeabdd8a05e91f8,497,310,497,663,True,True,True,True,True,ok,data/nips2017/images/efeabdd8a05e91f8.png,outputs/nips2017/nips2017_selected_20260714_195944/swin/ablation_and_no_verifier/sample_0946/images/final_selected.png
swin,947,f0add7f552d2d895,649,542,649,972,True,True,True,True,True,ok,data/nips2017/images/f0add7f552d2d895.png,outputs/nips2017/nips2017_selected_20260714_195944/swin/ablation_and_no_verifier/sample_0947/images/final_selected.png
swin,948,f0dcd519b5499d48,663,230,663,698,True,True,True,True,True,ok,data/nips2017/images/f0dcd519b5499d48.png,outputs/nips2017/nips2017_selected_20260714_195944/swin/ablation_and_no_verifier/sample_0948/images/final_selected.png
swin,949,f1a6fdadaa132225,989,17,989,990,True,True,True,True,True,ok,data/nips2017/images/f1a6fdadaa132225.png,outputs/nips2017/nips2017_selected_20260714_195944/swin/ablation_and_no_verifier/sample_0949/images/final_selected.png
swin,950,f1ce339a44d7a118,97,701,97,10,True,True,True,True,True,ok,data/nips2017/images/f1ce339a44d7a118.png,outputs/nips2017/nips2017_selected_20260714_195944/swin/ablation_and_no_verifier/sample_0950/images/final_selected.png
swin,951,f2bfa7a95e787fe1,720,217,720,648,True,True,True,True,True,ok,data/nips2017/images/f2bfa7a95e787fe1.png,outputs/nips2017/nips2017_selected_20260714_195944/swin/ablation_and_no_verifier/sample_0951/images/final_selected.png
swin,952,f2d36d089779166a,348,804,348,106,True,True,True,True,True,ok,data/nips2017/images/f2d36d089779166a.png,outputs/nips2017/nips2017_selected_20260714_195944/swin/ablation_and_no_verifier/sample_0952/images/final_selected.png
swin,953,f4bde5facfdca0c6,787,193,458,458,False,True,False,False,True,ok,data/nips2017/images/f4bde5facfdca0c6.png,outputs/nips2017/nips2017_selected_20260714_195944/swin/ablation_and_no_verifier/sample_0953/images/final_selected.png
swin,954,f5a2cf5c66d313fa,976,655,976,972,True,True,True,True,True,ok,data/nips2017/images/f5a2cf5c66d313fa.png,outputs/nips2017/nips2017_selected_20260714_195944/swin/ablation_and_no_verifier/sample_0954/images/final_selected.png
swin,955,f5b0ed0fbb3b5f74,566,644,566,405,True,True,True,True,True,ok,data/nips2017/images/f5b0ed0fbb3b5f74.png,outputs/nips2017/nips2017_selected_20260714_195944/swin/ablation_and_no_verifier/sample_0955/images/final_selected.png
swin,956,f5dffe28fc19b6e7,917,729,917,455,True,True,True,True,True,ok,data/nips2017/images/f5dffe28fc19b6e7.png,outputs/nips2017/nips2017_selected_20260714_195944/swin/ablation_and_no_verifier/sample_0956/images/final_selected.png
swin,957,f6d5c95ce7908a58,560,871,560,560,True,False,False,False,True,ok,data/nips2017/images/f6d5c95ce7908a58.png,outputs/nips2017/nips2017_selected_20260714_195944/swin/ablation_and_no_verifier/sample_0957/images/final_selected.png
swin,958,f7dd570a0cfe1dcc,668,54,668,497,True,True,True,True,True,ok,data/nips2017/images/f7dd570a0cfe1dcc.png,outputs/nips2017/nips2017_selected_20260714_195944/swin/ablation_and_no_verifier/sample_0958/images/final_selected.png
swin,959,f08f34c258228251,698,607,698,975,True,True,True,True,True,ok,data/nips2017/images/f08f34c258228251.png,outputs/nips2017/nips2017_selected_20260714_195944/swin/ablation_and_no_verifier/sample_0959/images/final_selected.png
swin,960,f9f36f7774d73820,304,722,304,307,True,True,True,True,True,ok,data/nips2017/images/f9f36f7774d73820.png,outputs/nips2017/nips2017_selected_20260714_195944/swin/ablation_and_no_verifier/sample_0960/images/final_selected.png
swin,961,f43fbfe8a9ea876c,883,377,883,738,True,True,True,True,True,ok,data/nips2017/images/f43fbfe8a9ea876c.png,outputs/nips2017/nips2017_selected_20260714_195944/swin/ablation_and_no_verifier/sample_0961/images/final_selected.png
swin,962,f52db15134c1a74e,637,775,637,877,True,True,True,True,True,ok,data/nips2017/images/f52db15134c1a74e.png,outputs/nips2017/nips2017_selected_20260714_195944/swin/ablation_and_no_verifier/sample_0962/images/final_selected.png
swin,963,f63d58b5af16091f,715,419,715,883,True,True,True,True,True,ok,data/nips2017/images/f63d58b5af16091f.png,outputs/nips2017/nips2017_selected_20260714_195944/swin/ablation_and_no_verifier/sample_0963/images/final_selected.png
swin,964,f348adf7ea1967f7,908,414,908,755,True,True,True,True,True,ok,data/nips2017/images/f348adf7ea1967f7.png,outputs/nips2017/nips2017_selected_20260714_195944/swin/ablation_and_no_verifier/sample_0964/images/final_selected.png
swin,965,f734e87286835196,323,659,323,815,True,True,True,True,True,ok,data/nips2017/images/f734e87286835196.png,outputs/nips2017/nips2017_selected_20260714_195944/swin/ablation_and_no_verifier/sample_0965/images/final_selected.png
swin,966,f4902a569fa12171,949,991,949,949,True,False,False,False,True,ok,data/nips2017/images/f4902a569fa12171.png,outputs/nips2017/nips2017_selected_20260714_195944/swin/ablation_and_no_verifier/sample_0966/images/final_selected.png
swin,967,f6437ed4f1b8fe23,301,842,301,301,True,False,False,False,True,ok,data/nips2017/images/f6437ed4f1b8fe23.png,outputs/nips2017/nips2017_selected_20260714_195944/swin/ablation_and_no_verifier/sample_0967/images/final_selected.png
swin,968,f6515f31b750a573,476,722,476,787,True,True,True,True,True,ok,data/nips2017/images/f6515f31b750a573.png,outputs/nips2017/nips2017_selected_20260714_195944/swin/ablation_and_no_verifier/sample_0968/images/final_selected.png
swin,969,f7947af6545be760,417,721,417,417,True,False,False,False,True,ok,data/nips2017/images/f7947af6545be760.png,outputs/nips2017/nips2017_selected_20260714_195944/swin/ablation_and_no_verifier/sample_0969/images/final_selected.png
swin,970,f20783fc38473514,385,773,385,101,True,True,True,True,True,ok,data/nips2017/images/f20783fc38473514.png,outputs/nips2017/nips2017_selected_20260714_195944/swin/ablation_and_no_verifier/sample_0970/images/final_selected.png
swin,971,f20911d36a287dce,780,491,780,974,True,True,True,True,True,ok,data/nips2017/images/f20911d36a287dce.png,outputs/nips2017/nips2017_selected_20260714_195944/swin/ablation_and_no_verifier/sample_0971/images/final_selected.png
swin,972,f24817d66024dfb6,741,739,904,497,False,True,False,False,True,ok,data/nips2017/images/f24817d66024dfb6.png,outputs/nips2017/nips2017_selected_20260714_195944/swin/ablation_and_no_verifier/sample_0972/images/final_selected.png
swin,973,f54616f2af588fd8,672,112,672,634,True,True,True,True,True,ok,data/nips2017/images/f54616f2af588fd8.png,outputs/nips2017/nips2017_selected_20260714_195944/swin/ablation_and_no_verifier/sample_0973/images/final_selected.png
swin,974,f533740a8d4618ce,287,562,287,551,True,True,True,True,True,ok,data/nips2017/images/f533740a8d4618ce.png,outputs/nips2017/nips2017_selected_20260714_195944/swin/ablation_and_no_verifier/sample_0974/images/final_selected.png
swin,975,f963957ccfa82f6b,142,7,142,142,True,False,False,False,True,ok,data/nips2017/images/f963957ccfa82f6b.png,outputs/nips2017/nips2017_selected_20260714_195944/swin/ablation_and_no_verifier/sample_0975/images/final_selected.png
swin,976,f9937696f421f4e4,84,490,84,974,True,True,True,True,True,ok,data/nips2017/images/f9937696f421f4e4.png,outputs/nips2017/nips2017_selected_20260714_195944/swin/ablation_and_no_verifier/sample_0976/images/final_selected.png
swin,977,f33087679c5e7799,442,587,442,698,True,True,True,True,True,ok,data/nips2017/images/f33087679c5e7799.png,outputs/nips2017/nips2017_selected_20260714_195944/swin/ablation_and_no_verifier/sample_0977/images/final_selected.png
swin,978,fa2a7d600b62174e,520,571,520,580,True,True,True,True,True,ok,data/nips2017/images/fa2a7d600b62174e.png,outputs/nips2017/nips2017_selected_20260714_195944/swin/ablation_and_no_verifier/sample_0978/images/final_selected.png
swin,979,fa3aae44c2675e88,770,374,770,630,True,True,True,True,True,ok,data/nips2017/images/fa3aae44c2675e88.png,outputs/nips2017/nips2017_selected_20260714_195944/swin/ablation_and_no_verifier/sample_0979/images/final_selected.png
swin,980,fa5484e61e455eb2,476,768,476,476,True,False,False,False,True,ok,data/nips2017/images/fa5484e61e455eb2.png,outputs/nips2017/nips2017_selected_20260714_195944/swin/ablation_and_no_verifier/sample_0980/images/final_selected.png
swin,981,fae45093bad0961a,528,527,528,526,True,True,True,True,True,ok,data/nips2017/images/fae45093bad0961a.png,outputs/nips2017/nips2017_selected_20260714_195944/swin/ablation_and_no_verifier/sample_0981/images/final_selected.png
swin,982,fae551840c1690fa,719,423,719,719,True,False,False,False,True,ok,data/nips2017/images/fae551840c1690fa.png,outputs/nips2017/nips2017_selected_20260714_195944/swin/ablation_and_no_verifier/sample_0982/images/final_selected.png
swin,983,fafbad0b3093a886,671,314,671,974,True,True,True,True,True,ok,data/nips2017/images/fafbad0b3093a886.png,outputs/nips2017/nips2017_selected_20260714_195944/swin/ablation_and_no_verifier/sample_0983/images/final_selected.png
swin,984,fb1efda0b27d5289,847,202,847,974,True,True,True,True,True,ok,data/nips2017/images/fb1efda0b27d5289.png,outputs/nips2017/nips2017_selected_20260714_195944/swin/ablation_and_no_verifier/sample_0984/images/final_selected.png
swin,985,fbc6b98b13c768e2,458,565,458,922,True,True,True,True,True,ok,data/nips2017/images/fbc6b98b13c768e2.png,outputs/nips2017/nips2017_selected_20260714_195944/swin/ablation_and_no_verifier/sample_0985/images/final_selected.png
swin,986,fc94d8ed9eca8c51,389,583,114,883,False,True,False,False,True,ok,data/nips2017/images/fc94d8ed9eca8c51.png,outputs/nips2017/nips2017_selected_20260714_195944/swin/ablation_and_no_verifier/sample_0986/images/final_selected.png
swin,987,fc583c08026e3d74,880,587,880,603,True,True,True,True,True,ok,data/nips2017/images/fc583c08026e3d74.png,outputs/nips2017/nips2017_selected_20260714_195944/swin/ablation_and_no_verifier/sample_0987/images/final_selected.png
swin,988,fccab516c111d524,649,756,649,832,True,True,True,True,True,ok,data/nips2017/images/fccab516c111d524.png,outputs/nips2017/nips2017_selected_20260714_195944/swin/ablation_and_no_verifier/sample_0988/images/final_selected.png
swin,989,fccfc3563cd562e1,976,655,976,825,True,True,True,True,True,ok,data/nips2017/images/fccfc3563cd562e1.png,outputs/nips2017/nips2017_selected_20260714_195944/swin/ablation_and_no_verifier/sample_0989/images/final_selected.png
swin,990,fd26c4733822dfcc,362,450,362,42,True,True,True,True,True,ok,data/nips2017/images/fd26c4733822dfcc.png,outputs/nips2017/nips2017_selected_20260714_195944/swin/ablation_and_no_verifier/sample_0990/images/final_selected.png
swin,991,fdedd06cdf58084e,981,427,981,429,True,True,True,True,True,ok,data/nips2017/images/fdedd06cdf58084e.png,outputs/nips2017/nips2017_selected_20260714_195944/swin/ablation_and_no_verifier/sample_0991/images/final_selected.png
swin,992,fe2edb6cad72d2d2,917,487,917,670,True,True,True,True,True,ok,data/nips2017/images/fe2edb6cad72d2d2.png,outputs/nips2017/nips2017_selected_20260714_195944/swin/ablation_and_no_verifier/sample_0992/images/final_selected.png
swin,993,fe92a88132b5d67b,962,246,962,467,True,True,True,True,True,ok,data/nips2017/images/fe92a88132b5d67b.png,outputs/nips2017/nips2017_selected_20260714_195944/swin/ablation_and_no_verifier/sample_0993/images/final_selected.png
swin,994,fe1314dd6f75551d,920,564,920,811,True,True,True,True,True,ok,data/nips2017/images/fe1314dd6f75551d.png,outputs/nips2017/nips2017_selected_20260714_195944/swin/ablation_and_no_verifier/sample_0994/images/final_selected.png
swin,995,fe94909a2fad4ffe,546,964,546,505,True,True,True,True,True,ok,data/nips2017/images/fe94909a2fad4ffe.png,outputs/nips2017/nips2017_selected_20260714_195944/swin/ablation_and_no_verifier/sample_0995/images/final_selected.png
swin,996,fe193683db61ac2d,743,0,663,972,False,True,False,False,True,ok,data/nips2017/images/fe193683db61ac2d.png,outputs/nips2017/nips2017_selected_20260714_195944/swin/ablation_and_no_verifier/sample_0996/images/final_selected.png
swin,997,fecd59b8de8ae6f7,819,792,819,417,True,True,True,True,True,ok,data/nips2017/images/fecd59b8de8ae6f7.png,outputs/nips2017/nips2017_selected_20260714_195944/swin/ablation_and_no_verifier/sample_0997/images/final_selected.png
swin,998,ff5182599937c1ec,324,209,324,325,True,True,True,True,True,ok,data/nips2017/images/ff5182599937c1ec.png,outputs/nips2017/nips2017_selected_20260714_195944/swin/ablation_and_no_verifier/sample_0998/images/final_selected.png
swin,999,fff35cdcce3cde43,912,408,912,646,True,True,True,True,True,ok,data/nips2017/images/fff35cdcce3cde43.png,outputs/nips2017/nips2017_selected_20260714_195944/swin/ablation_and_no_verifier/sample_0999/images/final_selected.png
vim-small,0,0aebe24fc257286e,560,314,560,961,True,True,True,True,True,ok,data/nips2017/images/0aebe24fc257286e.png,outputs/nips2017/nips2017_selected_20260714_195944/vim-small/ablation_and_no_verifier/sample_0000/images/final_selected.png
vim-small,1,0af0a5dfee6b84ff,483,807,483,698,True,True,True,True,True,ok,data/nips2017/images/0af0a5dfee6b84ff.png,outputs/nips2017/nips2017_selected_20260714_195944/vim-small/ablation_and_no_verifier/sample_0001/images/final_selected.png
vim-small,2,0b1d45bd9ab1064e,560,562,560,981,True,True,True,True,True,ok,data/nips2017/images/0b1d45bd9ab1064e.png,outputs/nips2017/nips2017_selected_20260714_195944/vim-small/ablation_and_no_verifier/sample_0002/images/final_selected.png
vim-small,3,000b7d55b6184b08,388,962,388,294,True,True,True,True,True,ok,data/nips2017/images/000b7d55b6184b08.png,outputs/nips2017/nips2017_selected_20260714_195944/vim-small/ablation_and_no_verifier/sample_0003/images/final_selected.png
vim-small,4,0bd5123017590e39,565,429,565,660,True,True,True,True,True,ok,data/nips2017/images/0bd5123017590e39.png,outputs/nips2017/nips2017_selected_20260714_195944/vim-small/ablation_and_no_verifier/sample_0004/images/final_selected.png
vim-small,5,0be391239ccba0f2,718,995,718,978,True,True,True,True,True,ok,data/nips2017/images/0be391239ccba0f2.png,outputs/nips2017/nips2017_selected_20260714_195944/vim-small/ablation_and_no_verifier/sample_0005/images/final_selected.png
vim-small,6,00c3cd597f1ee96f,137,95,137,360,True,True,True,True,True,ok,data/nips2017/images/00c3cd597f1ee96f.png,outputs/nips2017/nips2017_selected_20260714_195944/vim-small/ablation_and_no_verifier/sample_0006/images/final_selected.png
vim-small,7,0c7ac4a8c9dfa802,305,778,302,302,False,True,False,False,True,ok,data/nips2017/images/0c7ac4a8c9dfa802.png,outputs/nips2017/nips2017_selected_20260714_195944/vim-small/ablation_and_no_verifier/sample_0007/images/final_selected.png
vim-small,8,0ceee9a38409e30c,483,711,483,698,True,True,True,True,True,ok,data/nips2017/images/0ceee9a38409e30c.png,outputs/nips2017/nips2017_selected_20260714_195944/vim-small/ablation_and_no_verifier/sample_0008/images/final_selected.png
vim-small,9,0d65cb9d26de4d37,570,335,617,617,False,True,False,False,True,ok,data/nips2017/images/0d65cb9d26de4d37.png,outputs/nips2017/nips2017_selected_20260714_195944/vim-small/ablation_and_no_verifier/sample_0009/images/final_selected.png
vim-small,10,0d85e0103989c850,323,721,323,323,True,False,False,False,True,ok,data/nips2017/images/0d85e0103989c850.png,outputs/nips2017/nips2017_selected_20260714_195944/vim-small/ablation_and_no_verifier/sample_0010/images/final_selected.png
vim-small,11,0d6463e9a7ef6185,770,785,770,912,True,True,True,True,True,ok,data/nips2017/images/0d6463e9a7ef6185.png,outputs/nips2017/nips2017_selected_20260714_195944/vim-small/ablation_and_no_verifier/sample_0011/images/final_selected.png
vim-small,12,0d29832e5da60f5f,972,180,972,825,True,True,True,True,True,ok,data/nips2017/images/0d29832e5da60f5f.png,outputs/nips2017/nips2017_selected_20260714_195944/vim-small/ablation_and_no_verifier/sample_0012/images/final_selected.png
vim-small,13,0db0952967f6faa6,815,551,815,733,True,True,True,True,True,ok,data/nips2017/images/0db0952967f6faa6.png,outputs/nips2017/nips2017_selected_20260714_195944/vim-small/ablation_and_no_verifier/sample_0013/images/final_selected.png
vim-small,14,0dffbfa7ba43cb90,961,94,961,880,True,True,True,True,True,ok,data/nips2017/images/0dffbfa7ba43cb90.png,outputs/nips2017/nips2017_selected_20260714_195944/vim-small/ablation_and_no_verifier/sample_0014/images/final_selected.png
vim-small,15,0e0f1fd2ed183781,113,987,113,988,True,True,True,True,True,ok,data/nips2017/images/0e0f1fd2ed183781.png,outputs/nips2017/nips2017_selected_20260714_195944/vim-small/ablation_and_no_verifier/sample_0015/images/final_selected.png
vim-small,16,0e9bdc3ab80b1a71,366,334,366,294,True,True,True,True,True,ok,data/nips2017/images/0e9bdc3ab80b1a71.png,outputs/nips2017/nips2017_selected_20260714_195944/vim-small/ablation_and_no_verifier/sample_0016/images/final_selected.png
vim-small,17,0e83f990a04ed67d,821,51,821,460,True,True,True,True,True,ok,data/nips2017/images/0e83f990a04ed67d.png,outputs/nips2017/nips2017_selected_20260714_195944/vim-small/ablation_and_no_verifier/sample_0017/images/final_selected.png
vim-small,18,0e0299d6352a3fb8,538,3,538,974,True,True,True,True,True,ok,data/nips2017/images/0e0299d6352a3fb8.png,outputs/nips2017/nips2017_selected_20260714_195944/vim-small/ablation_and_no_verifier/sample_0018/images/final_selected.png
vim-small,19,0e71473957df4793,877,347,421,421,False,True,False,False,True,ok,data/nips2017/images/0e71473957df4793.png,outputs/nips2017/nips2017_selected_20260714_195944/vim-small/ablation_and_no_verifier/sample_0019/images/final_selected.png
vim-small,20,0ed355357757528d,762,794,762,579,True,True,True,True,True,ok,data/nips2017/images/0ed355357757528d.png,outputs/nips2017/nips2017_selected_20260714_195944/vim-small/ablation_and_no_verifier/sample_0020/images/final_selected.png
vim-small,21,0f9d8c86a9f38020,759,117,759,974,True,True,True,True,True,ok,data/nips2017/images/0f9d8c86a9f38020.png,outputs/nips2017/nips2017_selected_20260714_195944/vim-small/ablation_and_no_verifier/sample_0021/images/final_selected.png
vim-small,22,0f36316247c03427,752,680,752,801,True,True,True,True,True,ok,data/nips2017/images/0f36316247c03427.png,outputs/nips2017/nips2017_selected_20260714_195944/vim-small/ablation_and_no_verifier/sample_0022/images/final_selected.png
vim-small,23,1a94dc47fdd84a95,869,829,869,614,True,True,True,True,True,ok,data/nips2017/images/1a94dc47fdd84a95.png,outputs/nips2017/nips2017_selected_20260714_195944/vim-small/ablation_and_no_verifier/sample_0023/images/final_selected.png
vim-small,24,1a680f33500acb4b,931,72,931,666,True,True,True,True,True,ok,data/nips2017/images/1a680f33500acb4b.png,outputs/nips2017/nips2017_selected_20260714_195944/vim-small/ablation_and_no_verifier/sample_0024/images/final_selected.png
vim-small,25,1a7425e8f990e04a,607,675,607,974,True,True,True,True,True,ok,data/nips2017/images/1a7425e8f990e04a.png,outputs/nips2017/nips2017_selected_20260714_195944/vim-small/ablation_and_no_verifier/sample_0025/images/final_selected.png
vim-small,26,1a264165276e3c85,854,758,854,497,True,True,True,True,True,ok,data/nips2017/images/1a264165276e3c85.png,outputs/nips2017/nips2017_selected_20260714_195944/vim-small/ablation_and_no_verifier/sample_0026/images/final_selected.png
vim-small,27,1a95932427129cda,656,464,479,436,False,True,False,False,True,ok,data/nips2017/images/1a95932427129cda.png,outputs/nips2017/nips2017_selected_20260714_195944/vim-small/ablation_and_no_verifier/sample_0027/images/final_selected.png
vim-small,28,1ac44ddb6a2d497a,897,26,897,585,True,True,True,True,True,ok,data/nips2017/images/1ac44ddb6a2d497a.png,outputs/nips2017/nips2017_selected_20260714_195944/vim-small/ablation_and_no_verifier/sample_0028/images/final_selected.png
vim-small,29,1b1ffd7000d0749f,959,990,959,923,True,True,True,True,True,ok,data/nips2017/images/1b1ffd7000d0749f.png,outputs/nips2017/nips2017_selected_20260714_195944/vim-small/ablation_and_no_verifier/sample_0029/images/final_selected.png
vim-small,30,001b5e6f1b89fd3b,576,908,576,536,True,True,True,True,True,ok,data/nips2017/images/001b5e6f1b89fd3b.png,outputs/nips2017/nips2017_selected_20260714_195944/vim-small/ablation_and_no_verifier/sample_0030/images/final_selected.png
vim-small,31,1b57d7bbd673c771,422,926,422,633,True,True,True,True,True,ok,data/nips2017/images/1b57d7bbd673c771.png,outputs/nips2017/nips2017_selected_20260714_195944/vim-small/ablation_and_no_verifier/sample_0031/images/final_selected.png
vim-small,32,1b546695167d3f6e,959,836,959,947,True,True,True,True,True,ok,data/nips2017/images/1b546695167d3f6e.png,outputs/nips2017/nips2017_selected_20260714_195944/vim-small/ablation_and_no_verifier/sample_0032/images/final_selected.png
vim-small,33,1ba816dc6937b62d,859,767,859,859,True,False,False,False,True,ok,data/nips2017/images/1ba816dc6937b62d.png,outputs/nips2017/nips2017_selected_20260714_195944/vim-small/ablation_and_no_verifier/sample_0033/images/final_selected.png
vim-small,34,1bb5f1337dfb1edd,640,292,640,646,True,True,True,True,True,ok,data/nips2017/images/1bb5f1337dfb1edd.png,outputs/nips2017/nips2017_selected_20260714_195944/vim-small/ablation_and_no_verifier/sample_0034/images/final_selected.png
vim-small,35,01bdc0cfe670f708,471,540,471,730,True,True,True,True,True,ok,data/nips2017/images/01bdc0cfe670f708.png,outputs/nips2017/nips2017_selected_20260714_195944/vim-small/ablation_and_no_verifier/sample_0035/images/final_selected.png
vim-small,36,1be47d60e0156bbb,649,911,649,974,True,True,True,True,True,ok,data/nips2017/images/1be47d60e0156bbb.png,outputs/nips2017/nips2017_selected_20260714_195944/vim-small/ablation_and_no_verifier/sample_0036/images/final_selected.png
vim-small,37,1c2e9fe8b0b2fdf2,57,904,57,41,True,True,True,True,True,ok,data/nips2017/images/1c2e9fe8b0b2fdf2.png,outputs/nips2017/nips2017_selected_20260714_195944/vim-small/ablation_and_no_verifier/sample_0037/images/final_selected.png
vim-small,38,1c924877ccc60129,409,566,409,826,True,True,True,True,True,ok,data/nips2017/images/1c924877ccc60129.png,outputs/nips2017/nips2017_selected_20260714_195944/vim-small/ablation_and_no_verifier/sample_0038/images/final_selected.png
vim-small,39,1cbae41091a750dc,472,813,472,693,True,True,True,True,True,ok,data/nips2017/images/1cbae41091a750dc.png,outputs/nips2017/nips2017_selected_20260714_195944/vim-small/ablation_and_no_verifier/sample_0039/images/final_selected.png
vim-small,40,1cc2caf8e5db27c3,430,606,430,421,True,True,True,True,True,ok,data/nips2017/images/1cc2caf8e5db27c3.png,outputs/nips2017/nips2017_selected_20260714_195944/vim-small/ablation_and_no_verifier/sample_0040/images/final_selected.png
vim-small,41,1cfa5381359bff9f,421,851,421,912,True,True,True,True,True,ok,data/nips2017/images/1cfa5381359bff9f.png,outputs/nips2017/nips2017_selected_20260714_195944/vim-small/ablation_and_no_verifier/sample_0041/images/final_selected.png
vim-small,42,1d4133f5bc7af193,140,910,140,139,True,True,True,True,True,ok,data/nips2017/images/1d4133f5bc7af193.png,outputs/nips2017/nips2017_selected_20260714_195944/vim-small/ablation_and_no_verifier/sample_0042/images/final_selected.png
vim-small,43,1d5361e858fe8462,498,522,498,727,True,True,True,True,True,ok,data/nips2017/images/1d5361e858fe8462.png,outputs/nips2017/nips2017_selected_20260714_195944/vim-small/ablation_and_no_verifier/sample_0043/images/final_selected.png
vim-small,44,1dc0533f87996962,565,852,565,819,True,True,True,True,True,ok,data/nips2017/images/1dc0533f87996962.png,outputs/nips2017/nips2017_selected_20260714_195944/vim-small/ablation_and_no_verifier/sample_0044/images/final_selected.png
vim-small,45,01dd15caa1b2c7b4,303,550,303,302,True,True,True,True,True,ok,data/nips2017/images/01dd15caa1b2c7b4.png,outputs/nips2017/nips2017_selected_20260714_195944/vim-small/ablation_and_no_verifier/sample_0045/images/final_selected.png
vim-small,46,1df5e1adad21d618,404,555,404,977,True,True,True,True,True,ok,data/nips2017/images/1df5e1adad21d618.png,outputs/nips2017/nips2017_selected_20260714_195944/vim-small/ablation_and_no_verifier/sample_0046/images/final_selected.png
vim-small,47,1dfbeffd999f280e,581,568,581,866,True,True,True,True,True,ok,data/nips2017/images/1dfbeffd999f280e.png,outputs/nips2017/nips2017_selected_20260714_195944/vim-small/ablation_and_no_verifier/sample_0047/images/final_selected.png
vim-small,48,1e4bb9fd37654da6,819,537,819,413,True,True,True,True,True,ok,data/nips2017/images/1e4bb9fd37654da6.png,outputs/nips2017/nips2017_selected_20260714_195944/vim-small/ablation_and_no_verifier/sample_0048/images/final_selected.png
vim-small,49,1e33aa336b89dcff,538,587,538,884,True,True,True,True,True,ok,data/nips2017/images/1e33aa336b89dcff.png,outputs/nips2017/nips2017_selected_20260714_195944/vim-small/ablation_and_no_verifier/sample_0049/images/final_selected.png
vim-small,50,1e408a8d1e2cdc74,768,778,768,562,True,True,True,True,True,ok,data/nips2017/images/1e408a8d1e2cdc74.png,outputs/nips2017/nips2017_selected_20260714_195944/vim-small/ablation_and_no_verifier/sample_0050/images/final_selected.png
vim-small,51,1e26772fc8c493bb,415,13,415,582,True,True,True,True,True,ok,data/nips2017/images/1e26772fc8c493bb.png,outputs/nips2017/nips2017_selected_20260714_195944/vim-small/ablation_and_no_verifier/sample_0051/images/final_selected.png
vim-small,52,1e77361718213a43,439,434,439,974,True,True,True,True,True,ok,data/nips2017/images/1e77361718213a43.png,outputs/nips2017/nips2017_selected_20260714_195944/vim-small/ablation_and_no_verifier/sample_0052/images/final_selected.png
vim-small,53,1ebff1b3c8de66de,336,809,336,970,True,True,True,True,True,ok,data/nips2017/images/1ebff1b3c8de66de.png,outputs/nips2017/nips2017_selected_20260714_195944/vim-small/ablation_and_no_verifier/sample_0053/images/final_selected.png
vim-small,54,1ef172b89f4a39cf,50,535,50,49,True,True,True,True,True,ok,data/nips2017/images/1ef172b89f4a39cf.png,outputs/nips2017/nips2017_selected_20260714_195944/vim-small/ablation_and_no_verifier/sample_0054/images/final_selected.png
vim-small,55,1f3f949ccbc81c93,303,665,303,114,True,True,True,True,True,ok,data/nips2017/images/1f3f949ccbc81c93.png,outputs/nips2017/nips2017_selected_20260714_195944/vim-small/ablation_and_no_verifier/sample_0055/images/final_selected.png
vim-small,56,1f7c25207bc3e303,475,978,475,566,True,True,True,True,True,ok,data/nips2017/images/1f7c25207bc3e303.png,outputs/nips2017/nips2017_selected_20260714_195944/vim-small/ablation_and_no_verifier/sample_0056/images/final_selected.png
vim-small,57,1f4227ce24232867,33,941,33,973,True,True,True,True,True,ok,data/nips2017/images/1f4227ce24232867.png,outputs/nips2017/nips2017_selected_20260714_195944/vim-small/ablation_and_no_verifier/sample_0057/images/final_selected.png
vim-small,58,1f71668ab3dbe81b,708,966,708,562,True,True,True,True,True,ok,data/nips2017/images/1f71668ab3dbe81b.png,outputs/nips2017/nips2017_selected_20260714_195944/vim-small/ablation_and_no_verifier/sample_0058/images/final_selected.png
vim-small,59,01f824264783f58d,967,677,967,968,True,True,True,True,True,ok,data/nips2017/images/01f824264783f58d.png,outputs/nips2017/nips2017_selected_20260714_195944/vim-small/ablation_and_no_verifier/sample_0059/images/final_selected.png
vim-small,60,01fa4be27dd11b5d,450,828,450,428,True,True,True,True,True,ok,data/nips2017/images/01fa4be27dd11b5d.png,outputs/nips2017/nips2017_selected_20260714_195944/vim-small/ablation_and_no_verifier/sample_0060/images/final_selected.png
vim-small,61,2a1a60df9a58bb7c,649,18,911,701,False,True,False,False,True,ok,data/nips2017/images/2a1a60df9a58bb7c.png,outputs/nips2017/nips2017_selected_20260714_195944/vim-small/ablation_and_no_verifier/sample_0061/images/final_selected.png
vim-small,62,2abcab3d77d4767e,442,519,442,517,True,True,True,True,True,ok,data/nips2017/images/2abcab3d77d4767e.png,outputs/nips2017/nips2017_selected_20260714_195944/vim-small/ablation_and_no_verifier/sample_0062/images/final_selected.png
vim-small,63,2b7e6f0d6f73fa1f,637,234,886,771,False,True,False,False,True,ok,data/nips2017/images/2b7e6f0d6f73fa1f.png,outputs/nips2017/nips2017_selected_20260714_195944/vim-small/ablation_and_no_verifier/sample_0063/images/final_selected.png
vim-small,64,2b741c5c635a7295,107,633,107,618,True,True,True,True,True,ok,data/nips2017/images/2b741c5c635a7295.png,outputs/nips2017/nips2017_selected_20260714_195944/vim-small/ablation_and_no_verifier/sample_0064/images/final_selected.png
vim-small,65,2ba52bcf59097dc8,970,849,970,825,True,True,True,True,True,ok,data/nips2017/images/2ba52bcf59097dc8.png,outputs/nips2017/nips2017_selected_20260714_195944/vim-small/ablation_and_no_verifier/sample_0065/images/final_selected.png
vim-small,66,2bc6c55a0ab24f86,785,696,785,830,True,True,True,True,True,ok,data/nips2017/images/2bc6c55a0ab24f86.png,outputs/nips2017/nips2017_selected_20260714_195944/vim-small/ablation_and_no_verifier/sample_0066/images/final_selected.png
vim-small,67,2c54b60a2851b8ed,656,576,656,436,True,True,True,True,True,ok,data/nips2017/images/2c54b60a2851b8ed.png,outputs/nips2017/nips2017_selected_20260714_195944/vim-small/ablation_and_no_verifier/sample_0067/images/final_selected.png
vim-small,68,2c065d2dc6b2cf44,933,462,933,931,True,True,True,True,True,ok,data/nips2017/images/2c065d2dc6b2cf44.png,outputs/nips2017/nips2017_selected_20260714_195944/vim-small/ablation_and_no_verifier/sample_0068/images/final_selected.png
vim-small,69,2c9398f44d099e0f,521,481,521,122,True,True,True,True,True,ok,data/nips2017/images/2c9398f44d099e0f.png,outputs/nips2017/nips2017_selected_20260714_195944/vim-small/ablation_and_no_verifier/sample_0069/images/final_selected.png
vim-small,70,2d23b1dab7e3e9c0,510,970,510,536,True,True,True,True,True,ok,data/nips2017/images/2d23b1dab7e3e9c0.png,outputs/nips2017/nips2017_selected_20260714_195944/vim-small/ablation_and_no_verifier/sample_0070/images/final_selected.png
vim-small,71,2d95297e468bdf9b,865,525,865,760,True,True,True,True,True,ok,data/nips2017/images/2d95297e468bdf9b.png,outputs/nips2017/nips2017_selected_20260714_195944/vim-small/ablation_and_no_verifier/sample_0071/images/final_selected.png
vim-small,72,02dbe78a73db2808,974,254,974,972,True,True,True,True,True,ok,data/nips2017/images/02dbe78a73db2808.png,outputs/nips2017/nips2017_selected_20260714_195944/vim-small/ablation_and_no_verifier/sample_0072/images/final_selected.png
vim-small,73,2e9b377877f64b3d,498,705,498,442,True,True,True,True,True,ok,data/nips2017/images/2e9b377877f64b3d.png,outputs/nips2017/nips2017_selected_20260714_195944/vim-small/ablation_and_no_verifier/sample_0073/images/final_selected.png
vim-small,74,2e854fca826e54b3,857,595,857,887,True,True,True,True,True,ok,data/nips2017/images/2e854fca826e54b3.png,outputs/nips2017/nips2017_selected_20260714_195944/vim-small/ablation_and_no_verifier/sample_0074/images/final_selected.png
vim-small,75,2e541180b2323a5d,23,904,80,80,False,True,False,False,True,ok,data/nips2017/images/2e541180b2323a5d.png,outputs/nips2017/nips2017_selected_20260714_195944/vim-small/ablation_and_no_verifier/sample_0075/images/final_selected.png
vim-small,76,02eb799d147d5f91,624,772,624,818,True,True,True,True,True,ok,data/nips2017/images/02eb799d147d5f91.png,outputs/nips2017/nips2017_selected_20260714_195944/vim-small/ablation_and_no_verifier/sample_0076/images/final_selected.png
vim-small,77,2ed718f6db9785f8,518,842,518,51,True,True,True,True,True,ok,data/nips2017/images/2ed718f6db9785f8.png,outputs/nips2017/nips2017_selected_20260714_195944/vim-small/ablation_and_no_verifier/sample_0077/images/final_selected.png
vim-small,78,2ee4c1b2b9bcc6c8,762,784,762,532,True,True,True,True,True,ok,data/nips2017/images/2ee4c1b2b9bcc6c8.png,outputs/nips2017/nips2017_selected_20260714_195944/vim-small/ablation_and_no_verifier/sample_0078/images/final_selected.png
vim-small,79,2efe4916e679e875,865,925,865,570,True,True,True,True,True,ok,data/nips2017/images/2efe4916e679e875.png,outputs/nips2017/nips2017_selected_20260714_195944/vim-small/ablation_and_no_verifier/sample_0079/images/final_selected.png
vim-small,80,2f7d5ff922af55c4,480,632,480,884,True,True,True,True,True,ok,data/nips2017/images/2f7d5ff922af55c4.png,outputs/nips2017/nips2017_selected_20260714_195944/vim-small/ablation_and_no_verifier/sample_0080/images/final_selected.png
vim-small,81,2fc17ec1fad5d947,873,928,873,974,True,True,True,True,True,ok,data/nips2017/images/2fc17ec1fad5d947.png,outputs/nips2017/nips2017_selected_20260714_195944/vim-small/ablation_and_no_verifier/sample_0081/images/final_selected.png
vim-small,82,3a7d9bd310202e93,789,659,789,624,True,True,True,True,True,ok,data/nips2017/images/3a7d9bd310202e93.png,outputs/nips2017/nips2017_selected_20260714_195944/vim-small/ablation_and_no_verifier/sample_0082/images/final_selected.png
vim-small,83,3b32eca218ed3dbe,741,837,868,794,False,True,False,False,True,ok,data/nips2017/images/3b32eca218ed3dbe.png,outputs/nips2017/nips2017_selected_20260714_195944/vim-small/ablation_and_no_verifier/sample_0083/images/final_selected.png
vim-small,84,3b67bec3793efcb4,821,745,821,669,True,True,True,True,True,ok,data/nips2017/images/3b67bec3793efcb4.png,outputs/nips2017/nips2017_selected_20260714_195944/vim-small/ablation_and_no_verifier/sample_0084/images/final_selected.png
vim-small,85,3bd1ba0432603b28,920,88,920,605,True,True,True,True,True,ok,data/nips2017/images/3bd1ba0432603b28.png,outputs/nips2017/nips2017_selected_20260714_195944/vim-small/ablation_and_no_verifier/sample_0085/images/final_selected.png
vim-small,86,3bfe9ff7b488485d,705,709,705,829,True,True,True,True,True,ok,data/nips2017/images/3bfe9ff7b488485d.png,outputs/nips2017/nips2017_selected_20260714_195944/vim-small/ablation_and_no_verifier/sample_0086/images/final_selected.png
vim-small,87,3c970c84b598f2d9,779,596,779,974,True,True,True,True,True,ok,data/nips2017/images/3c970c84b598f2d9.png,outputs/nips2017/nips2017_selected_20260714_195944/vim-small/ablation_and_no_verifier/sample_0087/images/final_selected.png
vim-small,88,3cf4bb0637d0f182,861,51,861,861,True,False,False,False,True,ok,data/nips2017/images/3cf4bb0637d0f182.png,outputs/nips2017/nips2017_selected_20260714_195944/vim-small/ablation_and_no_verifier/sample_0088/images/final_selected.png
vim-small,89,3d6e530955c60759,511,891,511,817,True,True,True,True,True,ok,data/nips2017/images/3d6e530955c60759.png,outputs/nips2017/nips2017_selected_20260714_195944/vim-small/ablation_and_no_verifier/sample_0089/images/final_selected.png
vim-small,90,3d75d9676ad6361c,150,516,150,48,True,True,True,True,True,ok,data/nips2017/images/3d75d9676ad6361c.png,outputs/nips2017/nips2017_selected_20260714_195944/vim-small/ablation_and_no_verifier/sample_0090/images/final_selected.png
vim-small,91,3dc0e8f854bdc9b3,603,920,603,603,True,False,False,False,True,ok,data/nips2017/images/3dc0e8f854bdc9b3.png,outputs/nips2017/nips2017_selected_20260714_195944/vim-small/ablation_and_no_verifier/sample_0091/images/final_selected.png
vim-small,92,3df888fc3b1df464,954,382,954,111,True,True,True,True,True,ok,data/nips2017/images/3df888fc3b1df464.png,outputs/nips2017/nips2017_selected_20260714_195944/vim-small/ablation_and_no_verifier/sample_0092/images/final_selected.png
vim-small,93,3dfbdd066af9ca1e,820,4,820,547,True,True,True,True,True,ok,data/nips2017/images/3dfbdd066af9ca1e.png,outputs/nips2017/nips2017_selected_20260714_195944/vim-small/ablation_and_no_verifier/sample_0093/images/final_selected.png
vim-small,94,3e1e47f5af2a3f16,293,356,293,293,True,False,False,False,True,ok,data/nips2017/images/3e1e47f5af2a3f16.png,outputs/nips2017/nips2017_selected_20260714_195944/vim-small/ablation_and_no_verifier/sample_0094/images/final_selected.png
vim-small,95,3e7b01ba495f15f9,707,409,707,571,True,True,True,True,True,ok,data/nips2017/images/3e7b01ba495f15f9.png,outputs/nips2017/nips2017_selected_20260714_195944/vim-small/ablation_and_no_verifier/sample_0095/images/final_selected.png
vim-small,96,3e8bf1eee7083f6e,630,682,630,879,True,True,True,True,True,ok,data/nips2017/images/3e8bf1eee7083f6e.png,outputs/nips2017/nips2017_selected_20260714_195944/vim-small/ablation_and_no_verifier/sample_0096/images/final_selected.png
vim-small,97,3e9496f7652e1968,468,833,468,436,True,True,True,True,True,ok,data/nips2017/images/3e9496f7652e1968.png,outputs/nips2017/nips2017_selected_20260714_195944/vim-small/ablation_and_no_verifier/sample_0097/images/final_selected.png
vim-small,98,3ece3c1f94e4141a,331,14,331,287,True,True,True,True,True,ok,data/nips2017/images/3ece3c1f94e4141a.png,outputs/nips2017/nips2017_selected_20260714_195944/vim-small/ablation_and_no_verifier/sample_0098/images/final_selected.png
vim-small,99,3eded0a8d5f16059,99,456,99,975,True,True,True,True,True,ok,data/nips2017/images/3eded0a8d5f16059.png,outputs/nips2017/nips2017_selected_20260714_195944/vim-small/ablation_and_no_verifier/sample_0099/images/final_selected.png
vim-small,100,3efa3df701898afd,736,999,736,747,True,True,True,True,True,ok,data/nips2017/images/3efa3df701898afd.png,outputs/nips2017/nips2017_selected_20260714_195944/vim-small/ablation_and_no_verifier/sample_0100/images/final_selected.png
vim-small,101,3f8bf287f20333eb,972,712,972,976,True,True,True,True,True,ok,data/nips2017/images/3f8bf287f20333eb.png,outputs/nips2017/nips2017_selected_20260714_195944/vim-small/ablation_and_no_verifier/sample_0101/images/final_selected.png
vim-small,102,3f40eba168e5d385,514,935,514,747,True,True,True,True,True,ok,data/nips2017/images/3f40eba168e5d385.png,outputs/nips2017/nips2017_selected_20260714_195944/vim-small/ablation_and_no_verifier/sample_0102/images/final_selected.png
vim-small,103,3f48b1e74589d310,652,507,652,711,True,True,True,True,True,ok,data/nips2017/images/3f48b1e74589d310.png,outputs/nips2017/nips2017_selected_20260714_195944/vim-small/ablation_and_no_verifier/sample_0103/images/final_selected.png
vim-small,104,03f90f7138f761e8,663,489,663,497,True,True,True,True,True,ok,data/nips2017/images/03f90f7138f761e8.png,outputs/nips2017/nips2017_selected_20260714_195944/vim-small/ablation_and_no_verifier/sample_0104/images/final_selected.png
vim-small,105,4a0bac33f8e81e60,406,856,406,884,True,True,True,True,True,ok,data/nips2017/images/4a0bac33f8e81e60.png,outputs/nips2017/nips2017_selected_20260714_195944/vim-small/ablation_and_no_verifier/sample_0105/images/final_selected.png
vim-small,106,4a1a40a116088962,597,623,597,847,True,True,True,True,True,ok,data/nips2017/images/4a1a40a116088962.png,outputs/nips2017/nips2017_selected_20260714_195944/vim-small/ablation_and_no_verifier/sample_0106/images/final_selected.png
vim-small,107,4a1a488e8a975f7c,919,832,919,974,True,True,True,True,True,ok,data/nips2017/images/4a1a488e8a975f7c.png,outputs/nips2017/nips2017_selected_20260714_195944/vim-small/ablation_and_no_verifier/sample_0107/images/final_selected.png
vim-small,108,4a251fb6d80b5137,799,81,799,580,True,True,True,True,True,ok,data/nips2017/images/4a251fb6d80b5137.png,outputs/nips2017/nips2017_selected_20260714_195944/vim-small/ablation_and_no_verifier/sample_0108/images/final_selected.png
vim-small,109,4abadb721e74b99b,944,780,944,580,True,True,True,True,True,ok,data/nips2017/images/4abadb721e74b99b.png,outputs/nips2017/nips2017_selected_20260714_195944/vim-small/ablation_and_no_verifier/sample_0109/images/final_selected.png
vim-small,110,4aeb33c9e565a201,97,839,97,20,True,True,True,True,True,ok,data/nips2017/images/4aeb33c9e565a201.png,outputs/nips2017/nips2017_selected_20260714_195944/vim-small/ablation_and_no_verifier/sample_0110/images/final_selected.png
vim-small,111,4b0c9bf2584b35d3,959,78,959,923,True,True,True,True,True,ok,data/nips2017/images/4b0c9bf2584b35d3.png,outputs/nips2017/nips2017_selected_20260714_195944/vim-small/ablation_and_no_verifier/sample_0111/images/final_selected.png
vim-small,112,4b52fd42977215b9,900,626,900,900,True,False,False,False,True,ok,data/nips2017/images/4b52fd42977215b9.png,outputs/nips2017/nips2017_selected_20260714_195944/vim-small/ablation_and_no_verifier/sample_0112/images/final_selected.png
vim-small,113,4b384c8247b56c0a,541,924,541,974,True,True,True,True,True,ok,data/nips2017/images/4b384c8247b56c0a.png,outputs/nips2017/nips2017_selected_20260714_195944/vim-small/ablation_and_no_verifier/sample_0113/images/final_selected.png
vim-small,114,4b8517e927f32962,865,270,865,582,True,True,True,True,True,ok,data/nips2017/images/4b8517e927f32962.png,outputs/nips2017/nips2017_selected_20260714_195944/vim-small/ablation_and_no_verifier/sample_0114/images/final_selected.png
vim-small,115,4bb12984b41d0834,33,7,33,34,True,True,True,True,True,ok,data/nips2017/images/4bb12984b41d0834.png,outputs/nips2017/nips2017_selected_20260714_195944/vim-small/ablation_and_no_verifier/sample_0115/images/final_selected.png
vim-small,116,4bdb561770b52424,146,183,146,146,True,False,False,False,True,ok,data/nips2017/images/4bdb561770b52424.png,outputs/nips2017/nips2017_selected_20260714_195944/vim-small/ablation_and_no_verifier/sample_0116/images/final_selected.png
vim-small,117,04c1bde5affb7b5b,652,679,652,497,True,True,True,True,True,ok,data/nips2017/images/04c1bde5affb7b5b.png,outputs/nips2017/nips2017_selected_20260714_195944/vim-small/ablation_and_no_verifier/sample_0117/images/final_selected.png
vim-small,118,4c8a4414419ab0bb,661,847,661,974,True,True,True,True,True,ok,data/nips2017/images/4c8a4414419ab0bb.png,outputs/nips2017/nips2017_selected_20260714_195944/vim-small/ablation_and_no_verifier/sample_0118/images/final_selected.png
vim-small,119,4ca02fd28a5e9703,995,238,995,76,True,True,True,True,True,ok,data/nips2017/images/4ca02fd28a5e9703.png,outputs/nips2017/nips2017_selected_20260714_195944/vim-small/ablation_and_no_verifier/sample_0119/images/final_selected.png
vim-small,120,04cb9de291399d15,464,450,464,574,True,True,True,True,True,ok,data/nips2017/images/04cb9de291399d15.png,outputs/nips2017/nips2017_selected_20260714_195944/vim-small/ablation_and_no_verifier/sample_0120/images/final_selected.png
vim-small,121,4cccb215bd60b3c3,32,340,32,32,True,False,False,False,True,ok,data/nips2017/images/4cccb215bd60b3c3.png,outputs/nips2017/nips2017_selected_20260714_195944/vim-small/ablation_and_no_verifier/sample_0121/images/final_selected.png
vim-small,122,4cd90a6459ce9571,718,621,718,978,True,True,True,True,True,ok,data/nips2017/images/4cd90a6459ce9571.png,outputs/nips2017/nips2017_selected_20260714_195944/vim-small/ablation_and_no_verifier/sample_0122/images/final_selected.png
vim-small,123,4d0c0f35a0c00bdc,679,431,679,883,True,True,True,True,True,ok,data/nips2017/images/4d0c0f35a0c00bdc.png,outputs/nips2017/nips2017_selected_20260714_195944/vim-small/ablation_and_no_verifier/sample_0123/images/final_selected.png
vim-small,124,4d1237ccbd9a5b4b,814,422,814,592,True,True,True,True,True,ok,data/nips2017/images/4d1237ccbd9a5b4b.png,outputs/nips2017/nips2017_selected_20260714_195944/vim-small/ablation_and_no_verifier/sample_0124/images/final_selected.png
vim-small,125,4d008626b4b68665,107,779,107,5,True,True,True,True,True,ok,data/nips2017/images/4d008626b4b68665.png,outputs/nips2017/nips2017_selected_20260714_195944/vim-small/ablation_and_no_verifier/sample_0125/images/final_selected.png
vim-small,126,4dc360d125c9238c,526,839,526,454,True,True,True,True,True,ok,data/nips2017/images/4dc360d125c9238c.png,outputs/nips2017/nips2017_selected_20260714_195944/vim-small/ablation_and_no_verifier/sample_0126/images/final_selected.png
vim-small,127,4de063bd5b838f11,1,288,1,723,True,True,True,True,True,ok,data/nips2017/images/4de063bd5b838f11.png,outputs/nips2017/nips2017_selected_20260714_195944/vim-small/ablation_and_no_verifier/sample_0127/images/final_selected.png
vim-small,128,4e1bdcb677f21fb4,873,778,873,698,True,True,True,True,True,ok,data/nips2017/images/4e1bdcb677f21fb4.png,outputs/nips2017/nips2017_selected_20260714_195944/vim-small/ablation_and_no_verifier/sample_0128/images/final_selected.png
vim-small,129,4e34df87968bd882,338,378,338,947,True,True,True,True,True,ok,data/nips2017/images/4e34df87968bd882.png,outputs/nips2017/nips2017_selected_20260714_195944/vim-small/ablation_and_no_verifier/sample_0129/images/final_selected.png
vim-small,130,4edeacef9fb8ec90,718,996,718,972,True,True,True,True,True,ok,data/nips2017/images/4edeacef9fb8ec90.png,outputs/nips2017/nips2017_selected_20260714_195944/vim-small/ablation_and_no_verifier/sample_0130/images/final_selected.png
vim-small,131,4f04ca75d7aafc0a,839,632,839,972,True,True,True,True,True,ok,data/nips2017/images/4f04ca75d7aafc0a.png,outputs/nips2017/nips2017_selected_20260714_195944/vim-small/ablation_and_no_verifier/sample_0131/images/final_selected.png
vim-small,132,4f9f0b75f5b04524,57,896,57,389,True,True,True,True,True,ok,data/nips2017/images/4f9f0b75f5b04524.png,outputs/nips2017/nips2017_selected_20260714_195944/vim-small/ablation_and_no_verifier/sample_0132/images/final_selected.png
vim-small,133,4f553b721705d008,396,2,396,397,True,True,True,True,True,ok,data/nips2017/images/4f553b721705d008.png,outputs/nips2017/nips2017_selected_20260714_195944/vim-small/ablation_and_no_verifier/sample_0133/images/final_selected.png
vim-small,134,4f722cab5573a5fb,884,391,884,538,True,True,True,True,True,ok,data/nips2017/images/4f722cab5573a5fb.png,outputs/nips2017/nips2017_selected_20260714_195944/vim-small/ablation_and_no_verifier/sample_0134/images/final_selected.png
vim-small,135,4f5464b7d4682441,975,606,975,672,True,True,True,True,True,ok,data/nips2017/images/4f5464b7d4682441.png,outputs/nips2017/nips2017_selected_20260714_195944/vim-small/ablation_and_no_verifier/sample_0135/images/final_selected.png
vim-small,136,4fc263d35a3ad3ee,243,122,243,159,True,True,True,True,True,ok,data/nips2017/images/4fc263d35a3ad3ee.png,outputs/nips2017/nips2017_selected_20260714_195944/vim-small/ablation_and_no_verifier/sample_0136/images/final_selected.png
vim-small,137,4fcc9c949d66a4e0,770,103,770,630,True,True,True,True,True,ok,data/nips2017/images/4fcc9c949d66a4e0.png,outputs/nips2017/nips2017_selected_20260714_195944/vim-small/ablation_and_no_verifier/sample_0137/images/final_selected.png
vim-small,138,4fff343244f212cc,820,402,820,577,True,True,True,True,True,ok,data/nips2017/images/4fff343244f212cc.png,outputs/nips2017/nips2017_selected_20260714_195944/vim-small/ablation_and_no_verifier/sample_0138/images/final_selected.png
vim-small,139,5a0e21d54b9c4954,327,145,327,618,True,True,True,True,True,ok,data/nips2017/images/5a0e21d54b9c4954.png,outputs/nips2017/nips2017_selected_20260714_195944/vim-small/ablation_and_no_verifier/sample_0139/images/final_selected.png
vim-small,140,5a8d5bc9bf40e832,518,633,518,670,True,True,True,True,True,ok,data/nips2017/images/5a8d5bc9bf40e832.png,outputs/nips2017/nips2017_selected_20260714_195944/vim-small/ablation_and_no_verifier/sample_0140/images/final_selected.png
vim-small,141,5a6439b10c1f6761,319,870,319,815,True,True,True,True,True,ok,data/nips2017/images/5a6439b10c1f6761.png,outputs/nips2017/nips2017_selected_20260714_195944/vim-small/ablation_and_no_verifier/sample_0141/images/final_selected.png
vim-small,142,5ab3f1edd2f0cb06,386,115,386,554,True,True,True,True,True,ok,data/nips2017/images/5ab3f1edd2f0cb06.png,outputs/nips2017/nips2017_selected_20260714_195944/vim-small/ablation_and_no_verifier/sample_0142/images/final_selected.png
vim-small,143,5adb3d985cf217a9,404,874,404,895,True,True,True,True,True,ok,data/nips2017/images/5adb3d985cf217a9.png,outputs/nips2017/nips2017_selected_20260714_195944/vim-small/ablation_and_no_verifier/sample_0143/images/final_selected.png
vim-small,144,5b3a8c63e41802e7,749,757,749,634,True,True,True,True,True,ok,data/nips2017/images/5b3a8c63e41802e7.png,outputs/nips2017/nips2017_selected_20260714_195944/vim-small/ablation_and_no_verifier/sample_0144/images/final_selected.png
vim-small,145,5b85f98e0105d135,569,932,569,408,True,True,True,True,True,ok,data/nips2017/images/5b85f98e0105d135.png,outputs/nips2017/nips2017_selected_20260714_195944/vim-small/ablation_and_no_verifier/sample_0145/images/final_selected.png
vim-small,146,5b60477a29c7ef81,415,699,415,891,True,True,True,True,True,ok,data/nips2017/images/5b60477a29c7ef81.png,outputs/nips2017/nips2017_selected_20260714_195944/vim-small/ablation_and_no_verifier/sample_0146/images/final_selected.png
vim-small,147,5b974695c09ad165,990,392,950,947,False,True,False,False,True,ok,data/nips2017/images/5b974695c09ad165.png,outputs/nips2017/nips2017_selected_20260714_195944/vim-small/ablation_and_no_verifier/sample_0147/images/final_selected.png
vim-small,148,5bdb8268eadf57d8,851,967,851,475,True,True,True,True,True,ok,data/nips2017/images/5bdb8268eadf57d8.png,outputs/nips2017/nips2017_selected_20260714_195944/vim-small/ablation_and_no_verifier/sample_0148/images/final_selected.png
vim-small,149,5bf502c4a4b7d04d,9,349,9,138,True,False,True,False,False,ok,data/nips2017/images/5bf502c4a4b7d04d.png,outputs/nips2017/nips2017_selected_20260714_195944/vim-small/ablation_and_no_verifier/sample_0149/images/final_selected.png
vim-small,150,5c2d823a4d30e3d5,717,893,717,974,True,True,True,True,True,ok,data/nips2017/images/5c2d823a4d30e3d5.png,outputs/nips2017/nips2017_selected_20260714_195944/vim-small/ablation_and_no_verifier/sample_0150/images/final_selected.png
vim-small,151,5c4eec952ca114a1,347,524,347,348,True,True,True,True,True,ok,data/nips2017/images/5c4eec952ca114a1.png,outputs/nips2017/nips2017_selected_20260714_195944/vim-small/ablation_and_no_verifier/sample_0151/images/final_selected.png
vim-small,152,5c8bcfa0dbb246ab,817,580,817,974,True,True,True,True,True,ok,data/nips2017/images/5c8bcfa0dbb246ab.png,outputs/nips2017/nips2017_selected_20260714_195944/vim-small/ablation_and_no_verifier/sample_0152/images/final_selected.png
vim-small,153,5c847b72d1e1713f,555,521,555,757,True,True,True,True,True,ok,data/nips2017/images/5c847b72d1e1713f.png,outputs/nips2017/nips2017_selected_20260714_195944/vim-small/ablation_and_no_verifier/sample_0153/images/final_selected.png
vim-small,154,05cac1419419ce29,853,549,853,843,True,True,True,True,True,ok,data/nips2017/images/05cac1419419ce29.png,outputs/nips2017/nips2017_selected_20260714_195944/vim-small/ablation_and_no_verifier/sample_0154/images/final_selected.png
vim-small,155,5cd8864b6e35df82,865,897,865,898,True,True,True,True,True,ok,data/nips2017/images/5cd8864b6e35df82.png,outputs/nips2017/nips2017_selected_20260714_195944/vim-small/ablation_and_no_verifier/sample_0155/images/final_selected.png
vim-small,156,5ceb9f2e8405b0de,411,63,411,617,True,True,True,True,True,ok,data/nips2017/images/5ceb9f2e8405b0de.png,outputs/nips2017/nips2017_selected_20260714_195944/vim-small/ablation_and_no_verifier/sample_0156/images/final_selected.png
vim-small,157,5cf72b48fdf5e419,629,743,629,974,True,True,True,True,True,ok,data/nips2017/images/5cf72b48fdf5e419.png,outputs/nips2017/nips2017_selected_20260714_195944/vim-small/ablation_and_no_verifier/sample_0157/images/final_selected.png
vim-small,158,5d1df4748743d42e,963,321,963,923,True,True,True,True,True,ok,data/nips2017/images/5d1df4748743d42e.png,outputs/nips2017/nips2017_selected_20260714_195944/vim-small/ablation_and_no_verifier/sample_0158/images/final_selected.png
vim-small,159,5d6b9cadb6f9e1cd,895,745,895,908,True,True,True,True,True,ok,data/nips2017/images/5d6b9cadb6f9e1cd.png,outputs/nips2017/nips2017_selected_20260714_195944/vim-small/ablation_and_no_verifier/sample_0159/images/final_selected.png
vim-small,160,5d6c4759c26bae8c,546,745,546,974,True,True,True,True,True,ok,data/nips2017/images/5d6c4759c26bae8c.png,outputs/nips2017/nips2017_selected_20260714_195944/vim-small/ablation_and_no_verifier/sample_0160/images/final_selected.png
vim-small,161,5d23b04cc45bc37b,517,736,517,517,True,False,False,False,True,ok,data/nips2017/images/5d23b04cc45bc37b.png,outputs/nips2017/nips2017_selected_20260714_195944/vim-small/ablation_and_no_verifier/sample_0161/images/final_selected.png
vim-small,162,5d53f9bc389e98ad,264,467,264,232,True,True,True,True,True,ok,data/nips2017/images/5d53f9bc389e98ad.png,outputs/nips2017/nips2017_selected_20260714_195944/vim-small/ablation_and_no_verifier/sample_0162/images/final_selected.png
vim-small,163,5d8085ae68e07d72,708,642,708,863,True,True,True,True,True,ok,data/nips2017/images/5d8085ae68e07d72.png,outputs/nips2017/nips2017_selected_20260714_195944/vim-small/ablation_and_no_verifier/sample_0163/images/final_selected.png
vim-small,164,5d77597361d06d2b,903,91,585,570,False,True,False,False,True,ok,data/nips2017/images/5d77597361d06d2b.png,outputs/nips2017/nips2017_selected_20260714_195944/vim-small/ablation_and_no_verifier/sample_0164/images/final_selected.png
vim-small,165,5dbfff56258cf9e6,317,384,317,315,True,True,True,True,True,ok,data/nips2017/images/5dbfff56258cf9e6.png,outputs/nips2017/nips2017_selected_20260714_195944/vim-small/ablation_and_no_verifier/sample_0165/images/final_selected.png
vim-small,166,5dd8e133e66ecd3a,141,345,141,141,True,False,False,False,True,ok,data/nips2017/images/5dd8e133e66ecd3a.png,outputs/nips2017/nips2017_selected_20260714_195944/vim-small/ablation_and_no_verifier/sample_0166/images/final_selected.png
vim-small,167,5ec826683757ffae,22,368,22,974,True,True,True,True,True,ok,data/nips2017/images/5ec826683757ffae.png,outputs/nips2017/nips2017_selected_20260714_195944/vim-small/ablation_and_no_verifier/sample_0167/images/final_selected.png
vim-small,168,5efeca6c4c233f01,760,463,760,651,True,True,True,True,True,ok,data/nips2017/images/5efeca6c4c233f01.png,outputs/nips2017/nips2017_selected_20260714_195944/vim-small/ablation_and_no_verifier/sample_0168/images/final_selected.png
vim-small,169,5f3ea3c6b683fb57,772,61,772,600,True,True,True,True,True,ok,data/nips2017/images/5f3ea3c6b683fb57.png,outputs/nips2017/nips2017_selected_20260714_195944/vim-small/ablation_and_no_verifier/sample_0169/images/final_selected.png
vim-small,170,05f7c084329ff0c6,972,909,972,672,True,True,True,True,True,ok,data/nips2017/images/05f7c084329ff0c6.png,outputs/nips2017/nips2017_selected_20260714_195944/vim-small/ablation_and_no_verifier/sample_0170/images/final_selected.png
vim-small,171,5fc906f27c8975d2,978,366,978,975,True,True,True,True,True,ok,data/nips2017/images/5fc906f27c8975d2.png,outputs/nips2017/nips2017_selected_20260714_195944/vim-small/ablation_and_no_verifier/sample_0171/images/final_selected.png
vim-small,172,5ff168f7d006f69c,682,105,682,987,True,True,True,True,True,ok,data/nips2017/images/5ff168f7d006f69c.png,outputs/nips2017/nips2017_selected_20260714_195944/vim-small/ablation_and_no_verifier/sample_0172/images/final_selected.png
vim-small,173,06a0e36c443746b5,353,231,353,352,True,True,True,True,True,ok,data/nips2017/images/06a0e36c443746b5.png,outputs/nips2017/nips2017_selected_20260714_195944/vim-small/ablation_and_no_verifier/sample_0173/images/final_selected.png
vim-small,174,6a50fbe8723a6a4a,562,596,562,974,True,True,True,True,True,ok,data/nips2017/images/6a50fbe8723a6a4a.png,outputs/nips2017/nips2017_selected_20260714_195944/vim-small/ablation_and_no_verifier/sample_0174/images/final_selected.png
vim-small,175,6a940d1bf69f1d10,557,432,557,807,True,True,True,True,True,ok,data/nips2017/images/6a940d1bf69f1d10.png,outputs/nips2017/nips2017_selected_20260714_195944/vim-small/ablation_and_no_verifier/sample_0175/images/final_selected.png
vim-small,176,6ab876a15af539c4,983,610,983,973,True,True,True,True,True,ok,data/nips2017/images/6ab876a15af539c4.png,outputs/nips2017/nips2017_selected_20260714_195944/vim-small/ablation_and_no_verifier/sample_0176/images/final_selected.png
vim-small,177,6ac94c9244f84aa3,672,335,672,974,True,True,True,True,True,ok,data/nips2017/images/6ac94c9244f84aa3.png,outputs/nips2017/nips2017_selected_20260714_195944/vim-small/ablation_and_no_verifier/sample_0177/images/final_selected.png
vim-small,178,6ad1230d612d7eb7,437,679,437,900,True,True,True,True,True,ok,data/nips2017/images/6ad1230d612d7eb7.png,outputs/nips2017/nips2017_selected_20260714_195944/vim-small/ablation_and_no_verifier/sample_0178/images/final_selected.png
vim-small,179,6af829a442e2e0e7,129,230,127,127,False,True,False,False,True,ok,data/nips2017/images/6af829a442e2e0e7.png,outputs/nips2017/nips2017_selected_20260714_195944/vim-small/ablation_and_no_verifier/sample_0179/images/final_selected.png
vim-small,180,6afe58efa85756dc,928,848,928,931,True,True,True,True,True,ok,data/nips2017/images/6afe58efa85756dc.png,outputs/nips2017/nips2017_selected_20260714_195944/vim-small/ablation_and_no_verifier/sample_0180/images/final_selected.png
vim-small,181,6b27728f0f816dc6,637,873,637,471,True,True,True,True,True,ok,data/nips2017/images/6b27728f0f816dc6.png,outputs/nips2017/nips2017_selected_20260714_195944/vim-small/ablation_and_no_verifier/sample_0181/images/final_selected.png
vim-small,182,6bb6cf032c1286c5,467,366,467,601,True,True,True,True,True,ok,data/nips2017/images/6bb6cf032c1286c5.png,outputs/nips2017/nips2017_selected_20260714_195944/vim-small/ablation_and_no_verifier/sample_0182/images/final_selected.png
vim-small,183,6bea02f26beef50d,708,266,708,501,True,True,True,True,True,ok,data/nips2017/images/6bea02f26beef50d.png,outputs/nips2017/nips2017_selected_20260714_195944/vim-small/ablation_and_no_verifier/sample_0183/images/final_selected.png
vim-small,184,6bff4ecb94f1f84e,858,865,858,974,True,True,True,True,True,ok,data/nips2017/images/6bff4ecb94f1f84e.png,outputs/nips2017/nips2017_selected_20260714_195944/vim-small/ablation_and_no_verifier/sample_0184/images/final_selected.png
vim-small,185,6c9f8901246faff2,628,688,628,752,True,True,True,True,True,ok,data/nips2017/images/6c9f8901246faff2.png,outputs/nips2017/nips2017_selected_20260714_195944/vim-small/ablation_and_no_verifier/sample_0185/images/final_selected.png
vim-small,186,6cae4a23623d142b,582,439,582,467,True,True,True,True,True,ok,data/nips2017/images/6cae4a23623d142b.png,outputs/nips2017/nips2017_selected_20260714_195944/vim-small/ablation_and_no_verifier/sample_0186/images/final_selected.png
vim-small,187,6cc289dc7a8fce86,157,999,157,232,True,True,True,True,True,ok,data/nips2017/images/6cc289dc7a8fce86.png,outputs/nips2017/nips2017_selected_20260714_195944/vim-small/ablation_and_no_verifier/sample_0187/images/final_selected.png
vim-small,188,6d2d82bc1ba0a956,51,663,51,972,True,True,True,True,True,ok,data/nips2017/images/6d2d82bc1ba0a956.png,outputs/nips2017/nips2017_selected_20260714_195944/vim-small/ablation_and_no_verifier/sample_0188/images/final_selected.png
vim-small,189,6d6078c60e59e9f4,984,796,985,985,False,True,False,False,True,ok,data/nips2017/images/6d6078c60e59e9f4.png,outputs/nips2017/nips2017_selected_20260714_195944/vim-small/ablation_and_no_verifier/sample_0189/images/final_selected.png
vim-small,190,6de6432b0f23ae75,104,406,104,354,True,True,True,True,True,ok,data/nips2017/images/6de6432b0f23ae75.png,outputs/nips2017/nips2017_selected_20260714_195944/vim-small/ablation_and_no_verifier/sample_0190/images/final_selected.png
vim-small,191,6e840c209f5733d5,441,749,441,441,True,False,False,False,True,ok,data/nips2017/images/6e840c209f5733d5.png,outputs/nips2017/nips2017_selected_20260714_195944/vim-small/ablation_and_no_verifier/sample_0191/images/final_selected.png
vim-small,192,6ecbd7d19f5b9147,595,422,595,609,True,True,True,True,True,ok,data/nips2017/images/6ecbd7d19f5b9147.png,outputs/nips2017/nips2017_selected_20260714_195944/vim-small/ablation_and_no_verifier/sample_0192/images/final_selected.png
vim-small,193,6efed50f84ec5e01,946,601,946,363,True,True,True,True,True,ok,data/nips2017/images/6efed50f84ec5e01.png,outputs/nips2017/nips2017_selected_20260714_195944/vim-small/ablation_and_no_verifier/sample_0193/images/final_selected.png
vim-small,194,7a11ae4c1f5e790c,688,499,688,771,True,True,True,True,True,ok,data/nips2017/images/7a11ae4c1f5e790c.png,outputs/nips2017/nips2017_selected_20260714_195944/vim-small/ablation_and_no_verifier/sample_0194/images/final_selected.png
vim-small,195,7a51c260ca0e83e7,547,747,705,705,False,True,False,False,True,ok,data/nips2017/images/7a51c260ca0e83e7.png,outputs/nips2017/nips2017_selected_20260714_195944/vim-small/ablation_and_no_verifier/sample_0195/images/final_selected.png
vim-small,196,7a85f42383ec2f81,708,801,708,869,True,True,True,True,True,ok,data/nips2017/images/7a85f42383ec2f81.png,outputs/nips2017/nips2017_selected_20260714_195944/vim-small/ablation_and_no_verifier/sample_0196/images/final_selected.png
vim-small,197,7a291389e67a8a07,416,636,416,702,True,True,True,True,True,ok,data/nips2017/images/7a291389e67a8a07.png,outputs/nips2017/nips2017_selected_20260714_195944/vim-small/ablation_and_no_verifier/sample_0197/images/final_selected.png
vim-small,198,7b6a9bf5b175e3b2,557,598,557,879,True,True,True,True,True,ok,data/nips2017/images/7b6a9bf5b175e3b2.png,outputs/nips2017/nips2017_selected_20260714_195944/vim-small/ablation_and_no_verifier/sample_0198/images/final_selected.png
vim-small,199,7b6cc934fda859fa,306,652,306,960,True,True,True,True,True,ok,data/nips2017/images/7b6cc934fda859fa.png,outputs/nips2017/nips2017_selected_20260714_195944/vim-small/ablation_and_no_verifier/sample_0199/images/final_selected.png
vim-small,200,7b6e963025eaeb66,993,659,993,992,True,True,True,True,True,ok,data/nips2017/images/7b6e963025eaeb66.png,outputs/nips2017/nips2017_selected_20260714_195944/vim-small/ablation_and_no_verifier/sample_0200/images/final_selected.png
vim-small,201,7b8413ef241118df,547,484,565,565,False,True,False,False,True,ok,data/nips2017/images/7b8413ef241118df.png,outputs/nips2017/nips2017_selected_20260714_195944/vim-small/ablation_and_no_verifier/sample_0201/images/final_selected.png
vim-small,202,7b71925e989ee1d8,933,34,933,924,True,True,True,True,True,ok,data/nips2017/images/7b71925e989ee1d8.png,outputs/nips2017/nips2017_selected_20260714_195944/vim-small/ablation_and_no_verifier/sample_0202/images/final_selected.png
vim-small,203,7c3b0d93654b39cd,707,427,707,877,True,True,True,True,True,ok,data/nips2017/images/7c3b0d93654b39cd.png,outputs/nips2017/nips2017_selected_20260714_195944/vim-small/ablation_and_no_verifier/sample_0203/images/final_selected.png
vim-small,204,7c5ea6f89e6e2733,819,586,819,417,True,True,True,True,True,ok,data/nips2017/images/7c5ea6f89e6e2733.png,outputs/nips2017/nips2017_selected_20260714_195944/vim-small/ablation_and_no_verifier/sample_0204/images/final_selected.png
vim-small,205,7c249a944594a62e,989,619,989,997,True,True,True,True,True,ok,data/nips2017/images/7c249a944594a62e.png,outputs/nips2017/nips2017_selected_20260714_195944/vim-small/ablation_and_no_verifier/sample_0205/images/final_selected.png
vim-small,206,7c754696067fdfa9,764,468,764,634,True,True,True,True,True,ok,data/nips2017/images/7c754696067fdfa9.png,outputs/nips2017/nips2017_selected_20260714_195944/vim-small/ablation_and_no_verifier/sample_0206/images/final_selected.png
vim-small,207,7ca714cdcd5d36d9,779,105,779,974,True,True,True,True,True,ok,data/nips2017/images/7ca714cdcd5d36d9.png,outputs/nips2017/nips2017_selected_20260714_195944/vim-small/ablation_and_no_verifier/sample_0207/images/final_selected.png
vim-small,208,7d2a7bca22967f29,734,599,734,627,True,True,True,True,True,ok,data/nips2017/images/7d2a7bca22967f29.png,outputs/nips2017/nips2017_selected_20260714_195944/vim-small/ablation_and_no_verifier/sample_0208/images/final_selected.png
vim-small,209,7d2e9b03ec1b630b,400,534,400,887,True,True,True,True,True,ok,data/nips2017/images/7d2e9b03ec1b630b.png,outputs/nips2017/nips2017_selected_20260714_195944/vim-small/ablation_and_no_verifier/sample_0209/images/final_selected.png
vim-small,210,7d7a8e41b8d0577e,964,181,415,809,False,True,False,False,True,ok,data/nips2017/images/7d7a8e41b8d0577e.png,outputs/nips2017/nips2017_selected_20260714_195944/vim-small/ablation_and_no_verifier/sample_0210/images/final_selected.png
vim-small,211,7d253f78ef6f029a,682,91,682,863,True,True,True,True,True,ok,data/nips2017/images/7d253f78ef6f029a.png,outputs/nips2017/nips2017_selected_20260714_195944/vim-small/ablation_and_no_verifier/sample_0211/images/final_selected.png
vim-small,212,7d833ac8ab852bd2,51,150,51,9,True,True,True,True,True,ok,data/nips2017/images/7d833ac8ab852bd2.png,outputs/nips2017/nips2017_selected_20260714_195944/vim-small/ablation_and_no_verifier/sample_0212/images/final_selected.png
vim-small,213,7d4186ce0332245d,975,935,975,449,True,True,True,True,True,ok,data/nips2017/images/7d4186ce0332245d.png,outputs/nips2017/nips2017_selected_20260714_195944/vim-small/ablation_and_no_verifier/sample_0213/images/final_selected.png
vim-small,214,7d599306068f4594,716,513,716,449,True,True,True,True,True,ok,data/nips2017/images/7d599306068f4594.png,outputs/nips2017/nips2017_selected_20260714_195944/vim-small/ablation_and_no_verifier/sample_0214/images/final_selected.png
vim-small,215,7e0fb7f80ffa514b,654,404,654,407,True,True,True,True,True,ok,data/nips2017/images/7e0fb7f80ffa514b.png,outputs/nips2017/nips2017_selected_20260714_195944/vim-small/ablation_and_no_verifier/sample_0215/images/final_selected.png
vim-small,216,7e4c41563370bed1,718,944,718,908,True,True,True,True,True,ok,data/nips2017/images/7e4c41563370bed1.png,outputs/nips2017/nips2017_selected_20260714_195944/vim-small/ablation_and_no_verifier/sample_0216/images/final_selected.png
vim-small,217,7e5c847bafc4d50c,908,528,908,744,True,True,True,True,True,ok,data/nips2017/images/7e5c847bafc4d50c.png,outputs/nips2017/nips2017_selected_20260714_195944/vim-small/ablation_and_no_verifier/sample_0217/images/final_selected.png
vim-small,218,7e73c7adc520e406,132,85,132,134,True,True,True,True,True,ok,data/nips2017/images/7e73c7adc520e406.png,outputs/nips2017/nips2017_selected_20260714_195944/vim-small/ablation_and_no_verifier/sample_0218/images/final_selected.png
vim-small,219,7f3c20f487834846,407,882,407,654,True,True,True,True,True,ok,data/nips2017/images/7f3c20f487834846.png,outputs/nips2017/nips2017_selected_20260714_195944/vim-small/ablation_and_no_verifier/sample_0219/images/final_selected.png
vim-small,220,7f842d0c1e747334,304,795,304,305,True,True,True,True,True,ok,data/nips2017/images/7f842d0c1e747334.png,outputs/nips2017/nips2017_selected_20260714_195944/vim-small/ablation_and_no_verifier/sample_0220/images/final_selected.png
vim-small,221,7f045354f4577c16,557,969,557,412,True,True,True,True,True,ok,data/nips2017/images/7f045354f4577c16.png,outputs/nips2017/nips2017_selected_20260714_195944/vim-small/ablation_and_no_verifier/sample_0221/images/final_selected.png
vim-small,222,7fd7ce3eb2bf9944,99,112,99,138,True,True,True,True,True,ok,data/nips2017/images/7fd7ce3eb2bf9944.png,outputs/nips2017/nips2017_selected_20260714_195944/vim-small/ablation_and_no_verifier/sample_0222/images/final_selected.png
vim-small,223,8a02b6196885c394,759,446,759,745,True,True,True,True,True,ok,data/nips2017/images/8a02b6196885c394.png,outputs/nips2017/nips2017_selected_20260714_195944/vim-small/ablation_and_no_verifier/sample_0223/images/final_selected.png
vim-small,224,8a82ddd7ab76efbb,510,907,510,554,True,True,True,True,True,ok,data/nips2017/images/8a82ddd7ab76efbb.png,outputs/nips2017/nips2017_selected_20260714_195944/vim-small/ablation_and_no_verifier/sample_0224/images/final_selected.png
vim-small,225,8af30e5c3fa48a08,695,70,695,412,True,True,True,True,True,ok,data/nips2017/images/8af30e5c3fa48a08.png,outputs/nips2017/nips2017_selected_20260714_195944/vim-small/ablation_and_no_verifier/sample_0225/images/final_selected.png
vim-small,226,8b7a5446dae48ac1,308,362,309,319,False,True,False,False,True,ok,data/nips2017/images/8b7a5446dae48ac1.png,outputs/nips2017/nips2017_selected_20260714_195944/vim-small/ablation_and_no_verifier/sample_0226/images/final_selected.png
vim-small,227,8b47d72b39b2bd33,525,96,525,908,True,True,True,True,True,ok,data/nips2017/images/8b47d72b39b2bd33.png,outputs/nips2017/nips2017_selected_20260714_195944/vim-small/ablation_and_no_verifier/sample_0227/images/final_selected.png
vim-small,228,8bb7d10e97694eb5,142,392,142,360,True,True,True,True,True,ok,data/nips2017/images/8bb7d10e97694eb5.png,outputs/nips2017/nips2017_selected_20260714_195944/vim-small/ablation_and_no_verifier/sample_0228/images/final_selected.png
vim-small,229,8c5b5bc0f39e2e06,897,252,897,778,True,True,True,True,True,ok,data/nips2017/images/8c5b5bc0f39e2e06.png,outputs/nips2017/nips2017_selected_20260714_195944/vim-small/ablation_and_no_verifier/sample_0229/images/final_selected.png
vim-small,230,8c6edf1ddfb61102,888,122,888,821,True,True,True,True,True,ok,data/nips2017/images/8c6edf1ddfb61102.png,outputs/nips2017/nips2017_selected_20260714_195944/vim-small/ablation_and_no_verifier/sample_0230/images/final_selected.png
vim-small,231,8c8bc30a62a1ee23,303,1,303,317,True,True,True,True,True,ok,data/nips2017/images/8c8bc30a62a1ee23.png,outputs/nips2017/nips2017_selected_20260714_195944/vim-small/ablation_and_no_verifier/sample_0231/images/final_selected.png
vim-small,232,8c609b06a60af060,498,290,498,698,True,True,True,True,True,ok,data/nips2017/images/8c609b06a60af060.png,outputs/nips2017/nips2017_selected_20260714_195944/vim-small/ablation_and_no_verifier/sample_0232/images/final_selected.png
vim-small,233,8c975de17f3247d1,649,525,649,972,True,True,True,True,True,ok,data/nips2017/images/8c975de17f3247d1.png,outputs/nips2017/nips2017_selected_20260714_195944/vim-small/ablation_and_no_verifier/sample_0233/images/final_selected.png
vim-small,234,8d17aa69b4fd7b45,406,589,406,919,True,True,True,True,True,ok,data/nips2017/images/8d17aa69b4fd7b45.png,outputs/nips2017/nips2017_selected_20260714_195944/vim-small/ablation_and_no_verifier/sample_0234/images/final_selected.png
vim-small,235,8d86fae18afef4e0,37,78,37,35,True,True,True,True,True,ok,data/nips2017/images/8d86fae18afef4e0.png,outputs/nips2017/nips2017_selected_20260714_195944/vim-small/ablation_and_no_verifier/sample_0235/images/final_selected.png
vim-small,236,8d90c523b27410a7,320,562,320,319,True,True,True,True,True,ok,data/nips2017/images/8d90c523b27410a7.png,outputs/nips2017/nips2017_selected_20260714_195944/vim-small/ablation_and_no_verifier/sample_0236/images/final_selected.png
vim-small,237,8d68931ba23fdeb7,841,799,841,885,True,True,True,True,True,ok,data/nips2017/images/8d68931ba23fdeb7.png,outputs/nips2017/nips2017_selected_20260714_195944/vim-small/ablation_and_no_verifier/sample_0237/images/final_selected.png
vim-small,238,8da3593258ae27cb,580,398,580,738,True,True,True,True,True,ok,data/nips2017/images/8da3593258ae27cb.png,outputs/nips2017/nips2017_selected_20260714_195944/vim-small/ablation_and_no_verifier/sample_0238/images/final_selected.png
vim-small,239,8df3dc0c3fef1824,950,842,950,931,True,True,True,True,True,ok,data/nips2017/images/8df3dc0c3fef1824.png,outputs/nips2017/nips2017_selected_20260714_195944/vim-small/ablation_and_no_verifier/sample_0239/images/final_selected.png
vim-small,240,8e9e976fc98e3cfa,665,739,665,518,True,True,True,True,True,ok,data/nips2017/images/8e9e976fc98e3cfa.png,outputs/nips2017/nips2017_selected_20260714_195944/vim-small/ablation_and_no_verifier/sample_0240/images/final_selected.png
vim-small,241,8e3324c208eb9a3b,821,740,821,417,True,True,True,True,True,ok,data/nips2017/images/8e3324c208eb9a3b.png,outputs/nips2017/nips2017_selected_20260714_195944/vim-small/ablation_and_no_verifier/sample_0241/images/final_selected.png
vim-small,242,8e89734ed940e222,656,793,656,436,True,True,True,True,True,ok,data/nips2017/images/8e89734ed940e222.png,outputs/nips2017/nips2017_selected_20260714_195944/vim-small/ablation_and_no_verifier/sample_0242/images/final_selected.png
vim-small,243,8f5e0855ca8de8ea,467,715,936,936,False,True,False,False,True,ok,data/nips2017/images/8f5e0855ca8de8ea.png,outputs/nips2017/nips2017_selected_20260714_195944/vim-small/ablation_and_no_verifier/sample_0243/images/final_selected.png
vim-small,244,8f5eda0b6a910b43,949,917,949,957,True,True,True,True,True,ok,data/nips2017/images/8f5eda0b6a910b43.png,outputs/nips2017/nips2017_selected_20260714_195944/vim-small/ablation_and_no_verifier/sample_0244/images/final_selected.png
vim-small,245,8f07c92f0af97807,805,107,805,600,True,True,True,True,True,ok,data/nips2017/images/8f07c92f0af97807.png,outputs/nips2017/nips2017_selected_20260714_195944/vim-small/ablation_and_no_verifier/sample_0245/images/final_selected.png
vim-small,246,8f9c1e4fd9f4cb2e,16,497,16,94,True,True,True,True,True,ok,data/nips2017/images/8f9c1e4fd9f4cb2e.png,outputs/nips2017/nips2017_selected_20260714_195944/vim-small/ablation_and_no_verifier/sample_0246/images/final_selected.png
vim-small,247,8f97e3fface13e4d,471,547,471,516,True,True,True,True,True,ok,data/nips2017/images/8f97e3fface13e4d.png,outputs/nips2017/nips2017_selected_20260714_195944/vim-small/ablation_and_no_verifier/sample_0247/images/final_selected.png
vim-small,248,08fbf75e60a6efb7,483,665,483,649,True,True,True,True,True,ok,data/nips2017/images/08fbf75e60a6efb7.png,outputs/nips2017/nips2017_selected_20260714_195944/vim-small/ablation_and_no_verifier/sample_0248/images/final_selected.png
vim-small,249,9a1c67f467b9beea,302,89,302,307,True,True,True,True,True,ok,data/nips2017/images/9a1c67f467b9beea.png,outputs/nips2017/nips2017_selected_20260714_195944/vim-small/ablation_and_no_verifier/sample_0249/images/final_selected.png
vim-small,250,9a5913e0fb6d0866,766,203,766,913,True,True,True,True,True,ok,data/nips2017/images/9a5913e0fb6d0866.png,outputs/nips2017/nips2017_selected_20260714_195944/vim-small/ablation_and_no_verifier/sample_0250/images/final_selected.png
vim-small,251,9a49001b63903f72,768,803,805,979,False,True,False,False,True,ok,data/nips2017/images/9a49001b63903f72.png,outputs/nips2017/nips2017_selected_20260714_195944/vim-small/ablation_and_no_verifier/sample_0251/images/final_selected.png
vim-small,252,9ab953cce5c7f879,442,366,442,497,True,True,True,True,True,ok,data/nips2017/images/9ab953cce5c7f879.png,outputs/nips2017/nips2017_selected_20260714_195944/vim-small/ablation_and_no_verifier/sample_0252/images/final_selected.png
vim-small,253,9aba31a4b2404aa5,911,494,911,840,True,True,True,True,True,ok,data/nips2017/images/9aba31a4b2404aa5.png,outputs/nips2017/nips2017_selected_20260714_195944/vim-small/ablation_and_no_verifier/sample_0253/images/final_selected.png
vim-small,254,9b4cab2ffb0c0754,974,962,974,744,True,True,True,True,True,ok,data/nips2017/images/9b4cab2ffb0c0754.png,outputs/nips2017/nips2017_selected_20260714_195944/vim-small/ablation_and_no_verifier/sample_0254/images/final_selected.png
vim-small,255,9c0e25e2f72438e8,511,505,511,511,True,False,False,False,True,ok,data/nips2017/images/9c0e25e2f72438e8.png,outputs/nips2017/nips2017_selected_20260714_195944/vim-small/ablation_and_no_verifier/sample_0255/images/final_selected.png
vim-small,256,9c509bfb75167fb0,640,747,640,640,True,False,False,False,True,ok,data/nips2017/images/9c509bfb75167fb0.png,outputs/nips2017/nips2017_selected_20260714_195944/vim-small/ablation_and_no_verifier/sample_0256/images/final_selected.png
vim-small,257,9cf861a657c27cec,582,896,582,782,True,True,True,True,True,ok,data/nips2017/images/9cf861a657c27cec.png,outputs/nips2017/nips2017_selected_20260714_195944/vim-small/ablation_and_no_verifier/sample_0257/images/final_selected.png
vim-small,258,9d5ef11ec55123e5,99,512,99,975,True,True,True,True,True,ok,data/nips2017/images/9d5ef11ec55123e5.png,outputs/nips2017/nips2017_selected_20260714_195944/vim-small/ablation_and_no_verifier/sample_0258/images/final_selected.png
vim-small,259,9d4674c86096e4bd,661,613,661,586,True,True,True,True,True,ok,data/nips2017/images/9d4674c86096e4bd.png,outputs/nips2017/nips2017_selected_20260714_195944/vim-small/ablation_and_no_verifier/sample_0259/images/final_selected.png
vim-small,260,9d55997552acf0de,259,198,259,232,True,True,True,True,True,ok,data/nips2017/images/9d55997552acf0de.png,outputs/nips2017/nips2017_selected_20260714_195944/vim-small/ablation_and_no_verifier/sample_0260/images/final_selected.png
vim-small,261,9db1070b1b9f03d2,323,869,323,319,True,True,True,True,True,ok,data/nips2017/images/9db1070b1b9f03d2.png,outputs/nips2017/nips2017_selected_20260714_195944/vim-small/ablation_and_no_verifier/sample_0261/images/final_selected.png
vim-small,262,9ee13ecd8d6727c0,497,553,497,406,True,True,True,True,True,ok,data/nips2017/images/9ee13ecd8d6727c0.png,outputs/nips2017/nips2017_selected_20260714_195944/vim-small/ablation_and_no_verifier/sample_0262/images/final_selected.png
vim-small,263,9f3afb58c061c290,980,753,88,910,False,True,False,False,True,ok,data/nips2017/images/9f3afb58c061c290.png,outputs/nips2017/nips2017_selected_20260714_195944/vim-small/ablation_and_no_verifier/sample_0263/images/final_selected.png
vim-small,264,9f6fe669276f04cf,919,696,919,884,True,True,True,True,True,ok,data/nips2017/images/9f6fe669276f04cf.png,outputs/nips2017/nips2017_selected_20260714_195944/vim-small/ablation_and_no_verifier/sample_0264/images/final_selected.png
vim-small,265,9f55ac35ce9703e5,8,193,8,83,True,True,True,True,True,ok,data/nips2017/images/9f55ac35ce9703e5.png,outputs/nips2017/nips2017_selected_20260714_195944/vim-small/ablation_and_no_verifier/sample_0265/images/final_selected.png
vim-small,266,9fbeb797de1e1639,762,510,762,424,True,True,True,True,True,ok,data/nips2017/images/9fbeb797de1e1639.png,outputs/nips2017/nips2017_selected_20260714_195944/vim-small/ablation_and_no_verifier/sample_0266/images/final_selected.png
vim-small,267,9fe19d5c6dab83a3,454,804,454,624,True,True,True,True,True,ok,data/nips2017/images/9fe19d5c6dab83a3.png,outputs/nips2017/nips2017_selected_20260714_195944/vim-small/ablation_and_no_verifier/sample_0267/images/final_selected.png
vim-small,268,10bc8784a5eb8843,743,209,743,399,True,True,True,True,True,ok,data/nips2017/images/10bc8784a5eb8843.png,outputs/nips2017/nips2017_selected_20260714_195944/vim-small/ablation_and_no_verifier/sample_0268/images/final_selected.png
vim-small,269,10db986bad48a9d5,893,133,777,549,False,True,False,False,True,ok,data/nips2017/images/10db986bad48a9d5.png,outputs/nips2017/nips2017_selected_20260714_195944/vim-small/ablation_and_no_verifier/sample_0269/images/final_selected.png
vim-small,270,11afa51200515f9a,825,566,825,649,True,True,True,True,True,ok,data/nips2017/images/11afa51200515f9a.png,outputs/nips2017/nips2017_selected_20260714_195944/vim-small/ablation_and_no_verifier/sample_0270/images/final_selected.png
vim-small,271,11c53fe6feb856c6,476,765,541,843,False,True,False,False,True,ok,data/nips2017/images/11c53fe6feb856c6.png,outputs/nips2017/nips2017_selected_20260714_195944/vim-small/ablation_and_no_verifier/sample_0271/images/final_selected.png
vim-small,272,12cf4de43c70273e,814,832,814,659,True,True,True,True,True,ok,data/nips2017/images/12cf4de43c70273e.png,outputs/nips2017/nips2017_selected_20260714_195944/vim-small/ablation_and_no_verifier/sample_0272/images/final_selected.png
vim-small,273,12fb008451be82d4,582,554,582,943,True,True,True,True,True,ok,data/nips2017/images/12fb008451be82d4.png,outputs/nips2017/nips2017_selected_20260714_195944/vim-small/ablation_and_no_verifier/sample_0273/images/final_selected.png
vim-small,274,014f0024918a7b6f,9,884,9,9,True,False,False,False,True,ok,data/nips2017/images/014f0024918a7b6f.png,outputs/nips2017/nips2017_selected_20260714_195944/vim-small/ablation_and_no_verifier/sample_0274/images/final_selected.png
vim-small,275,15d27dbdc9eeda7f,468,764,751,817,False,True,False,False,True,ok,data/nips2017/images/15d27dbdc9eeda7f.png,outputs/nips2017/nips2017_selected_20260714_195944/vim-small/ablation_and_no_verifier/sample_0275/images/final_selected.png
vim-small,276,16bbe588e0ecc6ab,141,167,141,142,True,True,True,True,True,ok,data/nips2017/images/16bbe588e0ecc6ab.png,outputs/nips2017/nips2017_selected_20260714_195944/vim-small/ablation_and_no_verifier/sample_0276/images/final_selected.png
vim-small,277,16ff75228179469c,227,385,227,331,True,True,True,True,True,ok,data/nips2017/images/16ff75228179469c.png,outputs/nips2017/nips2017_selected_20260714_195944/vim-small/ablation_and_no_verifier/sample_0277/images/final_selected.png
vim-small,278,17cfccd62451a233,965,570,923,961,False,True,False,False,True,ok,data/nips2017/images/17cfccd62451a233.png,outputs/nips2017/nips2017_selected_20260714_195944/vim-small/ablation_and_no_verifier/sample_0278/images/final_selected.png
vim-small,279,17df043d369008f5,990,801,990,988,True,True,True,True,True,ok,data/nips2017/images/17df043d369008f5.png,outputs/nips2017/nips2017_selected_20260714_195944/vim-small/ablation_and_no_verifier/sample_0279/images/final_selected.png
vim-small,280,17f3b8a057bc01be,858,574,858,762,True,True,True,True,True,ok,data/nips2017/images/17f3b8a057bc01be.png,outputs/nips2017/nips2017_selected_20260714_195944/vim-small/ablation_and_no_verifier/sample_0280/images/final_selected.png
vim-small,281,18d5f99fe237a306,814,76,814,885,True,True,True,True,True,ok,data/nips2017/images/18d5f99fe237a306.png,outputs/nips2017/nips2017_selected_20260714_195944/vim-small/ablation_and_no_verifier/sample_0281/images/final_selected.png
vim-small,282,19b5bea9a7608a92,777,434,777,554,True,True,True,True,True,ok,data/nips2017/images/19b5bea9a7608a92.png,outputs/nips2017/nips2017_selected_20260714_195944/vim-small/ablation_and_no_verifier/sample_0282/images/final_selected.png
vim-small,283,19d43f8204d3183d,984,377,984,991,True,True,True,True,True,ok,data/nips2017/images/19d43f8204d3183d.png,outputs/nips2017/nips2017_selected_20260714_195944/vim-small/ablation_and_no_verifier/sample_0283/images/final_selected.png
vim-small,284,21b0803c965f76ef,919,976,919,427,True,True,True,True,True,ok,data/nips2017/images/21b0803c965f76ef.png,outputs/nips2017/nips2017_selected_20260714_195944/vim-small/ablation_and_no_verifier/sample_0284/images/final_selected.png
vim-small,285,21fef4d9b3dce49a,974,459,974,975,True,True,True,True,True,ok,data/nips2017/images/21fef4d9b3dce49a.png,outputs/nips2017/nips2017_selected_20260714_195944/vim-small/ablation_and_no_verifier/sample_0285/images/final_selected.png
vim-small,286,22a9c318b6e36853,619,210,619,787,True,True,True,True,True,ok,data/nips2017/images/22a9c318b6e36853.png,outputs/nips2017/nips2017_selected_20260714_195944/vim-small/ablation_and_no_verifier/sample_0286/images/final_selected.png
vim-small,287,22a313cc9fc2b4f1,309,939,309,332,True,True,True,True,True,ok,data/nips2017/images/22a313cc9fc2b4f1.png,outputs/nips2017/nips2017_selected_20260714_195944/vim-small/ablation_and_no_verifier/sample_0287/images/final_selected.png
vim-small,288,23f9d18d531eb148,478,850,478,662,True,True,True,True,True,ok,data/nips2017/images/23f9d18d531eb148.png,outputs/nips2017/nips2017_selected_20260714_195944/vim-small/ablation_and_no_verifier/sample_0288/images/final_selected.png
vim-small,289,23f39187c0d00e30,971,657,971,332,True,True,True,True,True,ok,data/nips2017/images/23f39187c0d00e30.png,outputs/nips2017/nips2017_selected_20260714_195944/vim-small/ablation_and_no_verifier/sample_0289/images/final_selected.png
vim-small,290,024f73e53c3c1f1d,579,637,579,624,True,True,True,True,True,ok,data/nips2017/images/024f73e53c3c1f1d.png,outputs/nips2017/nips2017_selected_20260714_195944/vim-small/ablation_and_no_verifier/sample_0290/images/final_selected.png
vim-small,291,25eef91443ded954,436,727,436,408,True,True,True,True,True,ok,data/nips2017/images/25eef91443ded954.png,outputs/nips2017/nips2017_selected_20260714_195944/vim-small/ablation_and_no_verifier/sample_0291/images/final_selected.png
vim-small,292,25f85aadcf248cc1,853,889,853,762,True,True,True,True,True,ok,data/nips2017/images/25f85aadcf248cc1.png,outputs/nips2017/nips2017_selected_20260714_195944/vim-small/ablation_and_no_verifier/sample_0292/images/final_selected.png
vim-small,293,26aa2e6ee43387e7,912,740,912,23,True,True,True,True,True,ok,data/nips2017/images/26aa2e6ee43387e7.png,outputs/nips2017/nips2017_selected_20260714_195944/vim-small/ablation_and_no_verifier/sample_0293/images/final_selected.png
vim-small,294,29fe8d653950a631,79,541,79,488,True,True,True,True,True,ok,data/nips2017/images/29fe8d653950a631.png,outputs/nips2017/nips2017_selected_20260714_195944/vim-small/ablation_and_no_verifier/sample_0294/images/final_selected.png
vim-small,295,30b922dbfdbffd11,609,971,609,609,True,False,False,False,True,ok,data/nips2017/images/30b922dbfdbffd11.png,outputs/nips2017/nips2017_selected_20260714_195944/vim-small/ablation_and_no_verifier/sample_0295/images/final_selected.png
vim-small,296,30b62313af2b5d74,315,794,315,990,True,True,True,True,True,ok,data/nips2017/images/30b62313af2b5d74.png,outputs/nips2017/nips2017_selected_20260714_195944/vim-small/ablation_and_no_verifier/sample_0296/images/final_selected.png
vim-small,297,30e132285c2e960f,911,426,911,659,True,True,True,True,True,ok,data/nips2017/images/30e132285c2e960f.png,outputs/nips2017/nips2017_selected_20260714_195944/vim-small/ablation_and_no_verifier/sample_0297/images/final_selected.png
vim-small,298,32c0e4647ce5a812,326,742,326,316,True,True,True,True,True,ok,data/nips2017/images/32c0e4647ce5a812.png,outputs/nips2017/nips2017_selected_20260714_195944/vim-small/ablation_and_no_verifier/sample_0298/images/final_selected.png
vim-small,299,33adbc27fdcadd65,923,715,923,941,True,True,True,True,True,ok,data/nips2017/images/33adbc27fdcadd65.png,outputs/nips2017/nips2017_selected_20260714_195944/vim-small/ablation_and_no_verifier/sample_0299/images/final_selected.png
vim-small,300,34a39905ce228160,768,751,768,981,True,True,True,True,True,ok,data/nips2017/images/34a39905ce228160.png,outputs/nips2017/nips2017_selected_20260714_195944/vim-small/ablation_and_no_verifier/sample_0300/images/final_selected.png
vim-small,301,35c344ca0584ba14,687,830,687,884,True,True,True,True,True,ok,data/nips2017/images/35c344ca0584ba14.png,outputs/nips2017/nips2017_selected_20260714_195944/vim-small/ablation_and_no_verifier/sample_0301/images/final_selected.png
vim-small,302,35d67f3f70aeef92,979,581,979,974,True,True,True,True,True,ok,data/nips2017/images/35d67f3f70aeef92.png,outputs/nips2017/nips2017_selected_20260714_195944/vim-small/ablation_and_no_verifier/sample_0302/images/final_selected.png
vim-small,303,37e7dc99bf2704c7,663,609,663,497,True,True,True,True,True,ok,data/nips2017/images/37e7dc99bf2704c7.png,outputs/nips2017/nips2017_selected_20260714_195944/vim-small/ablation_and_no_verifier/sample_0303/images/final_selected.png
vim-small,304,38bdd950c1d08be6,132,890,132,974,True,True,True,True,True,ok,data/nips2017/images/38bdd950c1d08be6.png,outputs/nips2017/nips2017_selected_20260714_195944/vim-small/ablation_and_no_verifier/sample_0304/images/final_selected.png
vim-small,305,38c6124f40b8d845,895,18,895,404,True,True,True,True,True,ok,data/nips2017/images/38c6124f40b8d845.png,outputs/nips2017/nips2017_selected_20260714_195944/vim-small/ablation_and_no_verifier/sample_0305/images/final_selected.png
vim-small,306,38d8d105d5e70c80,421,754,421,904,True,True,True,True,True,ok,data/nips2017/images/38d8d105d5e70c80.png,outputs/nips2017/nips2017_selected_20260714_195944/vim-small/ablation_and_no_verifier/sample_0306/images/final_selected.png
vim-small,307,38deb4830d12358f,979,935,979,119,True,True,True,True,True,ok,data/nips2017/images/38deb4830d12358f.png,outputs/nips2017/nips2017_selected_20260714_195944/vim-small/ablation_and_no_verifier/sample_0307/images/final_selected.png
vim-small,308,038fd7a750733bb5,17,102,17,59,True,True,True,True,True,ok,data/nips2017/images/038fd7a750733bb5.png,outputs/nips2017/nips2017_selected_20260714_195944/vim-small/ablation_and_no_verifier/sample_0308/images/final_selected.png
vim-small,309,39a483e9a23716ed,675,645,675,974,True,True,True,True,True,ok,data/nips2017/images/39a483e9a23716ed.png,outputs/nips2017/nips2017_selected_20260714_195944/vim-small/ablation_and_no_verifier/sample_0309/images/final_selected.png
vim-small,310,39f82c728c956125,637,761,637,572,True,True,True,True,True,ok,data/nips2017/images/39f82c728c956125.png,outputs/nips2017/nips2017_selected_20260714_195944/vim-small/ablation_and_no_verifier/sample_0310/images/final_selected.png
vim-small,311,40a7f086461190f3,492,840,492,974,True,True,True,True,True,ok,data/nips2017/images/40a7f086461190f3.png,outputs/nips2017/nips2017_selected_20260714_195944/vim-small/ablation_and_no_verifier/sample_0311/images/final_selected.png
vim-small,312,40f79488e3c2d6c4,917,748,917,964,True,True,True,True,True,ok,data/nips2017/images/40f79488e3c2d6c4.png,outputs/nips2017/nips2017_selected_20260714_195944/vim-small/ablation_and_no_verifier/sample_0312/images/final_selected.png
vim-small,313,42e9b41ce96dbf0a,850,646,850,974,True,True,True,True,True,ok,data/nips2017/images/42e9b41ce96dbf0a.png,outputs/nips2017/nips2017_selected_20260714_195944/vim-small/ablation_and_no_verifier/sample_0313/images/final_selected.png
vim-small,314,42e55ac6782d4d99,973,818,973,33,True,True,True,True,True,ok,data/nips2017/images/42e55ac6782d4d99.png,outputs/nips2017/nips2017_selected_20260714_195944/vim-small/ablation_and_no_verifier/sample_0314/images/final_selected.png
vim-small,315,43fa89c17e628c06,132,884,132,131,True,True,True,True,True,ok,data/nips2017/images/43fa89c17e628c06.png,outputs/nips2017/nips2017_selected_20260714_195944/vim-small/ablation_and_no_verifier/sample_0315/images/final_selected.png
vim-small,316,44aa69f642b86628,879,548,879,879,True,False,False,False,True,ok,data/nips2017/images/44aa69f642b86628.png,outputs/nips2017/nips2017_selected_20260714_195944/vim-small/ablation_and_no_verifier/sample_0316/images/final_selected.png
vim-small,317,44fa09bc5f8e69a5,303,989,303,302,True,True,True,True,True,ok,data/nips2017/images/44fa09bc5f8e69a5.png,outputs/nips2017/nips2017_selected_20260714_195944/vim-small/ablation_and_no_verifier/sample_0317/images/final_selected.png
vim-small,318,45da32a1cf073a4f,99,896,99,730,True,True,True,True,True,ok,data/nips2017/images/45da32a1cf073a4f.png,outputs/nips2017/nips2017_selected_20260714_195944/vim-small/ablation_and_no_verifier/sample_0318/images/final_selected.png
vim-small,319,46a489dcff5471a4,919,589,919,743,True,True,True,True,True,ok,data/nips2017/images/46a489dcff5471a4.png,outputs/nips2017/nips2017_selected_20260714_195944/vim-small/ablation_and_no_verifier/sample_0319/images/final_selected.png
vim-small,320,46b657df12fd7c26,283,723,283,290,True,True,True,True,True,ok,data/nips2017/images/46b657df12fd7c26.png,outputs/nips2017/nips2017_selected_20260714_195944/vim-small/ablation_and_no_verifier/sample_0320/images/final_selected.png
vim-small,321,47b087263b33728b,317,151,317,114,True,True,True,True,True,ok,data/nips2017/images/47b087263b33728b.png,outputs/nips2017/nips2017_selected_20260714_195944/vim-small/ablation_and_no_verifier/sample_0321/images/final_selected.png
vim-small,322,49b1adfeb8ffcabd,931,670,931,974,True,True,True,True,True,ok,data/nips2017/images/49b1adfeb8ffcabd.png,outputs/nips2017/nips2017_selected_20260714_195944/vim-small/ablation_and_no_verifier/sample_0322/images/final_selected.png
vim-small,323,49c27b439d39a00c,489,417,489,565,True,True,True,True,True,ok,data/nips2017/images/49c27b439d39a00c.png,outputs/nips2017/nips2017_selected_20260714_195944/vim-small/ablation_and_no_verifier/sample_0323/images/final_selected.png
vim-small,324,50b9e11ae686ae32,320,33,320,989,True,True,True,True,True,ok,data/nips2017/images/50b9e11ae686ae32.png,outputs/nips2017/nips2017_selected_20260714_195944/vim-small/ablation_and_no_verifier/sample_0324/images/final_selected.png
vim-small,325,51b390bb124a6d9d,967,421,967,659,True,True,True,True,True,ok,data/nips2017/images/51b390bb124a6d9d.png,outputs/nips2017/nips2017_selected_20260714_195944/vim-small/ablation_and_no_verifier/sample_0325/images/final_selected.png
vim-small,326,51d1c77f80467b59,976,537,976,354,True,True,True,True,True,ok,data/nips2017/images/51d1c77f80467b59.png,outputs/nips2017/nips2017_selected_20260714_195944/vim-small/ablation_and_no_verifier/sample_0326/images/final_selected.png
vim-small,327,52d8515abbfaa8ac,229,633,229,190,True,True,True,True,True,ok,data/nips2017/images/52d8515abbfaa8ac.png,outputs/nips2017/nips2017_selected_20260714_195944/vim-small/ablation_and_no_verifier/sample_0327/images/final_selected.png
vim-small,328,53c478ffc8ddb967,319,612,319,73,True,True,True,True,True,ok,data/nips2017/images/53c478ffc8ddb967.png,outputs/nips2017/nips2017_selected_20260714_195944/vim-small/ablation_and_no_verifier/sample_0328/images/final_selected.png
vim-small,329,53fe22426ff21243,535,778,535,70,True,True,True,True,True,ok,data/nips2017/images/53fe22426ff21243.png,outputs/nips2017/nips2017_selected_20260714_195944/vim-small/ablation_and_no_verifier/sample_0329/images/final_selected.png
vim-small,330,54a6b2cd7f89220e,917,170,917,964,True,True,True,True,True,ok,data/nips2017/images/54a6b2cd7f89220e.png,outputs/nips2017/nips2017_selected_20260714_195944/vim-small/ablation_and_no_verifier/sample_0330/images/final_selected.png
vim-small,331,54ff02d9dfbf8540,883,369,883,470,True,True,True,True,True,ok,data/nips2017/images/54ff02d9dfbf8540.png,outputs/nips2017/nips2017_selected_20260714_195944/vim-small/ablation_and_no_verifier/sample_0331/images/final_selected.png
vim-small,332,55a2e48a87c16998,910,767,910,942,True,True,True,True,True,ok,data/nips2017/images/55a2e48a87c16998.png,outputs/nips2017/nips2017_selected_20260714_195944/vim-small/ablation_and_no_verifier/sample_0332/images/final_selected.png
vim-small,333,55b85f4336d9603a,879,29,879,723,True,True,True,True,True,ok,data/nips2017/images/55b85f4336d9603a.png,outputs/nips2017/nips2017_selected_20260714_195944/vim-small/ablation_and_no_verifier/sample_0333/images/final_selected.png
vim-small,334,55e85d7b58024966,967,614,967,967,True,False,False,False,True,ok,data/nips2017/images/55e85d7b58024966.png,outputs/nips2017/nips2017_selected_20260714_195944/vim-small/ablation_and_no_verifier/sample_0334/images/final_selected.png
vim-small,335,56dbd7d814ef5c58,253,276,253,211,True,True,True,True,True,ok,data/nips2017/images/56dbd7d814ef5c58.png,outputs/nips2017/nips2017_selected_20260714_195944/vim-small/ablation_and_no_verifier/sample_0335/images/final_selected.png
vim-small,336,56e9d5f63cfc507e,440,623,440,854,True,True,True,True,True,ok,data/nips2017/images/56e9d5f63cfc507e.png,outputs/nips2017/nips2017_selected_20260714_195944/vim-small/ablation_and_no_verifier/sample_0336/images/final_selected.png
vim-small,337,57e62606f02d0251,547,645,547,565,True,True,True,True,True,ok,data/nips2017/images/57e62606f02d0251.png,outputs/nips2017/nips2017_selected_20260714_195944/vim-small/ablation_and_no_verifier/sample_0337/images/final_selected.png
vim-small,338,58bbaa0c5ab520d5,487,715,662,761,False,True,False,False,True,ok,data/nips2017/images/58bbaa0c5ab520d5.png,outputs/nips2017/nips2017_selected_20260714_195944/vim-small/ablation_and_no_verifier/sample_0338/images/final_selected.png
vim-small,339,58f0fd17c4a0e25a,990,99,990,936,True,True,True,True,True,ok,data/nips2017/images/58f0fd17c4a0e25a.png,outputs/nips2017/nips2017_selected_20260714_195944/vim-small/ablation_and_no_verifier/sample_0339/images/final_selected.png
vim-small,340,059da9a174262427,253,629,253,180,True,True,True,True,True,ok,data/nips2017/images/059da9a174262427.png,outputs/nips2017/nips2017_selected_20260714_195944/vim-small/ablation_and_no_verifier/sample_0340/images/final_selected.png
vim-small,341,59e9bdbb7a3fc4ba,517,406,517,698,True,True,True,True,True,ok,data/nips2017/images/59e9bdbb7a3fc4ba.png,outputs/nips2017/nips2017_selected_20260714_195944/vim-small/ablation_and_no_verifier/sample_0341/images/final_selected.png
vim-small,342,60ab0fb53634bc3c,765,551,765,974,True,True,True,True,True,ok,data/nips2017/images/60ab0fb53634bc3c.png,outputs/nips2017/nips2017_selected_20260714_195944/vim-small/ablation_and_no_verifier/sample_0342/images/final_selected.png
vim-small,343,060dfe239abfd547,703,395,703,706,True,True,True,True,True,ok,data/nips2017/images/060dfe239abfd547.png,outputs/nips2017/nips2017_selected_20260714_195944/vim-small/ablation_and_no_verifier/sample_0343/images/final_selected.png
vim-small,344,60ed157b21d49c4c,754,959,754,980,True,True,True,True,True,ok,data/nips2017/images/60ed157b21d49c4c.png,outputs/nips2017/nips2017_selected_20260714_195944/vim-small/ablation_and_no_verifier/sample_0344/images/final_selected.png
vim-small,345,60f5900a00d94b25,705,557,705,705,True,False,False,False,True,ok,data/nips2017/images/60f5900a00d94b25.png,outputs/nips2017/nips2017_selected_20260714_195944/vim-small/ablation_and_no_verifier/sample_0345/images/final_selected.png
vim-small,346,61ed2594a0524631,471,995,471,974,True,True,True,True,True,ok,data/nips2017/images/61ed2594a0524631.png,outputs/nips2017/nips2017_selected_20260714_195944/vim-small/ablation_and_no_verifier/sample_0346/images/final_selected.png
vim-small,347,62c7958e7cd80cca,401,756,401,699,True,True,True,True,True,ok,data/nips2017/images/62c7958e7cd80cca.png,outputs/nips2017/nips2017_selected_20260714_195944/vim-small/ablation_and_no_verifier/sample_0347/images/final_selected.png
vim-small,348,62e0e0efc6deeef4,970,771,970,980,True,True,True,True,True,ok,data/nips2017/images/62e0e0efc6deeef4.png,outputs/nips2017/nips2017_selected_20260714_195944/vim-small/ablation_and_no_verifier/sample_0348/images/final_selected.png
vim-small,349,62ebd5f7ce015380,630,691,630,673,True,True,True,True,True,ok,data/nips2017/images/62ebd5f7ce015380.png,outputs/nips2017/nips2017_selected_20260714_195944/vim-small/ablation_and_no_verifier/sample_0349/images/final_selected.png
vim-small,350,63f2e14ab6be82cf,667,693,667,400,True,True,True,True,True,ok,data/nips2017/images/63f2e14ab6be82cf.png,outputs/nips2017/nips2017_selected_20260714_195944/vim-small/ablation_and_no_verifier/sample_0350/images/final_selected.png
vim-small,351,064e1cc405062c85,107,134,107,973,True,True,True,True,True,ok,data/nips2017/images/064e1cc405062c85.png,outputs/nips2017/nips2017_selected_20260714_195944/vim-small/ablation_and_no_verifier/sample_0351/images/final_selected.png
vim-small,352,64ed3f0e8a2dc320,652,409,652,645,True,True,True,True,True,ok,data/nips2017/images/64ed3f0e8a2dc320.png,outputs/nips2017/nips2017_selected_20260714_195944/vim-small/ablation_and_no_verifier/sample_0352/images/final_selected.png
vim-small,353,65b8c8b065069802,665,378,665,730,True,True,True,True,True,ok,data/nips2017/images/65b8c8b065069802.png,outputs/nips2017/nips2017_selected_20260714_195944/vim-small/ablation_and_no_verifier/sample_0353/images/final_selected.png
vim-small,354,65c1808390bd18c5,685,586,685,409,True,True,True,True,True,ok,data/nips2017/images/65c1808390bd18c5.png,outputs/nips2017/nips2017_selected_20260714_195944/vim-small/ablation_and_no_verifier/sample_0354/images/final_selected.png
vim-small,355,66aa56675136bbab,469,606,469,618,True,True,True,True,True,ok,data/nips2017/images/66aa56675136bbab.png,outputs/nips2017/nips2017_selected_20260714_195944/vim-small/ablation_and_no_verifier/sample_0355/images/final_selected.png
vim-small,356,67a08d685abf7fb6,738,709,738,559,True,True,True,True,True,ok,data/nips2017/images/67a08d685abf7fb6.png,outputs/nips2017/nips2017_selected_20260714_195944/vim-small/ablation_and_no_verifier/sample_0356/images/final_selected.png
vim-small,357,67a52d9155241752,829,419,829,779,True,True,True,True,True,ok,data/nips2017/images/67a52d9155241752.png,outputs/nips2017/nips2017_selected_20260714_195944/vim-small/ablation_and_no_verifier/sample_0357/images/final_selected.png
vim-small,358,67c0339b1dfda5f6,557,495,557,693,True,True,True,True,True,ok,data/nips2017/images/67c0339b1dfda5f6.png,outputs/nips2017/nips2017_selected_20260714_195944/vim-small/ablation_and_no_verifier/sample_0358/images/final_selected.png
vim-small,359,67dd47336dc89421,817,948,817,976,True,True,True,True,True,ok,data/nips2017/images/67dd47336dc89421.png,outputs/nips2017/nips2017_selected_20260714_195944/vim-small/ablation_and_no_verifier/sample_0359/images/final_selected.png
vim-small,360,068c5d66662a837a,963,772,963,964,True,True,True,True,True,ok,data/nips2017/images/068c5d66662a837a.png,outputs/nips2017/nips2017_selected_20260714_195944/vim-small/ablation_and_no_verifier/sample_0360/images/final_selected.png
vim-small,361,69a3493d13953e1f,519,406,519,860,True,True,True,True,True,ok,data/nips2017/images/69a3493d13953e1f.png,outputs/nips2017/nips2017_selected_20260714_195944/vim-small/ablation_and_no_verifier/sample_0361/images/final_selected.png
vim-small,362,69a39406cb1d2ce5,475,45,475,332,True,True,True,True,True,ok,data/nips2017/images/69a39406cb1d2ce5.png,outputs/nips2017/nips2017_selected_20260714_195944/vim-small/ablation_and_no_verifier/sample_0362/images/final_selected.png
vim-small,363,70a2529a6b2c0d46,579,549,579,456,True,True,True,True,True,ok,data/nips2017/images/70a2529a6b2c0d46.png,outputs/nips2017/nips2017_selected_20260714_195944/vim-small/ablation_and_no_verifier/sample_0363/images/final_selected.png
vim-small,364,70b3b833463d20b9,863,856,863,649,True,True,True,True,True,ok,data/nips2017/images/70b3b833463d20b9.png,outputs/nips2017/nips2017_selected_20260714_195944/vim-small/ablation_and_no_verifier/sample_0364/images/final_selected.png
vim-small,365,70b9b8ae11327472,10,982,10,92,True,True,True,True,True,ok,data/nips2017/images/70b9b8ae11327472.png,outputs/nips2017/nips2017_selected_20260714_195944/vim-small/ablation_and_no_verifier/sample_0365/images/final_selected.png
vim-small,366,70d812d368e3e828,455,201,455,429,True,True,True,True,True,ok,data/nips2017/images/70d812d368e3e828.png,outputs/nips2017/nips2017_selected_20260714_195944/vim-small/ablation_and_no_verifier/sample_0366/images/final_selected.png
vim-small,367,70db5a1689f89129,433,471,433,433,True,False,False,False,True,ok,data/nips2017/images/70db5a1689f89129.png,outputs/nips2017/nips2017_selected_20260714_195944/vim-small/ablation_and_no_verifier/sample_0367/images/final_selected.png
vim-small,368,71d368782c72e313,912,486,912,755,True,True,True,True,True,ok,data/nips2017/images/71d368782c72e313.png,outputs/nips2017/nips2017_selected_20260714_195944/vim-small/ablation_and_no_verifier/sample_0368/images/final_selected.png
vim-small,369,72ac2a5af79e26d5,717,861,717,595,True,True,True,True,True,ok,data/nips2017/images/72ac2a5af79e26d5.png,outputs/nips2017/nips2017_selected_20260714_195944/vim-small/ablation_and_no_verifier/sample_0369/images/final_selected.png
vim-small,370,72d85232abd98067,470,598,470,803,True,True,True,True,True,ok,data/nips2017/images/72d85232abd98067.png,outputs/nips2017/nips2017_selected_20260714_195944/vim-small/ablation_and_no_verifier/sample_0370/images/final_selected.png
vim-small,371,72e6ba0cc7fb30a6,874,833,874,829,True,True,True,True,True,ok,data/nips2017/images/72e6ba0cc7fb30a6.png,outputs/nips2017/nips2017_selected_20260714_195944/vim-small/ablation_and_no_verifier/sample_0371/images/final_selected.png
vim-small,372,72f96c6dc5df2de8,884,783,884,663,True,True,True,True,True,ok,data/nips2017/images/72f96c6dc5df2de8.png,outputs/nips2017/nips2017_selected_20260714_195944/vim-small/ablation_and_no_verifier/sample_0372/images/final_selected.png
vim-small,373,73a52afd2f818ed5,438,695,438,427,True,True,True,True,True,ok,data/nips2017/images/73a52afd2f818ed5.png,outputs/nips2017/nips2017_selected_20260714_195944/vim-small/ablation_and_no_verifier/sample_0373/images/final_selected.png
vim-small,374,73ee2cc19ef92e50,981,685,830,830,False,True,False,False,True,ok,data/nips2017/images/73ee2cc19ef92e50.png,outputs/nips2017/nips2017_selected_20260714_195944/vim-small/ablation_and_no_verifier/sample_0374/images/final_selected.png
vim-small,375,74b2e35cda75fe27,628,465,628,724,True,True,True,True,True,ok,data/nips2017/images/74b2e35cda75fe27.png,outputs/nips2017/nips2017_selected_20260714_195944/vim-small/ablation_and_no_verifier/sample_0375/images/final_selected.png
vim-small,376,74b13710bcf4f7f3,774,917,770,706,False,True,False,False,True,ok,data/nips2017/images/74b13710bcf4f7f3.png,outputs/nips2017/nips2017_selected_20260714_195944/vim-small/ablation_and_no_verifier/sample_0376/images/final_selected.png
vim-small,377,74bfc95412b2f824,671,654,671,332,True,True,True,True,True,ok,data/nips2017/images/74bfc95412b2f824.png,outputs/nips2017/nips2017_selected_20260714_195944/vim-small/ablation_and_no_verifier/sample_0377/images/final_selected.png
vim-small,378,74dbbe535861d709,701,193,701,905,True,True,True,True,True,ok,data/nips2017/images/74dbbe535861d709.png,outputs/nips2017/nips2017_selected_20260714_195944/vim-small/ablation_and_no_verifier/sample_0378/images/final_selected.png
vim-small,379,76a5715019fe11c7,820,767,820,866,True,True,True,True,True,ok,data/nips2017/images/76a5715019fe11c7.png,outputs/nips2017/nips2017_selected_20260714_195944/vim-small/ablation_and_no_verifier/sample_0379/images/final_selected.png
vim-small,380,76d7e2d1bf3a31fe,311,731,311,315,True,True,True,True,True,ok,data/nips2017/images/76d7e2d1bf3a31fe.png,outputs/nips2017/nips2017_selected_20260714_195944/vim-small/ablation_and_no_verifier/sample_0380/images/final_selected.png
vim-small,381,76db169867bf2e9d,963,907,963,923,True,True,True,True,True,ok,data/nips2017/images/76db169867bf2e9d.png,outputs/nips2017/nips2017_selected_20260714_195944/vim-small/ablation_and_no_verifier/sample_0381/images/final_selected.png
vim-small,382,77ac8bf95825dfcc,634,727,634,652,True,True,True,True,True,ok,data/nips2017/images/77ac8bf95825dfcc.png,outputs/nips2017/nips2017_selected_20260714_195944/vim-small/ablation_and_no_verifier/sample_0382/images/final_selected.png
vim-small,383,77c72d0a01e1af70,427,835,427,534,True,True,True,True,True,ok,data/nips2017/images/77c72d0a01e1af70.png,outputs/nips2017/nips2017_selected_20260714_195944/vim-small/ablation_and_no_verifier/sample_0383/images/final_selected.png
vim-small,384,79a5625805a08253,765,804,765,706,True,True,True,True,True,ok,data/nips2017/images/79a5625805a08253.png,outputs/nips2017/nips2017_selected_20260714_195944/vim-small/ablation_and_no_verifier/sample_0384/images/final_selected.png
vim-small,385,79f953be91aa8ce2,659,587,659,729,True,True,True,True,True,ok,data/nips2017/images/79f953be91aa8ce2.png,outputs/nips2017/nips2017_selected_20260714_195944/vim-small/ablation_and_no_verifier/sample_0385/images/final_selected.png
vim-small,386,79fa9855119ffeea,478,505,478,551,True,True,True,True,True,ok,data/nips2017/images/79fa9855119ffeea.png,outputs/nips2017/nips2017_selected_20260714_195944/vim-small/ablation_and_no_verifier/sample_0386/images/final_selected.png
vim-small,387,080bec22a6b1d37d,759,817,759,961,True,True,True,True,True,ok,data/nips2017/images/080bec22a6b1d37d.png,outputs/nips2017/nips2017_selected_20260714_195944/vim-small/ablation_and_no_verifier/sample_0387/images/final_selected.png
vim-small,388,81a7637c67f4f777,489,835,489,743,True,True,True,True,True,ok,data/nips2017/images/81a7637c67f4f777.png,outputs/nips2017/nips2017_selected_20260714_195944/vim-small/ablation_and_no_verifier/sample_0388/images/final_selected.png
vim-small,389,81ddbe14219e9dcf,317,671,317,311,True,True,True,True,True,ok,data/nips2017/images/81ddbe14219e9dcf.png,outputs/nips2017/nips2017_selected_20260714_195944/vim-small/ablation_and_no_verifier/sample_0389/images/final_selected.png
vim-small,390,82b6f0bc71f5d0af,562,577,562,580,True,True,True,True,True,ok,data/nips2017/images/82b6f0bc71f5d0af.png,outputs/nips2017/nips2017_selected_20260714_195944/vim-small/ablation_and_no_verifier/sample_0390/images/final_selected.png
vim-small,391,82e2334925339ef8,817,768,817,479,True,True,True,True,True,ok,data/nips2017/images/82e2334925339ef8.png,outputs/nips2017/nips2017_selected_20260714_195944/vim-small/ablation_and_no_verifier/sample_0391/images/final_selected.png
vim-small,392,83d35591dfff99ac,580,856,580,818,True,True,True,True,True,ok,data/nips2017/images/83d35591dfff99ac.png,outputs/nips2017/nips2017_selected_20260714_195944/vim-small/ablation_and_no_verifier/sample_0392/images/final_selected.png
vim-small,393,84a5f6ee2af29208,320,512,320,319,True,True,True,True,True,ok,data/nips2017/images/84a5f6ee2af29208.png,outputs/nips2017/nips2017_selected_20260714_195944/vim-small/ablation_and_no_verifier/sample_0393/images/final_selected.png
vim-small,394,84af93c72781b7f0,437,781,437,888,True,True,True,True,True,ok,data/nips2017/images/84af93c72781b7f0.png,outputs/nips2017/nips2017_selected_20260714_195944/vim-small/ablation_and_no_verifier/sample_0394/images/final_selected.png
vim-small,395,85e2eea48d912d31,805,135,805,671,True,True,True,True,True,ok,data/nips2017/images/85e2eea48d912d31.png,outputs/nips2017/nips2017_selected_20260714_195944/vim-small/ablation_and_no_verifier/sample_0395/images/final_selected.png
vim-small,396,87a2147620d5e1cb,779,289,779,874,True,True,True,True,True,ok,data/nips2017/images/87a2147620d5e1cb.png,outputs/nips2017/nips2017_selected_20260714_195944/vim-small/ablation_and_no_verifier/sample_0396/images/final_selected.png
vim-small,397,87fcc5f70673d3d2,698,158,698,538,True,True,True,True,True,ok,data/nips2017/images/87fcc5f70673d3d2.png,outputs/nips2017/nips2017_selected_20260714_195944/vim-small/ablation_and_no_verifier/sample_0397/images/final_selected.png
vim-small,398,89d60f53d478c4f7,667,434,667,964,True,True,True,True,True,ok,data/nips2017/images/89d60f53d478c4f7.png,outputs/nips2017/nips2017_selected_20260714_195944/vim-small/ablation_and_no_verifier/sample_0398/images/final_selected.png
vim-small,399,89d8361c6bfe905c,603,50,603,698,True,True,True,True,True,ok,data/nips2017/images/89d8361c6bfe905c.png,outputs/nips2017/nips2017_selected_20260714_195944/vim-small/ablation_and_no_verifier/sample_0399/images/final_selected.png
vim-small,400,89f48bcf97aa6600,417,69,417,974,True,True,True,True,True,ok,data/nips2017/images/89f48bcf97aa6600.png,outputs/nips2017/nips2017_selected_20260714_195944/vim-small/ablation_and_no_verifier/sample_0400/images/final_selected.png
vim-small,401,90ab38bb74020d5a,646,140,698,888,False,True,False,False,True,ok,data/nips2017/images/90ab38bb74020d5a.png,outputs/nips2017/nips2017_selected_20260714_195944/vim-small/ablation_and_no_verifier/sample_0401/images/final_selected.png
vim-small,402,90dfd75887f3e67b,985,44,985,985,True,False,False,False,True,ok,data/nips2017/images/90dfd75887f3e67b.png,outputs/nips2017/nips2017_selected_20260714_195944/vim-small/ablation_and_no_verifier/sample_0402/images/final_selected.png
vim-small,403,90e1aa56cae80a60,917,416,917,964,True,True,True,True,True,ok,data/nips2017/images/90e1aa56cae80a60.png,outputs/nips2017/nips2017_selected_20260714_195944/vim-small/ablation_and_no_verifier/sample_0403/images/final_selected.png
vim-small,404,90e9a43bfb6a68b7,866,475,561,561,False,True,False,False,True,ok,data/nips2017/images/90e9a43bfb6a68b7.png,outputs/nips2017/nips2017_selected_20260714_195944/vim-small/ablation_and_no_verifier/sample_0404/images/final_selected.png
vim-small,405,90e11aa7c36c64f2,949,0,949,700,True,True,True,True,True,ok,data/nips2017/images/90e11aa7c36c64f2.png,outputs/nips2017/nips2017_selected_20260714_195944/vim-small/ablation_and_no_verifier/sample_0405/images/final_selected.png
vim-small,406,90f5385a77a49f77,703,904,703,756,True,True,True,True,True,ok,data/nips2017/images/90f5385a77a49f77.png,outputs/nips2017/nips2017_selected_20260714_195944/vim-small/ablation_and_no_verifier/sample_0406/images/final_selected.png
vim-small,407,91d18b353d5b3be2,930,25,930,599,True,True,True,True,True,ok,data/nips2017/images/91d18b353d5b3be2.png,outputs/nips2017/nips2017_selected_20260714_195944/vim-small/ablation_and_no_verifier/sample_0407/images/final_selected.png
vim-small,408,92c3f5e99d8ac862,663,361,663,562,True,True,True,True,True,ok,data/nips2017/images/92c3f5e99d8ac862.png,outputs/nips2017/nips2017_selected_20260714_195944/vim-small/ablation_and_no_verifier/sample_0408/images/final_selected.png
vim-small,409,92c73d668e2cd3ce,858,581,858,698,True,True,True,True,True,ok,data/nips2017/images/92c73d668e2cd3ce.png,outputs/nips2017/nips2017_selected_20260714_195944/vim-small/ablation_and_no_verifier/sample_0409/images/final_selected.png
vim-small,410,92dbb18dd447fd75,489,193,489,738,True,True,True,True,True,ok,data/nips2017/images/92dbb18dd447fd75.png,outputs/nips2017/nips2017_selected_20260714_195944/vim-small/ablation_and_no_verifier/sample_0410/images/final_selected.png
vim-small,411,93a0857ff81c25ce,547,958,547,547,True,False,False,False,True,ok,data/nips2017/images/93a0857ff81c25ce.png,outputs/nips2017/nips2017_selected_20260714_195944/vim-small/ablation_and_no_verifier/sample_0411/images/final_selected.png
vim-small,412,95d1a6be6786190f,890,982,890,805,True,True,True,True,True,ok,data/nips2017/images/95d1a6be6786190f.png,outputs/nips2017/nips2017_selected_20260714_195944/vim-small/ablation_and_no_verifier/sample_0412/images/final_selected.png
vim-small,413,95d6a4087f394d8b,749,540,749,767,True,True,True,True,True,ok,data/nips2017/images/95d6a4087f394d8b.png,outputs/nips2017/nips2017_selected_20260714_195944/vim-small/ablation_and_no_verifier/sample_0413/images/final_selected.png
vim-small,414,95fbd20d0aaf319a,825,299,825,649,True,True,True,True,True,ok,data/nips2017/images/95fbd20d0aaf319a.png,outputs/nips2017/nips2017_selected_20260714_195944/vim-small/ablation_and_no_verifier/sample_0414/images/final_selected.png
vim-small,415,96e77c20bf94ecb1,817,517,817,974,True,True,True,True,True,ok,data/nips2017/images/96e77c20bf94ecb1.png,outputs/nips2017/nips2017_selected_20260714_195944/vim-small/ablation_and_no_verifier/sample_0415/images/final_selected.png
vim-small,416,96fcb76927274db6,471,315,471,974,True,True,True,True,True,ok,data/nips2017/images/96fcb76927274db6.png,outputs/nips2017/nips2017_selected_20260714_195944/vim-small/ablation_and_no_verifier/sample_0416/images/final_selected.png
vim-small,417,99f175132cd1c6e2,933,458,933,729,True,True,True,True,True,ok,data/nips2017/images/99f175132cd1c6e2.png,outputs/nips2017/nips2017_selected_20260714_195944/vim-small/ablation_and_no_verifier/sample_0417/images/final_selected.png
vim-small,418,114c98c078c5aab0,49,107,49,974,True,True,True,True,True,ok,data/nips2017/images/114c98c078c5aab0.png,outputs/nips2017/nips2017_selected_20260714_195944/vim-small/ablation_and_no_verifier/sample_0418/images/final_selected.png
vim-small,419,121c87c3c822e2c5,458,385,458,640,True,True,True,True,True,ok,data/nips2017/images/121c87c3c822e2c5.png,outputs/nips2017/nips2017_selected_20260714_195944/vim-small/ablation_and_no_verifier/sample_0419/images/final_selected.png
vim-small,420,128fca690a11f68c,97,784,97,337,True,True,True,True,True,ok,data/nips2017/images/128fca690a11f68c.png,outputs/nips2017/nips2017_selected_20260714_195944/vim-small/ablation_and_no_verifier/sample_0420/images/final_selected.png
vim-small,421,0134ba03294509a1,981,354,981,701,True,True,True,True,True,ok,data/nips2017/images/0134ba03294509a1.png,outputs/nips2017/nips2017_selected_20260714_195944/vim-small/ablation_and_no_verifier/sample_0421/images/final_selected.png
vim-small,422,134bfd93a04b88b2,580,961,580,66,True,True,True,True,True,ok,data/nips2017/images/134bfd93a04b88b2.png,outputs/nips2017/nips2017_selected_20260714_195944/vim-small/ablation_and_no_verifier/sample_0422/images/final_selected.png
vim-small,423,137ab6ca314e9e35,619,555,619,624,True,True,True,True,True,ok,data/nips2017/images/137ab6ca314e9e35.png,outputs/nips2017/nips2017_selected_20260714_195944/vim-small/ablation_and_no_verifier/sample_0423/images/final_selected.png
vim-small,424,143c74a57326fd40,421,422,421,646,True,True,True,True,True,ok,data/nips2017/images/143c74a57326fd40.png,outputs/nips2017/nips2017_selected_20260714_195944/vim-small/ablation_and_no_verifier/sample_0424/images/final_selected.png
vim-small,425,172f992e1a0ebbc3,565,491,565,705,True,True,True,True,True,ok,data/nips2017/images/172f992e1a0ebbc3.png,outputs/nips2017/nips2017_selected_20260714_195944/vim-small/ablation_and_no_verifier/sample_0425/images/final_selected.png
vim-small,426,184a160b32ff4c72,517,716,517,536,True,True,True,True,True,ok,data/nips2017/images/184a160b32ff4c72.png,outputs/nips2017/nips2017_selected_20260714_195944/vim-small/ablation_and_no_verifier/sample_0426/images/final_selected.png
vim-small,427,207fd3b5def218d1,990,278,990,332,True,True,True,True,True,ok,data/nips2017/images/207fd3b5def218d1.png,outputs/nips2017/nips2017_selected_20260714_195944/vim-small/ablation_and_no_verifier/sample_0427/images/final_selected.png
vim-small,428,0212aa8aa912ee45,326,415,326,989,True,True,True,True,True,ok,data/nips2017/images/0212aa8aa912ee45.png,outputs/nips2017/nips2017_selected_20260714_195944/vim-small/ablation_and_no_verifier/sample_0428/images/final_selected.png
vim-small,429,218e02b6cfa0466e,698,216,698,399,True,True,True,True,True,ok,data/nips2017/images/218e02b6cfa0466e.png,outputs/nips2017/nips2017_selected_20260714_195944/vim-small/ablation_and_no_verifier/sample_0429/images/final_selected.png
vim-small,430,225e06c2dfa68a62,881,944,881,687,True,True,True,True,True,ok,data/nips2017/images/225e06c2dfa68a62.png,outputs/nips2017/nips2017_selected_20260714_195944/vim-small/ablation_and_no_verifier/sample_0430/images/final_selected.png
vim-small,431,228fec6cab5f560d,973,930,973,33,True,True,True,True,True,ok,data/nips2017/images/228fec6cab5f560d.png,outputs/nips2017/nips2017_selected_20260714_195944/vim-small/ablation_and_no_verifier/sample_0431/images/final_selected.png
vim-small,432,229fbe790098d2e5,480,575,480,743,True,True,True,True,True,ok,data/nips2017/images/229fbe790098d2e5.png,outputs/nips2017/nips2017_selected_20260714_195944/vim-small/ablation_and_no_verifier/sample_0432/images/final_selected.png
vim-small,433,232c22314e21f764,114,903,114,419,True,True,True,True,True,ok,data/nips2017/images/232c22314e21f764.png,outputs/nips2017/nips2017_selected_20260714_195944/vim-small/ablation_and_no_verifier/sample_0433/images/final_selected.png
vim-small,434,263c7bcd59502625,479,650,479,518,True,True,True,True,True,ok,data/nips2017/images/263c7bcd59502625.png,outputs/nips2017/nips2017_selected_20260714_195944/vim-small/ablation_and_no_verifier/sample_0434/images/final_selected.png
vim-small,435,00312c7e7196baf4,326,219,326,322,True,True,True,True,True,ok,data/nips2017/images/00312c7e7196baf4.png,outputs/nips2017/nips2017_selected_20260714_195944/vim-small/ablation_and_no_verifier/sample_0435/images/final_selected.png
vim-small,436,313ff0037b86260a,497,609,497,497,True,False,False,False,True,ok,data/nips2017/images/313ff0037b86260a.png,outputs/nips2017/nips2017_selected_20260714_195944/vim-small/ablation_and_no_verifier/sample_0436/images/final_selected.png
vim-small,437,315e55af9615abd2,346,105,346,730,True,True,True,True,True,ok,data/nips2017/images/315e55af9615abd2.png,outputs/nips2017/nips2017_selected_20260714_195944/vim-small/ablation_and_no_verifier/sample_0437/images/final_selected.png
vim-small,438,319e8b63d6a194aa,825,528,500,500,False,True,False,False,True,ok,data/nips2017/images/319e8b63d6a194aa.png,outputs/nips2017/nips2017_selected_20260714_195944/vim-small/ablation_and_no_verifier/sample_0438/images/final_selected.png
vim-small,439,328d99215b19c8c7,805,925,805,768,True,True,True,True,True,ok,data/nips2017/images/328d99215b19c8c7.png,outputs/nips2017/nips2017_selected_20260714_195944/vim-small/ablation_and_no_verifier/sample_0439/images/final_selected.png
vim-small,440,330b9cb3cd80c88b,533,430,533,748,True,True,True,True,True,ok,data/nips2017/images/330b9cb3cd80c88b.png,outputs/nips2017/nips2017_selected_20260714_195944/vim-small/ablation_and_no_verifier/sample_0440/images/final_selected.png
vim-small,441,335e604bbe3eec78,311,686,311,312,True,True,True,True,True,ok,data/nips2017/images/335e604bbe3eec78.png,outputs/nips2017/nips2017_selected_20260714_195944/vim-small/ablation_and_no_verifier/sample_0441/images/final_selected.png
vim-small,442,346c5575b60194c3,948,624,948,951,True,True,True,True,True,ok,data/nips2017/images/346c5575b60194c3.png,outputs/nips2017/nips2017_selected_20260714_195944/vim-small/ablation_and_no_verifier/sample_0442/images/final_selected.png
vim-small,443,348ac56def3ccd35,915,532,915,958,True,True,True,True,True,ok,data/nips2017/images/348ac56def3ccd35.png,outputs/nips2017/nips2017_selected_20260714_195944/vim-small/ablation_and_no_verifier/sample_0443/images/final_selected.png
vim-small,444,362e4ac62cf888f4,572,35,572,828,True,True,True,True,True,ok,data/nips2017/images/362e4ac62cf888f4.png,outputs/nips2017/nips2017_selected_20260714_195944/vim-small/ablation_and_no_verifier/sample_0444/images/final_selected.png
vim-small,445,393d40f3a6a79400,327,845,327,961,True,True,True,True,True,ok,data/nips2017/images/393d40f3a6a79400.png,outputs/nips2017/nips2017_selected_20260714_195944/vim-small/ablation_and_no_verifier/sample_0445/images/final_selected.png
vim-small,446,405dd60729a8c18d,847,495,847,974,True,True,True,True,True,ok,data/nips2017/images/405dd60729a8c18d.png,outputs/nips2017/nips2017_selected_20260714_195944/vim-small/ablation_and_no_verifier/sample_0446/images/final_selected.png
vim-small,447,408bae58c26a8076,132,760,132,140,True,True,True,True,True,ok,data/nips2017/images/408bae58c26a8076.png,outputs/nips2017/nips2017_selected_20260714_195944/vim-small/ablation_and_no_verifier/sample_0447/images/final_selected.png
vim-small,448,411c5d79017077f4,81,676,81,80,True,True,True,True,True,ok,data/nips2017/images/411c5d79017077f4.png,outputs/nips2017/nips2017_selected_20260714_195944/vim-small/ablation_and_no_verifier/sample_0448/images/final_selected.png
vim-small,449,0411ca972e637297,967,696,967,968,True,True,True,True,True,ok,data/nips2017/images/0411ca972e637297.png,outputs/nips2017/nips2017_selected_20260714_195944/vim-small/ablation_and_no_verifier/sample_0449/images/final_selected.png
vim-small,450,422d08407aeed1be,113,43,113,988,True,True,True,True,True,ok,data/nips2017/images/422d08407aeed1be.png,outputs/nips2017/nips2017_selected_20260714_195944/vim-small/ablation_and_no_verifier/sample_0450/images/final_selected.png
vim-small,451,446b24f903b488fc,143,838,143,128,True,True,True,True,True,ok,data/nips2017/images/446b24f903b488fc.png,outputs/nips2017/nips2017_selected_20260714_195944/vim-small/ablation_and_no_verifier/sample_0451/images/final_selected.png
vim-small,452,446f75fdea0e1da0,921,200,921,446,True,True,True,True,True,ok,data/nips2017/images/446f75fdea0e1da0.png,outputs/nips2017/nips2017_selected_20260714_195944/vim-small/ablation_and_no_verifier/sample_0452/images/final_selected.png
vim-small,453,448a738f6dcba07e,562,415,562,562,True,False,False,False,True,ok,data/nips2017/images/448a738f6dcba07e.png,outputs/nips2017/nips2017_selected_20260714_195944/vim-small/ablation_and_no_verifier/sample_0453/images/final_selected.png
vim-small,454,477bf90e7413df23,541,835,541,974,True,True,True,True,True,ok,data/nips2017/images/477bf90e7413df23.png,outputs/nips2017/nips2017_selected_20260714_195944/vim-small/ablation_and_no_verifier/sample_0454/images/final_selected.png
vim-small,455,490df9e021386d29,404,350,404,895,True,True,True,True,True,ok,data/nips2017/images/490df9e021386d29.png,outputs/nips2017/nips2017_selected_20260714_195944/vim-small/ablation_and_no_verifier/sample_0455/images/final_selected.png
vim-small,456,493e327b171ab0c3,830,855,830,582,True,True,True,True,True,ok,data/nips2017/images/493e327b171ab0c3.png,outputs/nips2017/nips2017_selected_20260714_195944/vim-small/ablation_and_no_verifier/sample_0456/images/final_selected.png
vim-small,457,506b87b78daa499c,820,243,820,820,True,False,False,False,True,ok,data/nips2017/images/506b87b78daa499c.png,outputs/nips2017/nips2017_selected_20260714_195944/vim-small/ablation_and_no_verifier/sample_0457/images/final_selected.png
vim-small,458,510e5062fef4a993,630,292,630,884,True,True,True,True,True,ok,data/nips2017/images/510e5062fef4a993.png,outputs/nips2017/nips2017_selected_20260714_195944/vim-small/ablation_and_no_verifier/sample_0458/images/final_selected.png
vim-small,459,513b3032ed1f388c,113,541,113,974,True,True,True,True,True,ok,data/nips2017/images/513b3032ed1f388c.png,outputs/nips2017/nips2017_selected_20260714_195944/vim-small/ablation_and_no_verifier/sample_0459/images/final_selected.png
vim-small,460,515c6586db87bbd8,873,217,698,698,False,True,False,False,True,ok,data/nips2017/images/515c6586db87bbd8.png,outputs/nips2017/nips2017_selected_20260714_195944/vim-small/ablation_and_no_verifier/sample_0460/images/final_selected.png
vim-small,461,517dc655edeaf344,429,919,429,980,True,True,True,True,True,ok,data/nips2017/images/517dc655edeaf344.png,outputs/nips2017/nips2017_selected_20260714_195944/vim-small/ablation_and_no_verifier/sample_0461/images/final_selected.png
vim-small,462,526f322d78bd5b44,570,287,570,643,True,True,True,True,True,ok,data/nips2017/images/526f322d78bd5b44.png,outputs/nips2017/nips2017_selected_20260714_195944/vim-small/ablation_and_no_verifier/sample_0462/images/final_selected.png
vim-small,463,542c07e8bf8e283c,144,705,144,129,True,True,True,True,True,ok,data/nips2017/images/542c07e8bf8e283c.png,outputs/nips2017/nips2017_selected_20260714_195944/vim-small/ablation_and_no_verifier/sample_0463/images/final_selected.png
vim-small,464,0546b47c13f154d3,107,317,107,108,True,True,True,True,True,ok,data/nips2017/images/0546b47c13f154d3.png,outputs/nips2017/nips2017_selected_20260714_195944/vim-small/ablation_and_no_verifier/sample_0464/images/final_selected.png
vim-small,465,556d8b457b94c285,746,377,746,795,True,True,True,True,True,ok,data/nips2017/images/556d8b457b94c285.png,outputs/nips2017/nips2017_selected_20260714_195944/vim-small/ablation_and_no_verifier/sample_0465/images/final_selected.png
vim-small,466,558a7b66b78ba65b,421,667,421,884,True,True,True,True,True,ok,data/nips2017/images/558a7b66b78ba65b.png,outputs/nips2017/nips2017_selected_20260714_195944/vim-small/ablation_and_no_verifier/sample_0466/images/final_selected.png
vim-small,467,564de663adeb8cd5,557,132,557,595,True,True,True,True,True,ok,data/nips2017/images/564de663adeb8cd5.png,outputs/nips2017/nips2017_selected_20260714_195944/vim-small/ablation_and_no_verifier/sample_0467/images/final_selected.png
vim-small,468,565c67fd230f18cc,554,853,554,472,True,True,True,True,True,ok,data/nips2017/images/565c67fd230f18cc.png,outputs/nips2017/nips2017_selected_20260714_195944/vim-small/ablation_and_no_verifier/sample_0468/images/final_selected.png
vim-small,469,588bd41c9aa5a81b,533,153,533,748,True,True,True,True,True,ok,data/nips2017/images/588bd41c9aa5a81b.png,outputs/nips2017/nips2017_selected_20260714_195944/vim-small/ablation_and_no_verifier/sample_0469/images/final_selected.png
vim-small,470,592c7424f13b2d29,603,516,603,730,True,True,True,True,True,ok,data/nips2017/images/592c7424f13b2d29.png,outputs/nips2017/nips2017_selected_20260714_195944/vim-small/ablation_and_no_verifier/sample_0470/images/final_selected.png
vim-small,471,602f2c3749d6021e,746,105,746,671,True,True,True,True,True,ok,data/nips2017/images/602f2c3749d6021e.png,outputs/nips2017/nips2017_selected_20260714_195944/vim-small/ablation_and_no_verifier/sample_0471/images/final_selected.png
vim-small,472,604b54a3b7424d9b,938,429,938,928,True,True,True,True,True,ok,data/nips2017/images/604b54a3b7424d9b.png,outputs/nips2017/nips2017_selected_20260714_195944/vim-small/ablation_and_no_verifier/sample_0472/images/final_selected.png
vim-small,473,611f453c4bb616b9,309,64,309,307,True,True,True,True,True,ok,data/nips2017/images/611f453c4bb616b9.png,outputs/nips2017/nips2017_selected_20260714_195944/vim-small/ablation_and_no_verifier/sample_0473/images/final_selected.png
vim-small,474,619a9d0eb2acdd82,884,842,884,818,True,True,True,True,True,ok,data/nips2017/images/619a9d0eb2acdd82.png,outputs/nips2017/nips2017_selected_20260714_195944/vim-small/ablation_and_no_verifier/sample_0474/images/final_selected.png
vim-small,475,631b6820e91a9e3e,12,302,12,81,True,True,True,True,True,ok,data/nips2017/images/631b6820e91a9e3e.png,outputs/nips2017/nips2017_selected_20260714_195944/vim-small/ablation_and_no_verifier/sample_0475/images/final_selected.png
vim-small,476,634d7f18d098cccb,538,765,538,884,True,True,True,True,True,ok,data/nips2017/images/634d7f18d098cccb.png,outputs/nips2017/nips2017_selected_20260714_195944/vim-small/ablation_and_no_verifier/sample_0476/images/final_selected.png
vim-small,477,635ea505879178ed,538,922,538,974,True,True,True,True,True,ok,data/nips2017/images/635ea505879178ed.png,outputs/nips2017/nips2017_selected_20260714_195944/vim-small/ablation_and_no_verifier/sample_0477/images/final_selected.png
vim-small,478,641d03527848417f,340,449,340,340,True,False,False,False,True,ok,data/nips2017/images/641d03527848417f.png,outputs/nips2017/nips2017_selected_20260714_195944/vim-small/ablation_and_no_verifier/sample_0478/images/final_selected.png
vim-small,479,659ca4ac6cc57e89,777,589,777,977,True,True,True,True,True,ok,data/nips2017/images/659ca4ac6cc57e89.png,outputs/nips2017/nips2017_selected_20260714_195944/vim-small/ablation_and_no_verifier/sample_0479/images/final_selected.png
vim-small,480,668bc83a884d24f9,2,390,2,329,True,True,True,True,True,ok,data/nips2017/images/668bc83a884d24f9.png,outputs/nips2017/nips2017_selected_20260714_195944/vim-small/ablation_and_no_verifier/sample_0480/images/final_selected.png
vim-small,481,686ea4ec999364ff,458,553,458,480,True,True,True,True,True,ok,data/nips2017/images/686ea4ec999364ff.png,outputs/nips2017/nips2017_selected_20260714_195944/vim-small/ablation_and_no_verifier/sample_0481/images/final_selected.png
vim-small,482,694e7617a4878041,883,719,883,974,True,True,True,True,True,ok,data/nips2017/images/694e7617a4878041.png,outputs/nips2017/nips2017_selected_20260714_195944/vim-small/ablation_and_no_verifier/sample_0482/images/final_selected.png
vim-small,483,696f0f6bea562bf8,853,266,853,912,True,True,True,True,True,ok,data/nips2017/images/696f0f6bea562bf8.png,outputs/nips2017/nips2017_selected_20260714_195944/vim-small/ablation_and_no_verifier/sample_0483/images/final_selected.png
vim-small,484,707bce947d54bcd8,946,940,946,328,True,True,True,True,True,ok,data/nips2017/images/707bce947d54bcd8.png,outputs/nips2017/nips2017_selected_20260714_195944/vim-small/ablation_and_no_verifier/sample_0484/images/final_selected.png
vim-small,485,0707f3dfb7c29f5c,605,739,605,761,True,True,True,True,True,ok,data/nips2017/images/0707f3dfb7c29f5c.png,outputs/nips2017/nips2017_selected_20260714_195944/vim-small/ablation_and_no_verifier/sample_0485/images/final_selected.png
vim-small,486,741fc1a3fc08731d,792,399,792,795,True,True,True,True,True,ok,data/nips2017/images/741fc1a3fc08731d.png,outputs/nips2017/nips2017_selected_20260714_195944/vim-small/ablation_and_no_verifier/sample_0486/images/final_selected.png
vim-small,487,749ed3502293d019,474,577,474,419,True,True,True,True,True,ok,data/nips2017/images/749ed3502293d019.png,outputs/nips2017/nips2017_selected_20260714_195944/vim-small/ablation_and_no_verifier/sample_0487/images/final_selected.png
vim-small,488,791c3d333052ca64,963,907,963,963,True,False,False,False,True,ok,data/nips2017/images/791c3d333052ca64.png,outputs/nips2017/nips2017_selected_20260714_195944/vim-small/ablation_and_no_verifier/sample_0488/images/final_selected.png
vim-small,489,795f5aef9bef8134,825,28,150,853,False,True,False,False,True,ok,data/nips2017/images/795f5aef9bef8134.png,outputs/nips2017/nips2017_selected_20260714_195944/vim-small/ablation_and_no_verifier/sample_0489/images/final_selected.png
vim-small,490,796e23f8dbf9a7a2,606,834,606,634,True,True,True,True,True,ok,data/nips2017/images/796e23f8dbf9a7a2.png,outputs/nips2017/nips2017_selected_20260714_195944/vim-small/ablation_and_no_verifier/sample_0490/images/final_selected.png
vim-small,491,820ae900a943d605,887,700,887,885,True,True,True,True,True,ok,data/nips2017/images/820ae900a943d605.png,outputs/nips2017/nips2017_selected_20260714_195944/vim-small/ablation_and_no_verifier/sample_0491/images/final_selected.png
vim-small,492,821aae58dc96b4b2,340,574,340,340,True,False,False,False,True,ok,data/nips2017/images/821aae58dc96b4b2.png,outputs/nips2017/nips2017_selected_20260714_195944/vim-small/ablation_and_no_verifier/sample_0492/images/final_selected.png
vim-small,493,823f8eae0df2d5c1,94,569,94,311,True,True,True,True,True,ok,data/nips2017/images/823f8eae0df2d5c1.png,outputs/nips2017/nips2017_selected_20260714_195944/vim-small/ablation_and_no_verifier/sample_0493/images/final_selected.png
vim-small,494,828ade8df2d14c45,887,987,887,501,True,True,True,True,True,ok,data/nips2017/images/828ade8df2d14c45.png,outputs/nips2017/nips2017_selected_20260714_195944/vim-small/ablation_and_no_verifier/sample_0494/images/final_selected.png
vim-small,495,839aa3d166b020cf,13,210,13,12,True,True,True,True,True,ok,data/nips2017/images/839aa3d166b020cf.png,outputs/nips2017/nips2017_selected_20260714_195944/vim-small/ablation_and_no_verifier/sample_0495/images/final_selected.png
vim-small,496,858ec91996beb034,685,961,685,778,True,True,True,True,True,ok,data/nips2017/images/858ec91996beb034.png,outputs/nips2017/nips2017_selected_20260714_195944/vim-small/ablation_and_no_verifier/sample_0496/images/final_selected.png
vim-small,497,864fffaf7a83b3f4,580,372,580,818,True,True,True,True,True,ok,data/nips2017/images/864fffaf7a83b3f4.png,outputs/nips2017/nips2017_selected_20260714_195944/vim-small/ablation_and_no_verifier/sample_0497/images/final_selected.png
vim-small,498,868af4a2e614f5ac,717,466,717,511,True,True,True,True,True,ok,data/nips2017/images/868af4a2e614f5ac.png,outputs/nips2017/nips2017_selected_20260714_195944/vim-small/ablation_and_no_verifier/sample_0498/images/final_selected.png
vim-small,499,869adfbad4e38261,591,865,591,879,True,True,True,True,True,ok,data/nips2017/images/869adfbad4e38261.png,outputs/nips2017/nips2017_selected_20260714_195944/vim-small/ablation_and_no_verifier/sample_0499/images/final_selected.png
vim-small,500,871c99d5658c3189,955,586,955,951,True,True,True,True,True,ok,data/nips2017/images/871c99d5658c3189.png,outputs/nips2017/nips2017_selected_20260714_195944/vim-small/ablation_and_no_verifier/sample_0500/images/final_selected.png
vim-small,501,890fdaf4e1892e00,312,691,312,311,True,True,True,True,True,ok,data/nips2017/images/890fdaf4e1892e00.png,outputs/nips2017/nips2017_selected_20260714_195944/vim-small/ablation_and_no_verifier/sample_0501/images/final_selected.png
vim-small,502,891fe6baf8896b77,324,534,324,658,True,True,True,True,True,ok,data/nips2017/images/891fe6baf8896b77.png,outputs/nips2017/nips2017_selected_20260714_195944/vim-small/ablation_and_no_verifier/sample_0502/images/final_selected.png
vim-small,503,911aebf30626ce02,874,730,874,705,True,True,True,True,True,ok,data/nips2017/images/911aebf30626ce02.png,outputs/nips2017/nips2017_selected_20260714_195944/vim-small/ablation_and_no_verifier/sample_0503/images/final_selected.png
vim-small,504,919a6f1d23c6d05e,144,982,144,616,True,True,True,True,True,ok,data/nips2017/images/919a6f1d23c6d05e.png,outputs/nips2017/nips2017_selected_20260714_195944/vim-small/ablation_and_no_verifier/sample_0504/images/final_selected.png
vim-small,505,938ada2f2bfa2b68,843,917,843,872,True,True,True,True,True,ok,data/nips2017/images/938ada2f2bfa2b68.png,outputs/nips2017/nips2017_selected_20260714_195944/vim-small/ablation_and_no_verifier/sample_0505/images/final_selected.png
vim-small,506,1394faa319bd353c,609,506,609,436,True,True,True,True,True,ok,data/nips2017/images/1394faa319bd353c.png,outputs/nips2017/nips2017_selected_20260714_195944/vim-small/ablation_and_no_verifier/sample_0506/images/final_selected.png
vim-small,507,1461ed9402248ddc,513,724,513,875,True,True,True,True,True,ok,data/nips2017/images/1461ed9402248ddc.png,outputs/nips2017/nips2017_selected_20260714_195944/vim-small/ablation_and_no_verifier/sample_0507/images/final_selected.png
vim-small,508,1478a0fc99a988db,775,927,775,692,True,True,True,True,True,ok,data/nips2017/images/1478a0fc99a988db.png,outputs/nips2017/nips2017_selected_20260714_195944/vim-small/ablation_and_no_verifier/sample_0508/images/final_selected.png
vim-small,509,1685d066f8070081,978,360,978,354,True,True,True,True,True,ok,data/nips2017/images/1685d066f8070081.png,outputs/nips2017/nips2017_selected_20260714_195944/vim-small/ablation_and_no_verifier/sample_0509/images/final_selected.png
vim-small,510,1733cbc68a2ae05d,555,891,555,974,True,True,True,True,True,ok,data/nips2017/images/1733cbc68a2ae05d.png,outputs/nips2017/nips2017_selected_20260714_195944/vim-small/ablation_and_no_verifier/sample_0510/images/final_selected.png
vim-small,511,2153d9869fb5a9ef,644,941,644,596,True,True,True,True,True,ok,data/nips2017/images/2153d9869fb5a9ef.png,outputs/nips2017/nips2017_selected_20260714_195944/vim-small/ablation_and_no_verifier/sample_0511/images/final_selected.png
vim-small,512,2842a69bf5b14526,879,756,879,538,True,True,True,True,True,ok,data/nips2017/images/2842a69bf5b14526.png,outputs/nips2017/nips2017_selected_20260714_195944/vim-small/ablation_and_no_verifier/sample_0512/images/final_selected.png
vim-small,513,2891f4aa2279d369,470,404,470,470,True,False,False,False,True,ok,data/nips2017/images/2891f4aa2279d369.png,outputs/nips2017/nips2017_selected_20260714_195944/vim-small/ablation_and_no_verifier/sample_0513/images/final_selected.png
vim-small,514,3201d10ec4dca056,738,604,738,706,True,True,True,True,True,ok,data/nips2017/images/3201d10ec4dca056.png,outputs/nips2017/nips2017_selected_20260714_195944/vim-small/ablation_and_no_verifier/sample_0514/images/final_selected.png
vim-small,515,3228a465697fb2cf,839,921,839,972,True,True,True,True,True,ok,data/nips2017/images/3228a465697fb2cf.png,outputs/nips2017/nips2017_selected_20260714_195944/vim-small/ablation_and_no_verifier/sample_0515/images/final_selected.png
vim-small,516,3302a8c24caf20f4,703,547,706,562,False,True,False,False,True,ok,data/nips2017/images/3302a8c24caf20f4.png,outputs/nips2017/nips2017_selected_20260714_195944/vim-small/ablation_and_no_verifier/sample_0516/images/final_selected.png
vim-small,517,3617bfc5d06bc196,884,553,884,500,True,True,True,True,True,ok,data/nips2017/images/3617bfc5d06bc196.png,outputs/nips2017/nips2017_selected_20260714_195944/vim-small/ablation_and_no_verifier/sample_0517/images/final_selected.png
vim-small,518,3692f6967c632fee,805,568,805,768,True,True,True,True,True,ok,data/nips2017/images/3692f6967c632fee.png,outputs/nips2017/nips2017_selected_20260714_195944/vim-small/ablation_and_no_verifier/sample_0518/images/final_selected.png
vim-small,519,3841b33c9797cbf1,908,952,908,475,True,True,True,True,True,ok,data/nips2017/images/3841b33c9797cbf1.png,outputs/nips2017/nips2017_selected_20260714_195944/vim-small/ablation_and_no_verifier/sample_0519/images/final_selected.png
vim-small,520,4053a6a3d0e63c01,391,459,391,1,True,True,True,True,True,ok,data/nips2017/images/4053a6a3d0e63c01.png,outputs/nips2017/nips2017_selected_20260714_195944/vim-small/ablation_and_no_verifier/sample_0520/images/final_selected.png
vim-small,521,4146a745f9b2f3cb,50,417,50,137,True,True,True,True,True,ok,data/nips2017/images/4146a745f9b2f3cb.png,outputs/nips2017/nips2017_selected_20260714_195944/vim-small/ablation_and_no_verifier/sample_0521/images/final_selected.png
vim-small,522,4227a6e105cc0588,970,140,970,972,True,True,True,True,True,ok,data/nips2017/images/4227a6e105cc0588.png,outputs/nips2017/nips2017_selected_20260714_195944/vim-small/ablation_and_no_verifier/sample_0522/images/final_selected.png
vim-small,523,04546cc5e537d7cd,425,648,425,984,True,True,True,True,True,ok,data/nips2017/images/04546cc5e537d7cd.png,outputs/nips2017/nips2017_selected_20260714_195944/vim-small/ablation_and_no_verifier/sample_0523/images/final_selected.png
vim-small,524,4572c8986c28343b,436,534,436,974,True,True,True,True,True,ok,data/nips2017/images/4572c8986c28343b.png,outputs/nips2017/nips2017_selected_20260714_195944/vim-small/ablation_and_no_verifier/sample_0524/images/final_selected.png
vim-small,525,5021e7da00bf43b2,479,936,479,974,True,True,True,True,True,ok,data/nips2017/images/5021e7da00bf43b2.png,outputs/nips2017/nips2017_selected_20260714_195944/vim-small/ablation_and_no_verifier/sample_0525/images/final_selected.png
vim-small,526,5191cfba868056a5,970,792,970,974,True,True,True,True,True,ok,data/nips2017/images/5191cfba868056a5.png,outputs/nips2017/nips2017_selected_20260714_195944/vim-small/ablation_and_no_verifier/sample_0526/images/final_selected.png
vim-small,527,5224fec9ba33b50d,603,531,603,83,True,True,True,True,True,ok,data/nips2017/images/5224fec9ba33b50d.png,outputs/nips2017/nips2017_selected_20260714_195944/vim-small/ablation_and_no_verifier/sample_0527/images/final_selected.png
vim-small,528,5292f5b36a0789fa,853,794,853,762,True,True,True,True,True,ok,data/nips2017/images/5292f5b36a0789fa.png,outputs/nips2017/nips2017_selected_20260714_195944/vim-small/ablation_and_no_verifier/sample_0528/images/final_selected.png
vim-small,529,5528f7330399485f,73,211,73,77,True,True,True,True,True,ok,data/nips2017/images/5528f7330399485f.png,outputs/nips2017/nips2017_selected_20260714_195944/vim-small/ablation_and_no_verifier/sample_0529/images/final_selected.png
vim-small,530,5792d4a42d2a82c8,987,418,987,974,True,True,True,True,True,ok,data/nips2017/images/5792d4a42d2a82c8.png,outputs/nips2017/nips2017_selected_20260714_195944/vim-small/ablation_and_no_verifier/sample_0530/images/final_selected.png
vim-small,531,05817a675e7506d1,672,753,672,514,True,True,True,True,True,ok,data/nips2017/images/05817a675e7506d1.png,outputs/nips2017/nips2017_selected_20260714_195944/vim-small/ablation_and_no_verifier/sample_0531/images/final_selected.png
vim-small,532,6314b953a2f66e36,310,773,310,312,True,True,True,True,True,ok,data/nips2017/images/6314b953a2f66e36.png,outputs/nips2017/nips2017_selected_20260714_195944/vim-small/ablation_and_no_verifier/sample_0532/images/final_selected.png
vim-small,533,6374e7e35ad90f50,38,770,38,41,True,True,True,True,True,ok,data/nips2017/images/6374e7e35ad90f50.png,outputs/nips2017/nips2017_selected_20260714_195944/vim-small/ablation_and_no_verifier/sample_0533/images/final_selected.png
vim-small,534,6609c25b3314b5b3,511,877,511,436,True,True,True,True,True,ok,data/nips2017/images/6609c25b3314b5b3.png,outputs/nips2017/nips2017_selected_20260714_195944/vim-small/ablation_and_no_verifier/sample_0534/images/final_selected.png
vim-small,535,6612fd36e6dd9534,308,865,308,114,True,True,True,True,True,ok,data/nips2017/images/6612fd36e6dd9534.png,outputs/nips2017/nips2017_selected_20260714_195944/vim-small/ablation_and_no_verifier/sample_0535/images/final_selected.png
vim-small,536,6711e27733cfd050,717,732,717,974,True,True,True,True,True,ok,data/nips2017/images/6711e27733cfd050.png,outputs/nips2017/nips2017_selected_20260714_195944/vim-small/ablation_and_no_verifier/sample_0536/images/final_selected.png
vim-small,537,6740e1e89b5bbab4,980,684,980,114,True,True,True,True,True,ok,data/nips2017/images/6740e1e89b5bbab4.png,outputs/nips2017/nips2017_selected_20260714_195944/vim-small/ablation_and_no_verifier/sample_0537/images/final_selected.png
vim-small,538,6841e385fe79177f,829,832,829,408,True,True,True,True,True,ok,data/nips2017/images/6841e385fe79177f.png,outputs/nips2017/nips2017_selected_20260714_195944/vim-small/ablation_and_no_verifier/sample_0538/images/final_selected.png
vim-small,539,6896a8b78f404dc8,979,74,979,978,True,True,True,True,True,ok,data/nips2017/images/6896a8b78f404dc8.png,outputs/nips2017/nips2017_selected_20260714_195944/vim-small/ablation_and_no_verifier/sample_0539/images/final_selected.png
vim-small,540,6898f889c17f8e16,887,729,887,501,True,True,True,True,True,ok,data/nips2017/images/6898f889c17f8e16.png,outputs/nips2017/nips2017_selected_20260714_195944/vim-small/ablation_and_no_verifier/sample_0540/images/final_selected.png
vim-small,541,7060ae82e5b96a77,521,494,521,651,True,True,True,True,True,ok,data/nips2017/images/7060ae82e5b96a77.png,outputs/nips2017/nips2017_selected_20260714_195944/vim-small/ablation_and_no_verifier/sample_0541/images/final_selected.png
vim-small,542,7069a117c92d27a4,545,185,545,827,True,True,True,True,True,ok,data/nips2017/images/7069a117c92d27a4.png,outputs/nips2017/nips2017_selected_20260714_195944/vim-small/ablation_and_no_verifier/sample_0542/images/final_selected.png
vim-small,543,7278c2b63080f08c,348,286,348,222,True,True,True,True,True,ok,data/nips2017/images/7278c2b63080f08c.png,outputs/nips2017/nips2017_selected_20260714_195944/vim-small/ablation_and_no_verifier/sample_0543/images/final_selected.png
vim-small,544,7368fe0ff47343a0,964,446,964,762,True,True,True,True,True,ok,data/nips2017/images/7368fe0ff47343a0.png,outputs/nips2017/nips2017_selected_20260714_195944/vim-small/ablation_and_no_verifier/sample_0544/images/final_selected.png
vim-small,545,7506caf0a49c3951,78,723,78,78,True,False,False,False,True,ok,data/nips2017/images/7506caf0a49c3951.png,outputs/nips2017/nips2017_selected_20260714_195944/vim-small/ablation_and_no_verifier/sample_0545/images/final_selected.png
vim-small,546,7524a7ef9de8edc3,946,306,946,815,True,True,True,True,True,ok,data/nips2017/images/7524a7ef9de8edc3.png,outputs/nips2017/nips2017_selected_20260714_195944/vim-small/ablation_and_no_verifier/sample_0546/images/final_selected.png
vim-small,547,7529b42e71769777,476,617,476,703,True,True,True,True,True,ok,data/nips2017/images/7529b42e71769777.png,outputs/nips2017/nips2017_selected_20260714_195944/vim-small/ablation_and_no_verifier/sample_0547/images/final_selected.png
vim-small,548,7700d0ba053dc4bd,936,291,936,993,True,True,True,True,True,ok,data/nips2017/images/7700d0ba053dc4bd.png,outputs/nips2017/nips2017_selected_20260714_195944/vim-small/ablation_and_no_verifier/sample_0548/images/final_selected.png
vim-small,549,8094d4088a08cf09,440,614,440,680,True,True,True,True,True,ok,data/nips2017/images/8094d4088a08cf09.png,outputs/nips2017/nips2017_selected_20260714_195944/vim-small/ablation_and_no_verifier/sample_0549/images/final_selected.png
vim-small,550,8749fd2540a0cb01,832,447,832,698,True,True,True,True,True,ok,data/nips2017/images/8749fd2540a0cb01.png,outputs/nips2017/nips2017_selected_20260714_195944/vim-small/ablation_and_no_verifier/sample_0550/images/final_selected.png
vim-small,551,8764eecf6e898c7f,483,710,483,975,True,True,True,True,True,ok,data/nips2017/images/8764eecf6e898c7f.png,outputs/nips2017/nips2017_selected_20260714_195944/vim-small/ablation_and_no_verifier/sample_0551/images/final_selected.png
vim-small,552,8800cff23fade16a,531,313,531,530,True,True,True,True,True,ok,data/nips2017/images/8800cff23fade16a.png,outputs/nips2017/nips2017_selected_20260714_195944/vim-small/ablation_and_no_verifier/sample_0552/images/final_selected.png
vim-small,553,8805b0b20d808c49,703,926,703,701,True,True,True,True,True,ok,data/nips2017/images/8805b0b20d808c49.png,outputs/nips2017/nips2017_selected_20260714_195944/vim-small/ablation_and_no_verifier/sample_0553/images/final_selected.png
vim-small,554,8859efd46fab37ff,922,598,922,623,True,True,True,True,True,ok,data/nips2017/images/8859efd46fab37ff.png,outputs/nips2017/nips2017_selected_20260714_195944/vim-small/ablation_and_no_verifier/sample_0554/images/final_selected.png
vim-small,555,9226b783cfb770bd,825,33,972,500,False,True,False,False,True,ok,data/nips2017/images/9226b783cfb770bd.png,outputs/nips2017/nips2017_selected_20260714_195944/vim-small/ablation_and_no_verifier/sample_0555/images/final_selected.png
vim-small,556,9311a098cfb4b946,820,191,866,479,False,True,False,False,True,ok,data/nips2017/images/9311a098cfb4b946.png,outputs/nips2017/nips2017_selected_20260714_195944/vim-small/ablation_and_no_verifier/sample_0556/images/final_selected.png
vim-small,557,9429f0d1ad2283df,437,463,437,733,True,True,True,True,True,ok,data/nips2017/images/9429f0d1ad2283df.png,outputs/nips2017/nips2017_selected_20260714_195944/vim-small/ablation_and_no_verifier/sample_0557/images/final_selected.png
vim-small,558,9455bd672cb9e4bd,521,581,521,651,True,True,True,True,True,ok,data/nips2017/images/9455bd672cb9e4bd.png,outputs/nips2017/nips2017_selected_20260714_195944/vim-small/ablation_and_no_verifier/sample_0558/images/final_selected.png
vim-small,559,9594ef7e0fc79ea8,402,114,402,835,True,True,True,True,True,ok,data/nips2017/images/9594ef7e0fc79ea8.png,outputs/nips2017/nips2017_selected_20260714_195944/vim-small/ablation_and_no_verifier/sample_0559/images/final_selected.png
vim-small,560,9876fe92d003c9d4,912,356,912,671,True,True,True,True,True,ok,data/nips2017/images/9876fe92d003c9d4.png,outputs/nips2017/nips2017_selected_20260714_195944/vim-small/ablation_and_no_verifier/sample_0560/images/final_selected.png
vim-small,561,11954d93a7051cb5,22,502,22,21,True,True,True,True,True,ok,data/nips2017/images/11954d93a7051cb5.png,outputs/nips2017/nips2017_selected_20260714_195944/vim-small/ablation_and_no_verifier/sample_0561/images/final_selected.png
vim-small,562,13810fcac72f12ba,875,71,875,674,True,True,True,True,True,ok,data/nips2017/images/13810fcac72f12ba.png,outputs/nips2017/nips2017_selected_20260714_195944/vim-small/ablation_and_no_verifier/sample_0562/images/final_selected.png
vim-small,563,16179baa1513c701,94,504,94,95,True,True,True,True,True,ok,data/nips2017/images/16179baa1513c701.png,outputs/nips2017/nips2017_selected_20260714_195944/vim-small/ablation_and_no_verifier/sample_0563/images/final_selected.png
vim-small,564,19935b1c0a4d305d,760,641,760,974,True,True,True,True,True,ok,data/nips2017/images/19935b1c0a4d305d.png,outputs/nips2017/nips2017_selected_20260714_195944/vim-small/ablation_and_no_verifier/sample_0564/images/final_selected.png
vim-small,565,21554e755b9706d2,341,75,341,341,True,False,False,False,True,ok,data/nips2017/images/21554e755b9706d2.png,outputs/nips2017/nips2017_selected_20260714_195944/vim-small/ablation_and_no_verifier/sample_0565/images/final_selected.png
vim-small,566,22712d0324d43ef2,897,846,897,706,True,True,True,True,True,ok,data/nips2017/images/22712d0324d43ef2.png,outputs/nips2017/nips2017_selected_20260714_195944/vim-small/ablation_and_no_verifier/sample_0566/images/final_selected.png
vim-small,567,24159caf9c5e92be,707,742,707,528,True,True,True,True,True,ok,data/nips2017/images/24159caf9c5e92be.png,outputs/nips2017/nips2017_selected_20260714_195944/vim-small/ablation_and_no_verifier/sample_0567/images/final_selected.png
vim-small,568,24312de5c34473c0,873,819,873,716,True,True,True,True,True,ok,data/nips2017/images/24312de5c34473c0.png,outputs/nips2017/nips2017_selected_20260714_195944/vim-small/ablation_and_no_verifier/sample_0568/images/final_selected.png
vim-small,569,24726d9054e9d78f,544,454,544,909,True,True,True,True,True,ok,data/nips2017/images/24726d9054e9d78f.png,outputs/nips2017/nips2017_selected_20260714_195944/vim-small/ablation_and_no_verifier/sample_0569/images/final_selected.png
vim-small,570,29279d12ed3e29ff,457,327,457,708,True,True,True,True,True,ok,data/nips2017/images/29279d12ed3e29ff.png,outputs/nips2017/nips2017_selected_20260714_195944/vim-small/ablation_and_no_verifier/sample_0570/images/final_selected.png
vim-small,571,33197fa6ae88508a,847,29,847,408,True,True,True,True,True,ok,data/nips2017/images/33197fa6ae88508a.png,outputs/nips2017/nips2017_selected_20260714_195944/vim-small/ablation_and_no_verifier/sample_0571/images/final_selected.png
vim-small,572,38287d2e5a4a9a57,959,797,923,968,False,True,False,False,True,ok,data/nips2017/images/38287d2e5a4a9a57.png,outputs/nips2017/nips2017_selected_20260714_195944/vim-small/ablation_and_no_verifier/sample_0572/images/final_selected.png
vim-small,573,38546e7d7136c2ab,599,113,599,532,True,True,True,True,True,ok,data/nips2017/images/38546e7d7136c2ab.png,outputs/nips2017/nips2017_selected_20260714_195944/vim-small/ablation_and_no_verifier/sample_0573/images/final_selected.png
vim-small,574,43694caa12d5f823,978,756,978,975,True,True,True,True,True,ok,data/nips2017/images/43694caa12d5f823.png,outputs/nips2017/nips2017_selected_20260714_195944/vim-small/ablation_and_no_verifier/sample_0574/images/final_selected.png
vim-small,575,44982b98ba192bb7,321,410,321,322,True,True,True,True,True,ok,data/nips2017/images/44982b98ba192bb7.png,outputs/nips2017/nips2017_selected_20260714_195944/vim-small/ablation_and_no_verifier/sample_0575/images/final_selected.png
vim-small,576,45315ea51da415ab,355,188,355,348,True,True,True,True,True,ok,data/nips2017/images/45315ea51da415ab.png,outputs/nips2017/nips2017_selected_20260714_195944/vim-small/ablation_and_no_verifier/sample_0576/images/final_selected.png
vim-small,577,48762c2cd2ed47e1,754,307,754,454,True,True,True,True,True,ok,data/nips2017/images/48762c2cd2ed47e1.png,outputs/nips2017/nips2017_selected_20260714_195944/vim-small/ablation_and_no_verifier/sample_0577/images/final_selected.png
vim-small,578,53211f8a1b131de6,945,577,945,929,True,True,True,True,True,ok,data/nips2017/images/53211f8a1b131de6.png,outputs/nips2017/nips2017_selected_20260714_195944/vim-small/ablation_and_no_verifier/sample_0578/images/final_selected.png
vim-small,579,54153d17b11b495c,656,550,656,974,True,True,True,True,True,ok,data/nips2017/images/54153d17b11b495c.png,outputs/nips2017/nips2017_selected_20260714_195944/vim-small/ablation_and_no_verifier/sample_0579/images/final_selected.png
vim-small,580,55323ce1ff485412,385,570,385,385,True,False,False,False,True,ok,data/nips2017/images/55323ce1ff485412.png,outputs/nips2017/nips2017_selected_20260714_195944/vim-small/ablation_and_no_verifier/sample_0580/images/final_selected.png
vim-small,581,55512a6c2a45e2e8,927,386,927,924,True,True,True,True,True,ok,data/nips2017/images/55512a6c2a45e2e8.png,outputs/nips2017/nips2017_selected_20260714_195944/vim-small/ablation_and_no_verifier/sample_0581/images/final_selected.png
vim-small,582,58420b727fcab02b,137,167,137,975,True,True,True,True,True,ok,data/nips2017/images/58420b727fcab02b.png,outputs/nips2017/nips2017_selected_20260714_195944/vim-small/ablation_and_no_verifier/sample_0582/images/final_selected.png
vim-small,583,59204d6bb0c234eb,417,702,417,417,True,False,False,False,True,ok,data/nips2017/images/59204d6bb0c234eb.png,outputs/nips2017/nips2017_selected_20260714_195944/vim-small/ablation_and_no_verifier/sample_0583/images/final_selected.png
vim-small,584,60566d5680497389,472,543,472,974,True,True,True,True,True,ok,data/nips2017/images/60566d5680497389.png,outputs/nips2017/nips2017_selected_20260714_195944/vim-small/ablation_and_no_verifier/sample_0584/images/final_selected.png
vim-small,585,61131df39f19a4a0,614,866,614,614,True,False,False,False,True,ok,data/nips2017/images/61131df39f19a4a0.png,outputs/nips2017/nips2017_selected_20260714_195944/vim-small/ablation_and_no_verifier/sample_0585/images/final_selected.png
vim-small,586,62949c357e429690,972,115,972,500,True,True,True,True,True,ok,data/nips2017/images/62949c357e429690.png,outputs/nips2017/nips2017_selected_20260714_195944/vim-small/ablation_and_no_verifier/sample_0586/images/final_selected.png
vim-small,587,64577d3916d6dafb,605,753,590,590,False,True,False,False,True,ok,data/nips2017/images/64577d3916d6dafb.png,outputs/nips2017/nips2017_selected_20260714_195944/vim-small/ablation_and_no_verifier/sample_0587/images/final_selected.png
vim-small,588,67967c9db11151e0,251,819,251,246,True,True,True,True,True,ok,data/nips2017/images/67967c9db11151e0.png,outputs/nips2017/nips2017_selected_20260714_195944/vim-small/ablation_and_no_verifier/sample_0588/images/final_selected.png
vim-small,589,68274b8293271807,833,578,833,974,True,True,True,True,True,ok,data/nips2017/images/68274b8293271807.png,outputs/nips2017/nips2017_selected_20260714_195944/vim-small/ablation_and_no_verifier/sample_0589/images/final_selected.png
vim-small,590,69788a29e7436808,309,49,309,310,True,True,True,True,True,ok,data/nips2017/images/69788a29e7436808.png,outputs/nips2017/nips2017_selected_20260714_195944/vim-small/ablation_and_no_verifier/sample_0590/images/final_selected.png
vim-small,591,69854b68476d5068,892,732,892,409,True,True,True,True,True,ok,data/nips2017/images/69854b68476d5068.png,outputs/nips2017/nips2017_selected_20260714_195944/vim-small/ablation_and_no_verifier/sample_0591/images/final_selected.png
vim-small,592,73064ceb466612d5,718,672,718,975,True,True,True,True,True,ok,data/nips2017/images/73064ceb466612d5.png,outputs/nips2017/nips2017_selected_20260714_195944/vim-small/ablation_and_no_verifier/sample_0592/images/final_selected.png
vim-small,593,73728c249317ccb9,847,144,847,820,True,True,True,True,True,ok,data/nips2017/images/73728c249317ccb9.png,outputs/nips2017/nips2017_selected_20260714_195944/vim-small/ablation_and_no_verifier/sample_0593/images/final_selected.png
vim-small,594,74355a8c878b6814,874,621,874,974,True,True,True,True,True,ok,data/nips2017/images/74355a8c878b6814.png,outputs/nips2017/nips2017_selected_20260714_195944/vim-small/ablation_and_no_verifier/sample_0594/images/final_selected.png
vim-small,595,78059d1afd7b9fea,57,247,57,32,True,True,True,True,True,ok,data/nips2017/images/78059d1afd7b9fea.png,outputs/nips2017/nips2017_selected_20260714_195944/vim-small/ablation_and_no_verifier/sample_0595/images/final_selected.png
vim-small,596,82179b1d313e0e23,829,901,829,874,True,True,True,True,True,ok,data/nips2017/images/82179b1d313e0e23.png,outputs/nips2017/nips2017_selected_20260714_195944/vim-small/ablation_and_no_verifier/sample_0596/images/final_selected.png
vim-small,597,83896b9fb7e9c2f8,536,546,536,517,True,True,True,True,True,ok,data/nips2017/images/83896b9fb7e9c2f8.png,outputs/nips2017/nips2017_selected_20260714_195944/vim-small/ablation_and_no_verifier/sample_0597/images/final_selected.png
vim-small,598,87937b805302f958,417,872,417,574,True,True,True,True,True,ok,data/nips2017/images/87937b805302f958.png,outputs/nips2017/nips2017_selected_20260714_195944/vim-small/ablation_and_no_verifier/sample_0598/images/final_selected.png
vim-small,599,93394c1f9c4c0053,319,882,319,47,True,True,True,True,True,ok,data/nips2017/images/93394c1f9c4c0053.png,outputs/nips2017/nips2017_selected_20260714_195944/vim-small/ablation_and_no_verifier/sample_0599/images/final_selected.png
vim-small,600,093402dc35f59027,733,112,733,829,True,True,True,True,True,ok,data/nips2017/images/093402dc35f59027.png,outputs/nips2017/nips2017_selected_20260714_195944/vim-small/ablation_and_no_verifier/sample_0600/images/final_selected.png
vim-small,601,97025d82ec9860dc,675,573,675,656,True,True,True,True,True,ok,data/nips2017/images/97025d82ec9860dc.png,outputs/nips2017/nips2017_selected_20260714_195944/vim-small/ablation_and_no_verifier/sample_0601/images/final_selected.png
vim-small,602,97151fe7a0a6e2e3,733,227,733,437,True,True,True,True,True,ok,data/nips2017/images/97151fe7a0a6e2e3.png,outputs/nips2017/nips2017_selected_20260714_195944/vim-small/ablation_and_no_verifier/sample_0602/images/final_selected.png
vim-small,603,126175abfdcb1a21,470,485,470,624,True,True,True,True,True,ok,data/nips2017/images/126175abfdcb1a21.png,outputs/nips2017/nips2017_selected_20260714_195944/vim-small/ablation_and_no_verifier/sample_0603/images/final_selected.png
vim-small,604,200285e90078210b,441,740,441,738,True,True,True,True,True,ok,data/nips2017/images/200285e90078210b.png,outputs/nips2017/nips2017_selected_20260714_195944/vim-small/ablation_and_no_verifier/sample_0604/images/final_selected.png
vim-small,605,200735f93ea764f2,308,284,308,319,True,True,True,True,True,ok,data/nips2017/images/200735f93ea764f2.png,outputs/nips2017/nips2017_selected_20260714_195944/vim-small/ablation_and_no_verifier/sample_0605/images/final_selected.png
vim-small,606,212476b1b58a0cfe,511,696,511,974,True,True,True,True,True,ok,data/nips2017/images/212476b1b58a0cfe.png,outputs/nips2017/nips2017_selected_20260714_195944/vim-small/ablation_and_no_verifier/sample_0606/images/final_selected.png
vim-small,607,296033c3a5910845,360,796,360,150,True,True,True,True,True,ok,data/nips2017/images/296033c3a5910845.png,outputs/nips2017/nips2017_selected_20260714_195944/vim-small/ablation_and_no_verifier/sample_0607/images/final_selected.png
vim-small,608,324278ff7f22b4eb,497,302,497,442,True,True,True,True,True,ok,data/nips2017/images/324278ff7f22b4eb.png,outputs/nips2017/nips2017_selected_20260714_195944/vim-small/ablation_and_no_verifier/sample_0608/images/final_selected.png
vim-small,609,348618ddbde3a39c,385,459,385,386,True,True,True,True,True,ok,data/nips2017/images/348618ddbde3a39c.png,outputs/nips2017/nips2017_selected_20260714_195944/vim-small/ablation_and_no_verifier/sample_0609/images/final_selected.png
vim-small,610,380053c506e32105,779,513,779,779,True,False,False,False,True,ok,data/nips2017/images/380053c506e32105.png,outputs/nips2017/nips2017_selected_20260714_195944/vim-small/ablation_and_no_verifier/sample_0610/images/final_selected.png
vim-small,611,398720b8f19d5b84,696,699,696,882,True,True,True,True,True,ok,data/nips2017/images/398720b8f19d5b84.png,outputs/nips2017/nips2017_selected_20260714_195944/vim-small/ablation_and_no_verifier/sample_0611/images/final_selected.png
vim-small,612,412311ea17528b7c,763,439,763,974,True,True,True,True,True,ok,data/nips2017/images/412311ea17528b7c.png,outputs/nips2017/nips2017_selected_20260714_195944/vim-small/ablation_and_no_verifier/sample_0612/images/final_selected.png
vim-small,613,435137d9d4f4125e,1,268,973,973,False,True,False,False,True,ok,data/nips2017/images/435137d9d4f4125e.png,outputs/nips2017/nips2017_selected_20260714_195944/vim-small/ablation_and_no_verifier/sample_0613/images/final_selected.png
vim-small,614,444109f3ccfacc7b,335,220,335,331,True,True,True,True,True,ok,data/nips2017/images/444109f3ccfacc7b.png,outputs/nips2017/nips2017_selected_20260714_195944/vim-small/ablation_and_no_verifier/sample_0614/images/final_selected.png
vim-small,615,582663fe666aac9c,922,927,922,964,True,True,True,True,True,ok,data/nips2017/images/582663fe666aac9c.png,outputs/nips2017/nips2017_selected_20260714_195944/vim-small/ablation_and_no_verifier/sample_0615/images/final_selected.png
vim-small,616,589319c64adf5fce,698,587,698,974,True,True,True,True,True,ok,data/nips2017/images/589319c64adf5fce.png,outputs/nips2017/nips2017_selected_20260714_195944/vim-small/ablation_and_no_verifier/sample_0616/images/final_selected.png
vim-small,617,607702d7ef44d081,864,346,864,864,True,False,False,False,True,ok,data/nips2017/images/607702d7ef44d081.png,outputs/nips2017/nips2017_selected_20260714_195944/vim-small/ablation_and_no_verifier/sample_0617/images/final_selected.png
vim-small,618,648231d9393250fd,547,649,547,733,True,True,True,True,True,ok,data/nips2017/images/648231d9393250fd.png,outputs/nips2017/nips2017_selected_20260714_195944/vim-small/ablation_and_no_verifier/sample_0618/images/final_selected.png
vim-small,619,715335d5ddfca1f2,480,914,480,974,True,True,True,True,True,ok,data/nips2017/images/715335d5ddfca1f2.png,outputs/nips2017/nips2017_selected_20260714_195944/vim-small/ablation_and_no_verifier/sample_0619/images/final_selected.png
vim-small,620,721804d1d3a60206,908,33,908,908,True,False,False,False,True,ok,data/nips2017/images/721804d1d3a60206.png,outputs/nips2017/nips2017_selected_20260714_195944/vim-small/ablation_and_no_verifier/sample_0620/images/final_selected.png
vim-small,621,740981d161a38bad,571,148,571,897,True,True,True,True,True,ok,data/nips2017/images/740981d161a38bad.png,outputs/nips2017/nips2017_selected_20260714_195944/vim-small/ablation_and_no_verifier/sample_0621/images/final_selected.png
vim-small,622,789417c091011f53,344,176,344,348,True,True,True,True,True,ok,data/nips2017/images/789417c091011f53.png,outputs/nips2017/nips2017_selected_20260714_195944/vim-small/ablation_and_no_verifier/sample_0622/images/final_selected.png
vim-small,623,803450d936b35ebb,933,257,933,931,True,True,True,True,True,ok,data/nips2017/images/803450d936b35ebb.png,outputs/nips2017/nips2017_selected_20260714_195944/vim-small/ablation_and_no_verifier/sample_0623/images/final_selected.png
vim-small,624,943274babd06a662,668,677,668,498,True,True,True,True,True,ok,data/nips2017/images/943274babd06a662.png,outputs/nips2017/nips2017_selected_20260714_195944/vim-small/ablation_and_no_verifier/sample_0624/images/final_selected.png
vim-small,625,957529a2abaa0581,882,647,882,477,True,True,True,True,True,ok,data/nips2017/images/957529a2abaa0581.png,outputs/nips2017/nips2017_selected_20260714_195944/vim-small/ablation_and_no_verifier/sample_0625/images/final_selected.png
vim-small,626,979757e16b67ac7e,322,797,322,470,True,True,True,True,True,ok,data/nips2017/images/979757e16b67ac7e.png,outputs/nips2017/nips2017_selected_20260714_195944/vim-small/ablation_and_no_verifier/sample_0626/images/final_selected.png
vim-small,627,01244097ca8ffdfa,90,562,90,90,True,False,False,False,True,ok,data/nips2017/images/01244097ca8ffdfa.png,outputs/nips2017/nips2017_selected_20260714_195944/vim-small/ablation_and_no_verifier/sample_0627/images/final_selected.png
vim-small,628,1484479b7630af0a,701,903,701,947,True,True,True,True,True,ok,data/nips2017/images/1484479b7630af0a.png,outputs/nips2017/nips2017_selected_20260714_195944/vim-small/ablation_and_no_verifier/sample_0628/images/final_selected.png
vim-small,629,2200794c59b1808e,310,213,310,988,True,True,True,True,True,ok,data/nips2017/images/2200794c59b1808e.png,outputs/nips2017/nips2017_selected_20260714_195944/vim-small/ablation_and_no_verifier/sample_0629/images/final_selected.png
vim-small,630,05437214d1ba9580,809,117,925,925,False,True,False,False,True,ok,data/nips2017/images/05437214d1ba9580.png,outputs/nips2017/nips2017_selected_20260714_195944/vim-small/ablation_and_no_verifier/sample_0630/images/final_selected.png
vim-small,631,5973419efd52f783,624,794,624,762,True,True,True,True,True,ok,data/nips2017/images/5973419efd52f783.png,outputs/nips2017/nips2017_selected_20260714_195944/vim-small/ablation_and_no_verifier/sample_0631/images/final_selected.png
vim-small,632,7453471febf1db6f,594,89,594,557,True,True,True,True,True,ok,data/nips2017/images/7453471febf1db6f.png,outputs/nips2017/nips2017_selected_20260714_195944/vim-small/ablation_and_no_verifier/sample_0632/images/final_selected.png
vim-small,633,8020698d79dc39f2,854,953,854,687,True,True,True,True,True,ok,data/nips2017/images/8020698d79dc39f2.png,outputs/nips2017/nips2017_selected_20260714_195944/vim-small/ablation_and_no_verifier/sample_0633/images/final_selected.png
vim-small,634,8090736c8299ab28,979,893,979,972,True,True,True,True,True,ok,data/nips2017/images/8090736c8299ab28.png,outputs/nips2017/nips2017_selected_20260714_195944/vim-small/ablation_and_no_verifier/sample_0634/images/final_selected.png
vim-small,635,8400742ba78ac009,970,670,970,970,True,False,False,False,True,ok,data/nips2017/images/8400742ba78ac009.png,outputs/nips2017/nips2017_selected_20260714_195944/vim-small/ablation_and_no_verifier/sample_0635/images/final_selected.png
vim-small,636,8868879c2acd5d9e,321,129,321,322,True,True,True,True,True,ok,data/nips2017/images/8868879c2acd5d9e.png,outputs/nips2017/nips2017_selected_20260714_195944/vim-small/ablation_and_no_verifier/sample_0636/images/final_selected.png
vim-small,637,9534108b0e8dceb1,646,821,506,964,False,True,False,False,True,ok,data/nips2017/images/9534108b0e8dceb1.png,outputs/nips2017/nips2017_selected_20260714_195944/vim-small/ablation_and_no_verifier/sample_0637/images/final_selected.png
vim-small,638,23955512cd0e1191,475,741,475,627,True,True,True,True,True,ok,data/nips2017/images/23955512cd0e1191.png,outputs/nips2017/nips2017_selected_20260714_195944/vim-small/ablation_and_no_verifier/sample_0638/images/final_selected.png
vim-small,639,28652355cd12a1e7,307,62,304,32,False,True,False,False,True,ok,data/nips2017/images/28652355cd12a1e7.png,outputs/nips2017/nips2017_selected_20260714_195944/vim-small/ablation_and_no_verifier/sample_0639/images/final_selected.png
vim-small,640,49591319edeb6b3a,308,415,308,305,True,True,True,True,True,ok,data/nips2017/images/49591319edeb6b3a.png,outputs/nips2017/nips2017_selected_20260714_195944/vim-small/ablation_and_no_verifier/sample_0640/images/final_selected.png
vim-small,641,54666421b4a6998f,919,758,919,427,True,True,True,True,True,ok,data/nips2017/images/54666421b4a6998f.png,outputs/nips2017/nips2017_selected_20260714_195944/vim-small/ablation_and_no_verifier/sample_0641/images/final_selected.png
vim-small,642,71080285ad6cb4e9,455,477,455,700,True,True,True,True,True,ok,data/nips2017/images/71080285ad6cb4e9.png,outputs/nips2017/nips2017_selected_20260714_195944/vim-small/ablation_and_no_verifier/sample_0642/images/final_selected.png
vim-small,643,76886996d4ab4614,974,762,974,437,True,True,True,True,True,ok,data/nips2017/images/76886996d4ab4614.png,outputs/nips2017/nips2017_selected_20260714_195944/vim-small/ablation_and_no_verifier/sample_0643/images/final_selected.png
vim-small,644,80177288cda51d95,640,604,640,78,True,True,True,True,True,ok,data/nips2017/images/80177288cda51d95.png,outputs/nips2017/nips2017_selected_20260714_195944/vim-small/ablation_and_no_verifier/sample_0644/images/final_selected.png
vim-small,645,81804435ad51df95,436,240,436,734,True,True,True,True,True,ok,data/nips2017/images/81804435ad51df95.png,outputs/nips2017/nips2017_selected_20260714_195944/vim-small/ablation_and_no_verifier/sample_0645/images/final_selected.png
vim-small,646,84640859ee739095,719,579,719,332,True,True,True,True,True,ok,data/nips2017/images/84640859ee739095.png,outputs/nips2017/nips2017_selected_20260714_195944/vim-small/ablation_and_no_verifier/sample_0646/images/final_selected.png
vim-small,647,088560551b91ceb0,982,796,982,578,True,True,True,True,True,ok,data/nips2017/images/088560551b91ceb0.png,outputs/nips2017/nips2017_selected_20260714_195944/vim-small/ablation_and_no_verifier/sample_0647/images/final_selected.png
vim-small,648,89119361e9d9e02d,480,472,707,743,False,True,False,False,True,ok,data/nips2017/images/89119361e9d9e02d.png,outputs/nips2017/nips2017_selected_20260714_195944/vim-small/ablation_and_no_verifier/sample_0648/images/final_selected.png
vim-small,649,93114736f072d6d3,616,762,616,636,True,True,True,True,True,ok,data/nips2017/images/93114736f072d6d3.png,outputs/nips2017/nips2017_selected_20260714_195944/vim-small/ablation_and_no_verifier/sample_0649/images/final_selected.png
vim-small,650,150249123e81930d,922,484,922,692,True,True,True,True,True,ok,data/nips2017/images/150249123e81930d.png,outputs/nips2017/nips2017_selected_20260714_195944/vim-small/ablation_and_no_verifier/sample_0650/images/final_selected.png
vim-small,651,217597258ac12258,582,804,582,509,True,True,True,True,True,ok,data/nips2017/images/217597258ac12258.png,outputs/nips2017/nips2017_selected_20260714_195944/vim-small/ablation_and_no_verifier/sample_0651/images/final_selected.png
vim-small,652,303781188f1b3b27,476,338,476,476,True,False,False,False,True,ok,data/nips2017/images/303781188f1b3b27.png,outputs/nips2017/nips2017_selected_20260714_195944/vim-small/ablation_and_no_verifier/sample_0652/images/final_selected.png
vim-small,653,493694833dc23399,537,834,537,249,True,True,True,True,True,ok,data/nips2017/images/493694833dc23399.png,outputs/nips2017/nips2017_selected_20260714_195944/vim-small/ablation_and_no_verifier/sample_0653/images/final_selected.png
vim-small,654,629138193e021cdf,884,738,884,884,True,False,False,False,True,ok,data/nips2017/images/629138193e021cdf.png,outputs/nips2017/nips2017_selected_20260714_195944/vim-small/ablation_and_no_verifier/sample_0654/images/final_selected.png
vim-small,655,692016122b9e07a6,959,122,959,488,True,True,True,True,True,ok,data/nips2017/images/692016122b9e07a6.png,outputs/nips2017/nips2017_selected_20260714_195944/vim-small/ablation_and_no_verifier/sample_0655/images/final_selected.png
vim-small,656,784232355d49601b,326,160,326,322,True,True,True,True,True,ok,data/nips2017/images/784232355d49601b.png,outputs/nips2017/nips2017_selected_20260714_195944/vim-small/ablation_and_no_verifier/sample_0656/images/final_selected.png
vim-small,657,4063377442ea93d3,595,813,595,972,True,True,True,True,True,ok,data/nips2017/images/4063377442ea93d3.png,outputs/nips2017/nips2017_selected_20260714_195944/vim-small/ablation_and_no_verifier/sample_0657/images/final_selected.png
vim-small,658,6217866896fbe2b7,698,866,698,698,True,False,False,False,True,ok,data/nips2017/images/6217866896fbe2b7.png,outputs/nips2017/nips2017_selected_20260714_195944/vim-small/ablation_and_no_verifier/sample_0658/images/final_selected.png
vim-small,659,8555611998ea426a,990,496,990,998,True,True,True,True,True,ok,data/nips2017/images/8555611998ea426a.png,outputs/nips2017/nips2017_selected_20260714_195944/vim-small/ablation_and_no_verifier/sample_0659/images/final_selected.png
vim-small,660,8724748782cb6c31,75,646,75,311,True,True,True,True,True,ok,data/nips2017/images/8724748782cb6c31.png,outputs/nips2017/nips2017_selected_20260714_195944/vim-small/ablation_and_no_verifier/sample_0660/images/final_selected.png
vim-small,661,65251969959ce0e6,937,836,937,991,True,True,True,True,True,ok,data/nips2017/images/65251969959ce0e6.png,outputs/nips2017/nips2017_selected_20260714_195944/vim-small/ablation_and_no_verifier/sample_0661/images/final_selected.png
vim-small,662,97917829607b6189,858,659,538,538,False,True,False,False,True,ok,data/nips2017/images/97917829607b6189.png,outputs/nips2017/nips2017_selected_20260714_195944/vim-small/ablation_and_no_verifier/sample_0662/images/final_selected.png
vim-small,663,55599050147071cc,472,961,472,693,True,True,True,True,True,ok,data/nips2017/images/55599050147071cc.png,outputs/nips2017/nips2017_selected_20260714_195944/vim-small/ablation_and_no_verifier/sample_0663/images/final_selected.png
vim-small,664,95185508805329aa,652,720,652,715,True,True,True,True,True,ok,data/nips2017/images/95185508805329aa.png,outputs/nips2017/nips2017_selected_20260714_195944/vim-small/ablation_and_no_verifier/sample_0664/images/final_selected.png
vim-small,665,a00c8d22e63497c4,430,891,430,805,True,True,True,True,True,ok,data/nips2017/images/a00c8d22e63497c4.png,outputs/nips2017/nips2017_selected_20260714_195944/vim-small/ablation_and_no_verifier/sample_0665/images/final_selected.png
vim-small,666,a2de1f4f2c1021fa,455,184,455,635,True,True,True,True,True,ok,data/nips2017/images/a2de1f4f2c1021fa.png,outputs/nips2017/nips2017_selected_20260714_195944/vim-small/ablation_and_no_verifier/sample_0666/images/final_selected.png
vim-small,667,a3c4dd88edacb575,399,350,399,735,True,True,True,True,True,ok,data/nips2017/images/a3c4dd88edacb575.png,outputs/nips2017/nips2017_selected_20260714_195944/vim-small/ablation_and_no_verifier/sample_0667/images/final_selected.png
vim-small,668,a3c651cf20ee2d34,640,560,640,122,True,True,True,True,True,ok,data/nips2017/images/a3c651cf20ee2d34.png,outputs/nips2017/nips2017_selected_20260714_195944/vim-small/ablation_and_no_verifier/sample_0668/images/final_selected.png
vim-small,669,a4f718e554dd18dd,975,94,975,132,True,True,True,True,True,ok,data/nips2017/images/a4f718e554dd18dd.png,outputs/nips2017/nips2017_selected_20260714_195944/vim-small/ablation_and_no_verifier/sample_0669/images/final_selected.png
vim-small,670,a7f9b28e30d19d85,661,698,661,661,True,False,False,False,True,ok,data/nips2017/images/a7f9b28e30d19d85.png,outputs/nips2017/nips2017_selected_20260714_195944/vim-small/ablation_and_no_verifier/sample_0670/images/final_selected.png
vim-small,671,a8c3363bbcc7015c,738,839,738,580,True,True,True,True,True,ok,data/nips2017/images/a8c3363bbcc7015c.png,outputs/nips2017/nips2017_selected_20260714_195944/vim-small/ablation_and_no_verifier/sample_0671/images/final_selected.png
vim-small,672,a8dd9ba15f7b817b,805,739,862,981,False,True,False,False,True,ok,data/nips2017/images/a8dd9ba15f7b817b.png,outputs/nips2017/nips2017_selected_20260714_195944/vim-small/ablation_and_no_verifier/sample_0672/images/final_selected.png
vim-small,673,a8fca010774a1187,828,809,489,489,False,True,False,False,True,ok,data/nips2017/images/a8fca010774a1187.png,outputs/nips2017/nips2017_selected_20260714_195944/vim-small/ablation_and_no_verifier/sample_0673/images/final_selected.png
vim-small,674,a8fe76c687b00e33,597,118,597,570,True,True,True,True,True,ok,data/nips2017/images/a8fe76c687b00e33.png,outputs/nips2017/nips2017_selected_20260714_195944/vim-small/ablation_and_no_verifier/sample_0674/images/final_selected.png
vim-small,675,a28beac14b9037da,404,350,404,972,True,True,True,True,True,ok,data/nips2017/images/a28beac14b9037da.png,outputs/nips2017/nips2017_selected_20260714_195944/vim-small/ablation_and_no_verifier/sample_0675/images/final_selected.png
vim-small,676,a33af1b9f8b8a81b,879,666,879,614,True,True,True,True,True,ok,data/nips2017/images/a33af1b9f8b8a81b.png,outputs/nips2017/nips2017_selected_20260714_195944/vim-small/ablation_and_no_verifier/sample_0676/images/final_selected.png
vim-small,677,a64ae1acd9d09a87,130,82,130,144,True,True,True,True,True,ok,data/nips2017/images/a64ae1acd9d09a87.png,outputs/nips2017/nips2017_selected_20260714_195944/vim-small/ablation_and_no_verifier/sample_0677/images/final_selected.png
vim-small,678,a70b1cda0776cba6,142,118,142,139,True,True,True,True,True,ok,data/nips2017/images/a70b1cda0776cba6.png,outputs/nips2017/nips2017_selected_20260714_195944/vim-small/ablation_and_no_verifier/sample_0678/images/final_selected.png
vim-small,679,a74f197288b10a0d,807,747,807,595,True,True,True,True,True,ok,data/nips2017/images/a74f197288b10a0d.png,outputs/nips2017/nips2017_selected_20260714_195944/vim-small/ablation_and_no_verifier/sample_0679/images/final_selected.png
vim-small,680,a84ead15406596ce,479,936,479,535,True,True,True,True,True,ok,data/nips2017/images/a84ead15406596ce.png,outputs/nips2017/nips2017_selected_20260714_195944/vim-small/ablation_and_no_verifier/sample_0680/images/final_selected.png
vim-small,681,a90d9627e2145090,425,721,425,59,True,True,True,True,True,ok,data/nips2017/images/a90d9627e2145090.png,outputs/nips2017/nips2017_selected_20260714_195944/vim-small/ablation_and_no_verifier/sample_0681/images/final_selected.png
vim-small,682,a92ab9e5fb9c5d64,628,456,814,727,False,True,False,False,True,ok,data/nips2017/images/a92ab9e5fb9c5d64.png,outputs/nips2017/nips2017_selected_20260714_195944/vim-small/ablation_and_no_verifier/sample_0682/images/final_selected.png
vim-small,683,a92babc0a6436d3b,759,654,759,622,True,True,True,True,True,ok,data/nips2017/images/a92babc0a6436d3b.png,outputs/nips2017/nips2017_selected_20260714_195944/vim-small/ablation_and_no_verifier/sample_0683/images/final_selected.png
vim-small,684,a92e49d8bbdc2aae,532,563,532,532,True,False,False,False,True,ok,data/nips2017/images/a92e49d8bbdc2aae.png,outputs/nips2017/nips2017_selected_20260714_195944/vim-small/ablation_and_no_verifier/sample_0684/images/final_selected.png
vim-small,685,a187afb98f295057,120,754,120,119,True,True,True,True,True,ok,data/nips2017/images/a187afb98f295057.png,outputs/nips2017/nips2017_selected_20260714_195944/vim-small/ablation_and_no_verifier/sample_0685/images/final_selected.png
vim-small,686,a193f7ae7d550a82,737,630,737,838,True,True,True,True,True,ok,data/nips2017/images/a193f7ae7d550a82.png,outputs/nips2017/nips2017_selected_20260714_195944/vim-small/ablation_and_no_verifier/sample_0686/images/final_selected.png
vim-small,687,a414ccf5c51454e0,829,865,829,604,True,True,True,True,True,ok,data/nips2017/images/a414ccf5c51454e0.png,outputs/nips2017/nips2017_selected_20260714_195944/vim-small/ablation_and_no_verifier/sample_0687/images/final_selected.png
vim-small,688,a777db736ecdfb65,325,55,325,947,True,True,True,True,True,ok,data/nips2017/images/a777db736ecdfb65.png,outputs/nips2017/nips2017_selected_20260714_195944/vim-small/ablation_and_no_verifier/sample_0688/images/final_selected.png
vim-small,689,a5949b0719d3ea77,980,472,980,644,True,True,True,True,True,ok,data/nips2017/images/a5949b0719d3ea77.png,outputs/nips2017/nips2017_selected_20260714_195944/vim-small/ablation_and_no_verifier/sample_0689/images/final_selected.png
vim-small,690,a6535c039bfeba2c,535,291,535,733,True,True,True,True,True,ok,data/nips2017/images/a6535c039bfeba2c.png,outputs/nips2017/nips2017_selected_20260714_195944/vim-small/ablation_and_no_verifier/sample_0690/images/final_selected.png
vim-small,691,a7151de51c2f1d0b,344,213,344,50,True,True,True,True,True,ok,data/nips2017/images/a7151de51c2f1d0b.png,outputs/nips2017/nips2017_selected_20260714_195944/vim-small/ablation_and_no_verifier/sample_0691/images/final_selected.png
vim-small,692,a8631b077e74f7aa,479,485,479,535,True,True,True,True,True,ok,data/nips2017/images/a8631b077e74f7aa.png,outputs/nips2017/nips2017_selected_20260714_195944/vim-small/ablation_and_no_verifier/sample_0692/images/final_selected.png
vim-small,693,a033832d9ff8913b,100,356,100,100,True,False,False,False,True,ok,data/nips2017/images/a033832d9ff8913b.png,outputs/nips2017/nips2017_selected_20260714_195944/vim-small/ablation_and_no_verifier/sample_0693/images/final_selected.png
vim-small,694,a97274c7e80a1764,865,925,865,788,True,True,True,True,True,ok,data/nips2017/images/a97274c7e80a1764.png,outputs/nips2017/nips2017_selected_20260714_195944/vim-small/ablation_and_no_verifier/sample_0694/images/final_selected.png
vim-small,695,a482985ca1e77960,890,469,890,890,True,False,False,False,True,ok,data/nips2017/images/a482985ca1e77960.png,outputs/nips2017/nips2017_selected_20260714_195944/vim-small/ablation_and_no_verifier/sample_0695/images/final_selected.png
vim-small,696,a920691cf2d50f79,946,951,946,328,True,True,True,True,True,ok,data/nips2017/images/a920691cf2d50f79.png,outputs/nips2017/nips2017_selected_20260714_195944/vim-small/ablation_and_no_verifier/sample_0696/images/final_selected.png
vim-small,697,a52570066ecc61fd,975,582,975,343,True,True,True,True,True,ok,data/nips2017/images/a52570066ecc61fd.png,outputs/nips2017/nips2017_selected_20260714_195944/vim-small/ablation_and_no_verifier/sample_0697/images/final_selected.png
vim-small,698,aa4e1cf9cb6e7801,895,839,895,403,True,True,True,True,True,ok,data/nips2017/images/aa4e1cf9cb6e7801.png,outputs/nips2017/nips2017_selected_20260714_195944/vim-small/ablation_and_no_verifier/sample_0698/images/final_selected.png
vim-small,699,aa07ba1587ec047e,468,899,468,657,True,True,True,True,True,ok,data/nips2017/images/aa07ba1587ec047e.png,outputs/nips2017/nips2017_selected_20260714_195944/vim-small/ablation_and_no_verifier/sample_0699/images/final_selected.png
vim-small,700,aa90f93ed6fae139,309,827,309,316,True,True,True,True,True,ok,data/nips2017/images/aa90f93ed6fae139.png,outputs/nips2017/nips2017_selected_20260714_195944/vim-small/ablation_and_no_verifier/sample_0700/images/final_selected.png
vim-small,701,ab3fef142d031784,656,736,656,468,True,True,True,True,True,ok,data/nips2017/images/ab3fef142d031784.png,outputs/nips2017/nips2017_selected_20260714_195944/vim-small/ablation_and_no_verifier/sample_0701/images/final_selected.png
vim-small,702,ab42aa5e9745c214,581,590,581,447,True,True,True,True,True,ok,data/nips2017/images/ab42aa5e9745c214.png,outputs/nips2017/nips2017_selected_20260714_195944/vim-small/ablation_and_no_verifier/sample_0702/images/final_selected.png
vim-small,703,ab8329c28d8538c3,468,12,468,974,True,True,True,True,True,ok,data/nips2017/images/ab8329c28d8538c3.png,outputs/nips2017/nips2017_selected_20260714_195944/vim-small/ablation_and_no_verifier/sample_0703/images/final_selected.png
vim-small,704,abd121ef53a69ef8,239,334,239,232,True,True,True,True,True,ok,data/nips2017/images/abd121ef53a69ef8.png,outputs/nips2017/nips2017_selected_20260714_195944/vim-small/ablation_and_no_verifier/sample_0704/images/final_selected.png
vim-small,705,abe9504895f6e8dd,565,606,565,820,True,True,True,True,True,ok,data/nips2017/images/abe9504895f6e8dd.png,outputs/nips2017/nips2017_selected_20260714_195944/vim-small/ablation_and_no_verifier/sample_0705/images/final_selected.png
vim-small,706,ac2a8a4777dbe746,895,45,895,404,True,True,True,True,True,ok,data/nips2017/images/ac2a8a4777dbe746.png,outputs/nips2017/nips2017_selected_20260714_195944/vim-small/ablation_and_no_verifier/sample_0706/images/final_selected.png
vim-small,707,ac295a63ac9d2cd7,692,863,692,692,True,False,False,False,True,ok,data/nips2017/images/ac295a63ac9d2cd7.png,outputs/nips2017/nips2017_selected_20260714_195944/vim-small/ablation_and_no_verifier/sample_0707/images/final_selected.png
vim-small,708,ac668c13ccfd4b79,597,750,597,787,True,True,True,True,True,ok,data/nips2017/images/ac668c13ccfd4b79.png,outputs/nips2017/nips2017_selected_20260714_195944/vim-small/ablation_and_no_verifier/sample_0708/images/final_selected.png
vim-small,709,acd99e9b7128395a,858,752,858,538,True,True,True,True,True,ok,data/nips2017/images/acd99e9b7128395a.png,outputs/nips2017/nips2017_selected_20260714_195944/vim-small/ablation_and_no_verifier/sample_0709/images/final_selected.png
vim-small,710,ad43e858c614db4d,967,70,967,731,True,True,True,True,True,ok,data/nips2017/images/ad43e858c614db4d.png,outputs/nips2017/nips2017_selected_20260714_195944/vim-small/ablation_and_no_verifier/sample_0710/images/final_selected.png
vim-small,711,ad333e5d6953cbbf,632,296,632,818,True,True,True,True,True,ok,data/nips2017/images/ad333e5d6953cbbf.png,outputs/nips2017/nips2017_selected_20260714_195944/vim-small/ablation_and_no_verifier/sample_0711/images/final_selected.png
vim-small,712,adcf48b42266309d,504,588,504,504,True,False,False,False,True,ok,data/nips2017/images/adcf48b42266309d.png,outputs/nips2017/nips2017_selected_20260714_195944/vim-small/ablation_and_no_verifier/sample_0712/images/final_selected.png
vim-small,713,ae24c23192976a40,751,887,751,408,True,True,True,True,True,ok,data/nips2017/images/ae24c23192976a40.png,outputs/nips2017/nips2017_selected_20260714_195944/vim-small/ablation_and_no_verifier/sample_0713/images/final_selected.png
vim-small,714,ae78688b32986638,912,878,912,646,True,True,True,True,True,ok,data/nips2017/images/ae78688b32986638.png,outputs/nips2017/nips2017_selected_20260714_195944/vim-small/ablation_and_no_verifier/sample_0714/images/final_selected.png
vim-small,715,af2ac1705dc19a5f,383,98,383,371,True,True,True,True,True,ok,data/nips2017/images/af2ac1705dc19a5f.png,outputs/nips2017/nips2017_selected_20260714_195944/vim-small/ablation_and_no_verifier/sample_0715/images/final_selected.png
vim-small,716,af543b5f19ed1b1d,39,390,39,39,True,False,False,False,True,ok,data/nips2017/images/af543b5f19ed1b1d.png,outputs/nips2017/nips2017_selected_20260714_195944/vim-small/ablation_and_no_verifier/sample_0716/images/final_selected.png
vim-small,717,af3736cca01a2d28,317,765,317,319,True,True,True,True,True,ok,data/nips2017/images/af3736cca01a2d28.png,outputs/nips2017/nips2017_selected_20260714_195944/vim-small/ablation_and_no_verifier/sample_0717/images/final_selected.png
vim-small,718,afa0f88aaab03427,544,2,544,845,True,True,True,True,True,ok,data/nips2017/images/afa0f88aaab03427.png,outputs/nips2017/nips2017_selected_20260714_195944/vim-small/ablation_and_no_verifier/sample_0718/images/final_selected.png
vim-small,719,afb0233b2e0545c4,580,958,580,646,True,True,True,True,True,ok,data/nips2017/images/afb0233b2e0545c4.png,outputs/nips2017/nips2017_selected_20260714_195944/vim-small/ablation_and_no_verifier/sample_0719/images/final_selected.png
vim-small,720,afe045d68f1a60d0,989,955,989,323,True,True,True,True,True,ok,data/nips2017/images/afe045d68f1a60d0.png,outputs/nips2017/nips2017_selected_20260714_195944/vim-small/ablation_and_no_verifier/sample_0720/images/final_selected.png
vim-small,721,b0bb1ea9bcc45800,844,455,844,540,True,True,True,True,True,ok,data/nips2017/images/b0bb1ea9bcc45800.png,outputs/nips2017/nips2017_selected_20260714_195944/vim-small/ablation_and_no_verifier/sample_0721/images/final_selected.png
vim-small,722,b0e0e06e647b478f,483,914,483,663,True,True,True,True,True,ok,data/nips2017/images/b0e0e06e647b478f.png,outputs/nips2017/nips2017_selected_20260714_195944/vim-small/ablation_and_no_verifier/sample_0722/images/final_selected.png
vim-small,723,b1bf532ce2c4c3a1,874,556,874,654,True,True,True,True,True,ok,data/nips2017/images/b1bf532ce2c4c3a1.png,outputs/nips2017/nips2017_selected_20260714_195944/vim-small/ablation_and_no_verifier/sample_0723/images/final_selected.png
vim-small,724,b1e69e9c3d740f4c,3,832,3,973,True,True,True,True,True,ok,data/nips2017/images/b1e69e9c3d740f4c.png,outputs/nips2017/nips2017_selected_20260714_195944/vim-small/ablation_and_no_verifier/sample_0724/images/final_selected.png
vim-small,725,b2a7e558f1a3ff16,619,535,619,818,True,True,True,True,True,ok,data/nips2017/images/b2a7e558f1a3ff16.png,outputs/nips2017/nips2017_selected_20260714_195944/vim-small/ablation_and_no_verifier/sample_0725/images/final_selected.png
vim-small,726,b02b553998809e17,703,846,703,975,True,True,True,True,True,ok,data/nips2017/images/b02b553998809e17.png,outputs/nips2017/nips2017_selected_20260714_195944/vim-small/ablation_and_no_verifier/sample_0726/images/final_selected.png
vim-small,727,b3ba6f0352a29b2d,751,562,751,817,True,True,True,True,True,ok,data/nips2017/images/b3ba6f0352a29b2d.png,outputs/nips2017/nips2017_selected_20260714_195944/vim-small/ablation_and_no_verifier/sample_0727/images/final_selected.png
vim-small,728,b3c384a2d1a391c0,630,455,630,706,True,True,True,True,True,ok,data/nips2017/images/b3c384a2d1a391c0.png,outputs/nips2017/nips2017_selected_20260714_195944/vim-small/ablation_and_no_verifier/sample_0728/images/final_selected.png
vim-small,729,b3f200c672c5ca4f,975,274,975,979,True,True,True,True,True,ok,data/nips2017/images/b3f200c672c5ca4f.png,outputs/nips2017/nips2017_selected_20260714_195944/vim-small/ablation_and_no_verifier/sample_0729/images/final_selected.png
vim-small,730,b6c6a5b7829fbc9b,472,505,472,576,True,True,True,True,True,ok,data/nips2017/images/b6c6a5b7829fbc9b.png,outputs/nips2017/nips2017_selected_20260714_195944/vim-small/ablation_and_no_verifier/sample_0730/images/final_selected.png
vim-small,731,b7d9e1d8cf1d7912,518,484,518,802,True,True,True,True,True,ok,data/nips2017/images/b7d9e1d8cf1d7912.png,outputs/nips2017/nips2017_selected_20260714_195944/vim-small/ablation_and_no_verifier/sample_0731/images/final_selected.png
vim-small,732,b11fa0f292c0178f,701,900,701,538,True,True,True,True,True,ok,data/nips2017/images/b11fa0f292c0178f.png,outputs/nips2017/nips2017_selected_20260714_195944/vim-small/ablation_and_no_verifier/sample_0732/images/final_selected.png
vim-small,733,b19e2df06dbcccd9,672,815,672,970,True,True,True,True,True,ok,data/nips2017/images/b19e2df06dbcccd9.png,outputs/nips2017/nips2017_selected_20260714_195944/vim-small/ablation_and_no_verifier/sample_0733/images/final_selected.png
vim-small,734,b48febf2b989205b,759,634,759,980,True,True,True,True,True,ok,data/nips2017/images/b48febf2b989205b.png,outputs/nips2017/nips2017_selected_20260714_195944/vim-small/ablation_and_no_verifier/sample_0734/images/final_selected.png
vim-small,735,b58e8d136aff5a50,624,564,624,454,True,True,True,True,True,ok,data/nips2017/images/b58e8d136aff5a50.png,outputs/nips2017/nips2017_selected_20260714_195944/vim-small/ablation_and_no_verifier/sample_0735/images/final_selected.png
vim-small,736,b74c05ecff5f99d8,406,567,406,663,True,True,True,True,True,ok,data/nips2017/images/b74c05ecff5f99d8.png,outputs/nips2017/nips2017_selected_20260714_195944/vim-small/ablation_and_no_verifier/sample_0736/images/final_selected.png
vim-small,737,b76e552d4b3ec0c3,991,190,991,991,True,False,False,False,True,ok,data/nips2017/images/b76e552d4b3ec0c3.png,outputs/nips2017/nips2017_selected_20260714_195944/vim-small/ablation_and_no_verifier/sample_0737/images/final_selected.png
vim-small,738,b86d604067f50613,489,997,489,864,True,True,True,True,True,ok,data/nips2017/images/b86d604067f50613.png,outputs/nips2017/nips2017_selected_20260714_195944/vim-small/ablation_and_no_verifier/sample_0738/images/final_selected.png
vim-small,739,b89dbfcc49dcf156,888,466,888,663,True,True,True,True,True,ok,data/nips2017/images/b89dbfcc49dcf156.png,outputs/nips2017/nips2017_selected_20260714_195944/vim-small/ablation_and_no_verifier/sample_0739/images/final_selected.png
vim-small,740,b97f4b95ae696316,517,398,517,517,True,False,False,False,True,ok,data/nips2017/images/b97f4b95ae696316.png,outputs/nips2017/nips2017_selected_20260714_195944/vim-small/ablation_and_no_verifier/sample_0740/images/final_selected.png
vim-small,741,b239b5b3e1642f3b,913,745,913,974,True,True,True,True,True,ok,data/nips2017/images/b239b5b3e1642f3b.png,outputs/nips2017/nips2017_selected_20260714_195944/vim-small/ablation_and_no_verifier/sample_0741/images/final_selected.png
vim-small,742,b0619a61cf135f5e,984,419,984,815,True,True,True,True,True,ok,data/nips2017/images/b0619a61cf135f5e.png,outputs/nips2017/nips2017_selected_20260714_195944/vim-small/ablation_and_no_verifier/sample_0742/images/final_selected.png
vim-small,743,b648e8dfcb4fbc99,981,571,701,830,False,True,False,False,True,ok,data/nips2017/images/b648e8dfcb4fbc99.png,outputs/nips2017/nips2017_selected_20260714_195944/vim-small/ablation_and_no_verifier/sample_0743/images/final_selected.png
vim-small,744,b722c809657aecee,776,639,776,62,True,True,True,True,True,ok,data/nips2017/images/b722c809657aecee.png,outputs/nips2017/nips2017_selected_20260714_195944/vim-small/ablation_and_no_verifier/sample_0744/images/final_selected.png
vim-small,745,b5548ecffa20aac8,933,107,933,923,True,True,True,True,True,ok,data/nips2017/images/b5548ecffa20aac8.png,outputs/nips2017/nips2017_selected_20260714_195944/vim-small/ablation_and_no_verifier/sample_0745/images/final_selected.png
vim-small,746,b8596bba57a73794,351,40,351,353,True,True,True,True,True,ok,data/nips2017/images/b8596bba57a73794.png,outputs/nips2017/nips2017_selected_20260714_195944/vim-small/ablation_and_no_verifier/sample_0746/images/final_selected.png
vim-small,747,b9310b9080c06e4f,866,268,866,730,True,True,True,True,True,ok,data/nips2017/images/b9310b9080c06e4f.png,outputs/nips2017/nips2017_selected_20260714_195944/vim-small/ablation_and_no_verifier/sample_0747/images/final_selected.png
vim-small,748,b217644382dcd864,511,707,511,581,True,True,True,True,True,ok,data/nips2017/images/b217644382dcd864.png,outputs/nips2017/nips2017_selected_20260714_195944/vim-small/ablation_and_no_verifier/sample_0748/images/final_selected.png
vim-small,749,ba4b978112a20be1,971,15,971,800,True,True,True,True,True,ok,data/nips2017/images/ba4b978112a20be1.png,outputs/nips2017/nips2017_selected_20260714_195944/vim-small/ablation_and_no_verifier/sample_0749/images/final_selected.png
vim-small,750,ba4508962af69d90,672,826,672,428,True,True,True,True,True,ok,data/nips2017/images/ba4508962af69d90.png,outputs/nips2017/nips2017_selected_20260714_195944/vim-small/ablation_and_no_verifier/sample_0750/images/final_selected.png
vim-small,751,baeb1300832574aa,971,659,971,417,True,True,True,True,True,ok,data/nips2017/images/baeb1300832574aa.png,outputs/nips2017/nips2017_selected_20260714_195944/vim-small/ablation_and_no_verifier/sample_0751/images/final_selected.png
vim-small,752,bb03be3702584eeb,671,623,671,870,True,True,True,True,True,ok,data/nips2017/images/bb03be3702584eeb.png,outputs/nips2017/nips2017_selected_20260714_195944/vim-small/ablation_and_no_verifier/sample_0752/images/final_selected.png
vim-small,753,bb6fcb4a52b4fc0f,734,509,734,656,True,True,True,True,True,ok,data/nips2017/images/bb6fcb4a52b4fc0f.png,outputs/nips2017/nips2017_selected_20260714_195944/vim-small/ablation_and_no_verifier/sample_0753/images/final_selected.png
vim-small,754,bb748281da5e8681,347,693,347,346,True,True,True,True,True,ok,data/nips2017/images/bb748281da5e8681.png,outputs/nips2017/nips2017_selected_20260714_195944/vim-small/ablation_and_no_verifier/sample_0754/images/final_selected.png
vim-small,755,bba5c56cc3eb07c9,920,593,920,718,True,True,True,True,True,ok,data/nips2017/images/bba5c56cc3eb07c9.png,outputs/nips2017/nips2017_selected_20260714_195944/vim-small/ablation_and_no_verifier/sample_0755/images/final_selected.png
vim-small,756,bc7dff0960bb3335,442,764,442,497,True,True,True,True,True,ok,data/nips2017/images/bc7dff0960bb3335.png,outputs/nips2017/nips2017_selected_20260714_195944/vim-small/ablation_and_no_verifier/sample_0756/images/final_selected.png
vim-small,757,bc9a5e01c02e759e,922,17,922,549,True,True,True,True,True,ok,data/nips2017/images/bc9a5e01c02e759e.png,outputs/nips2017/nips2017_selected_20260714_195944/vim-small/ablation_and_no_verifier/sample_0757/images/final_selected.png
vim-small,758,bd3617fcc985fe31,832,60,832,698,True,True,True,True,True,ok,data/nips2017/images/bd3617fcc985fe31.png,outputs/nips2017/nips2017_selected_20260714_195944/vim-small/ablation_and_no_verifier/sample_0758/images/final_selected.png
vim-small,759,be1c43056c5d0085,144,435,144,975,True,True,True,True,True,ok,data/nips2017/images/be1c43056c5d0085.png,outputs/nips2017/nips2017_selected_20260714_195944/vim-small/ablation_and_no_verifier/sample_0759/images/final_selected.png
vim-small,760,be9a3bea2989a0b4,717,676,717,468,True,True,True,True,True,ok,data/nips2017/images/be9a3bea2989a0b4.png,outputs/nips2017/nips2017_selected_20260714_195944/vim-small/ablation_and_no_verifier/sample_0760/images/final_selected.png
vim-small,761,be95f5be87f6fadd,458,602,458,884,True,True,True,True,True,ok,data/nips2017/images/be95f5be87f6fadd.png,outputs/nips2017/nips2017_selected_20260714_195944/vim-small/ablation_and_no_verifier/sample_0761/images/final_selected.png
vim-small,762,be97d1e63c32043e,94,229,94,323,True,True,True,True,True,ok,data/nips2017/images/be97d1e63c32043e.png,outputs/nips2017/nips2017_selected_20260714_195944/vim-small/ablation_and_no_verifier/sample_0762/images/final_selected.png
vim-small,763,be5543dc68f0b970,779,635,779,561,True,True,True,True,True,ok,data/nips2017/images/be5543dc68f0b970.png,outputs/nips2017/nips2017_selected_20260714_195944/vim-small/ablation_and_no_verifier/sample_0763/images/final_selected.png
vim-small,764,beb3e55c385feb12,814,880,814,975,True,True,True,True,True,ok,data/nips2017/images/beb3e55c385feb12.png,outputs/nips2017/nips2017_selected_20260714_195944/vim-small/ablation_and_no_verifier/sample_0764/images/final_selected.png
vim-small,765,becf3b004177ded6,985,456,985,985,True,False,False,False,True,ok,data/nips2017/images/becf3b004177ded6.png,outputs/nips2017/nips2017_selected_20260714_195944/vim-small/ablation_and_no_verifier/sample_0765/images/final_selected.png
vim-small,766,bfb2aaf48d7fc08c,978,952,978,975,True,True,True,True,True,ok,data/nips2017/images/bfb2aaf48d7fc08c.png,outputs/nips2017/nips2017_selected_20260714_195944/vim-small/ablation_and_no_verifier/sample_0766/images/final_selected.png
vim-small,767,c0e0c11350b8740e,318,697,318,318,True,False,False,False,True,ok,data/nips2017/images/c0e0c11350b8740e.png,outputs/nips2017/nips2017_selected_20260714_195944/vim-small/ablation_and_no_verifier/sample_0767/images/final_selected.png
vim-small,768,c02ff39fe5832f4b,904,674,905,920,False,True,False,False,True,ok,data/nips2017/images/c02ff39fe5832f4b.png,outputs/nips2017/nips2017_selected_20260714_195944/vim-small/ablation_and_no_verifier/sample_0768/images/final_selected.png
vim-small,769,c3cf76709c87255b,675,223,407,407,False,True,False,False,True,ok,data/nips2017/images/c3cf76709c87255b.png,outputs/nips2017/nips2017_selected_20260714_195944/vim-small/ablation_and_no_verifier/sample_0769/images/final_selected.png
vim-small,770,c3e9a84e039df3ce,468,764,468,436,True,True,True,True,True,ok,data/nips2017/images/c3e9a84e039df3ce.png,outputs/nips2017/nips2017_selected_20260714_195944/vim-small/ablation_and_no_verifier/sample_0770/images/final_selected.png
vim-small,771,c3f452167c39302f,295,921,295,294,True,True,True,True,True,ok,data/nips2017/images/c3f452167c39302f.png,outputs/nips2017/nips2017_selected_20260714_195944/vim-small/ablation_and_no_verifier/sample_0771/images/final_selected.png
vim-small,772,c5c9d17672ff88ce,457,265,457,501,True,True,True,True,True,ok,data/nips2017/images/c5c9d17672ff88ce.png,outputs/nips2017/nips2017_selected_20260714_195944/vim-small/ablation_and_no_verifier/sample_0772/images/final_selected.png
vim-small,773,c5f5e09f4f5fd41a,403,420,403,554,True,True,True,True,True,ok,data/nips2017/images/c5f5e09f4f5fd41a.png,outputs/nips2017/nips2017_selected_20260714_195944/vim-small/ablation_and_no_verifier/sample_0773/images/final_selected.png
vim-small,774,c6b5f6c1d79dffc6,582,651,582,943,True,True,True,True,True,ok,data/nips2017/images/c6b5f6c1d79dffc6.png,outputs/nips2017/nips2017_selected_20260714_195944/vim-small/ablation_and_no_verifier/sample_0774/images/final_selected.png
vim-small,775,c6e0d2ab3bbf4a3e,705,837,705,757,True,True,True,True,True,ok,data/nips2017/images/c6e0d2ab3bbf4a3e.png,outputs/nips2017/nips2017_selected_20260714_195944/vim-small/ablation_and_no_verifier/sample_0775/images/final_selected.png
vim-small,776,c7d0c73d636300f5,829,800,829,705,True,True,True,True,True,ok,data/nips2017/images/c7d0c73d636300f5.png,outputs/nips2017/nips2017_selected_20260714_195944/vim-small/ablation_and_no_verifier/sample_0776/images/final_selected.png
vim-small,777,c8abefc975e94b10,874,674,874,517,True,True,True,True,True,ok,data/nips2017/images/c8abefc975e94b10.png,outputs/nips2017/nips2017_selected_20260714_195944/vim-small/ablation_and_no_verifier/sample_0777/images/final_selected.png
vim-small,778,c9ddfb1043177de8,974,116,974,978,True,True,True,True,True,ok,data/nips2017/images/c9ddfb1043177de8.png,outputs/nips2017/nips2017_selected_20260714_195944/vim-small/ablation_and_no_verifier/sample_0778/images/final_selected.png
vim-small,779,c10f6e0689efbc1c,887,296,762,728,False,True,False,False,True,ok,data/nips2017/images/c10f6e0689efbc1c.png,outputs/nips2017/nips2017_selected_20260714_195944/vim-small/ablation_and_no_verifier/sample_0779/images/final_selected.png
vim-small,780,c17d39b1eba4cc03,668,731,708,437,False,True,False,False,True,ok,data/nips2017/images/c17d39b1eba4cc03.png,outputs/nips2017/nips2017_selected_20260714_195944/vim-small/ablation_and_no_verifier/sample_0780/images/final_selected.png
vim-small,781,c25da85d5d62b000,403,218,403,554,True,True,True,True,True,ok,data/nips2017/images/c25da85d5d62b000.png,outputs/nips2017/nips2017_selected_20260714_195944/vim-small/ablation_and_no_verifier/sample_0781/images/final_selected.png
vim-small,782,c27e3bde18fba21b,322,127,322,325,True,True,True,True,True,ok,data/nips2017/images/c27e3bde18fba21b.png,outputs/nips2017/nips2017_selected_20260714_195944/vim-small/ablation_and_no_verifier/sample_0782/images/final_selected.png
vim-small,783,c35cd0d5673ec1db,962,366,962,651,True,True,True,True,True,ok,data/nips2017/images/c35cd0d5673ec1db.png,outputs/nips2017/nips2017_selected_20260714_195944/vim-small/ablation_and_no_verifier/sample_0783/images/final_selected.png
vim-small,784,c036b20afde859b7,280,507,280,272,True,True,True,True,True,ok,data/nips2017/images/c036b20afde859b7.png,outputs/nips2017/nips2017_selected_20260714_195944/vim-small/ablation_and_no_verifier/sample_0784/images/final_selected.png
vim-small,785,c42c88890b5fc86d,670,111,670,974,True,True,True,True,True,ok,data/nips2017/images/c42c88890b5fc86d.png,outputs/nips2017/nips2017_selected_20260714_195944/vim-small/ablation_and_no_verifier/sample_0785/images/final_selected.png
vim-small,786,c47ca11294a9aefe,546,118,546,980,True,False,True,False,False,ok,data/nips2017/images/c47ca11294a9aefe.png,outputs/nips2017/nips2017_selected_20260714_195944/vim-small/ablation_and_no_verifier/sample_0786/images/final_selected.png
vim-small,787,c83cfca4bc9dd3c7,695,729,695,471,True,True,True,True,True,ok,data/nips2017/images/c83cfca4bc9dd3c7.png,outputs/nips2017/nips2017_selected_20260714_195944/vim-small/ablation_and_no_verifier/sample_0787/images/final_selected.png
vim-small,788,c84cbc2c05227bee,436,978,436,581,True,True,True,True,True,ok,data/nips2017/images/c84cbc2c05227bee.png,outputs/nips2017/nips2017_selected_20260714_195944/vim-small/ablation_and_no_verifier/sample_0788/images/final_selected.png
vim-small,789,c96c3eab644075d3,347,299,347,556,True,True,True,True,True,ok,data/nips2017/images/c96c3eab644075d3.png,outputs/nips2017/nips2017_selected_20260714_195944/vim-small/ablation_and_no_verifier/sample_0789/images/final_selected.png
vim-small,790,c98a8640dcfaa5e0,746,846,746,802,True,True,True,True,True,ok,data/nips2017/images/c98a8640dcfaa5e0.png,outputs/nips2017/nips2017_selected_20260714_195944/vim-small/ablation_and_no_verifier/sample_0790/images/final_selected.png
vim-small,791,c135b139d293f7f2,346,490,346,354,True,True,True,True,True,ok,data/nips2017/images/c135b139d293f7f2.png,outputs/nips2017/nips2017_selected_20260714_195944/vim-small/ablation_and_no_verifier/sample_0791/images/final_selected.png
vim-small,792,c335ce88293384f2,734,628,407,407,False,True,False,False,True,ok,data/nips2017/images/c335ce88293384f2.png,outputs/nips2017/nips2017_selected_20260714_195944/vim-small/ablation_and_no_verifier/sample_0792/images/final_selected.png
vim-small,793,c609f86fa706bb9e,112,888,112,116,True,True,True,True,True,ok,data/nips2017/images/c609f86fa706bb9e.png,outputs/nips2017/nips2017_selected_20260714_195944/vim-small/ablation_and_no_verifier/sample_0793/images/final_selected.png
vim-small,794,c755f3b0f89028fc,565,826,565,818,True,True,True,True,True,ok,data/nips2017/images/c755f3b0f89028fc.png,outputs/nips2017/nips2017_selected_20260714_195944/vim-small/ablation_and_no_verifier/sample_0794/images/final_selected.png
vim-small,795,c777da68bec01dcd,486,583,486,486,True,False,False,False,True,ok,data/nips2017/images/c777da68bec01dcd.png,outputs/nips2017/nips2017_selected_20260714_195944/vim-small/ablation_and_no_verifier/sample_0795/images/final_selected.png
vim-small,796,c4824f023903731a,737,816,737,631,True,True,True,True,True,ok,data/nips2017/images/c4824f023903731a.png,outputs/nips2017/nips2017_selected_20260714_195944/vim-small/ablation_and_no_verifier/sample_0796/images/final_selected.png
vim-small,797,c9302f3b2b0452e4,883,891,883,711,True,True,True,True,True,ok,data/nips2017/images/c9302f3b2b0452e4.png,outputs/nips2017/nips2017_selected_20260714_195944/vim-small/ablation_and_no_verifier/sample_0797/images/final_selected.png
vim-small,798,c43077b2283479be,13,764,13,94,True,True,True,True,True,ok,data/nips2017/images/c43077b2283479be.png,outputs/nips2017/nips2017_selected_20260714_195944/vim-small/ablation_and_no_verifier/sample_0798/images/final_selected.png
vim-small,799,c66310d8b709d6d5,762,105,762,881,True,True,True,True,True,ok,data/nips2017/images/c66310d8b709d6d5.png,outputs/nips2017/nips2017_selected_20260714_195944/vim-small/ablation_and_no_verifier/sample_0799/images/final_selected.png
vim-small,800,c96358fe7b8eaf28,705,491,705,598,True,True,True,True,True,ok,data/nips2017/images/c96358fe7b8eaf28.png,outputs/nips2017/nips2017_selected_20260714_195944/vim-small/ablation_and_no_verifier/sample_0800/images/final_selected.png
vim-small,801,c135337ca7a575ae,347,177,347,346,True,True,True,True,True,ok,data/nips2017/images/c135337ca7a575ae.png,outputs/nips2017/nips2017_selected_20260714_195944/vim-small/ablation_and_no_verifier/sample_0801/images/final_selected.png
vim-small,802,c179282bd977c6e0,671,104,671,409,True,True,True,True,True,ok,data/nips2017/images/c179282bd977c6e0.png,outputs/nips2017/nips2017_selected_20260714_195944/vim-small/ablation_and_no_verifier/sample_0802/images/final_selected.png
vim-small,803,c663670c06c06ea4,908,902,908,980,True,True,True,True,True,ok,data/nips2017/images/c663670c06c06ea4.png,outputs/nips2017/nips2017_selected_20260714_195944/vim-small/ablation_and_no_verifier/sample_0803/images/final_selected.png
vim-small,804,c819099fed6f0d73,961,776,961,964,True,True,True,True,True,ok,data/nips2017/images/c819099fed6f0d73.png,outputs/nips2017/nips2017_selected_20260714_195944/vim-small/ablation_and_no_verifier/sample_0804/images/final_selected.png
vim-small,805,c8231978dc765004,471,740,471,866,True,True,True,True,True,ok,data/nips2017/images/c8231978dc765004.png,outputs/nips2017/nips2017_selected_20260714_195944/vim-small/ablation_and_no_verifier/sample_0805/images/final_selected.png
vim-small,806,c6166621198a3de4,985,746,985,985,True,False,False,False,True,ok,data/nips2017/images/c6166621198a3de4.png,outputs/nips2017/nips2017_selected_20260714_195944/vim-small/ablation_and_no_verifier/sample_0806/images/final_selected.png
vim-small,807,ca50e3535eb6396c,555,928,555,974,True,True,True,True,True,ok,data/nips2017/images/ca50e3535eb6396c.png,outputs/nips2017/nips2017_selected_20260714_195944/vim-small/ablation_and_no_verifier/sample_0807/images/final_selected.png
vim-small,808,cb63df64516985c1,634,771,634,947,True,True,True,True,True,ok,data/nips2017/images/cb63df64516985c1.png,outputs/nips2017/nips2017_selected_20260714_195944/vim-small/ablation_and_no_verifier/sample_0808/images/final_selected.png
vim-small,809,cb71a056a8e05bb2,319,940,312,124,False,True,False,False,True,ok,data/nips2017/images/cb71a056a8e05bb2.png,outputs/nips2017/nips2017_selected_20260714_195944/vim-small/ablation_and_no_verifier/sample_0809/images/final_selected.png
vim-small,810,cbaff3255afbe83f,560,852,560,701,True,True,True,True,True,ok,data/nips2017/images/cbaff3255afbe83f.png,outputs/nips2017/nips2017_selected_20260714_195944/vim-small/ablation_and_no_verifier/sample_0810/images/final_selected.png
vim-small,811,cbcb7444cc827812,762,785,762,736,True,True,True,True,True,ok,data/nips2017/images/cbcb7444cc827812.png,outputs/nips2017/nips2017_selected_20260714_195944/vim-small/ablation_and_no_verifier/sample_0811/images/final_selected.png
vim-small,812,cc8d850717026796,661,790,661,974,True,True,True,True,True,ok,data/nips2017/images/cc8d850717026796.png,outputs/nips2017/nips2017_selected_20260714_195944/vim-small/ablation_and_no_verifier/sample_0812/images/final_selected.png
vim-small,813,cc13c2bc5cdd1f44,559,740,559,532,True,True,True,True,True,ok,data/nips2017/images/cc13c2bc5cdd1f44.png,outputs/nips2017/nips2017_selected_20260714_195944/vim-small/ablation_and_no_verifier/sample_0813/images/final_selected.png
vim-small,814,cc283b8f7f46fbf0,573,961,573,525,True,True,True,True,True,ok,data/nips2017/images/cc283b8f7f46fbf0.png,outputs/nips2017/nips2017_selected_20260714_195944/vim-small/ablation_and_no_verifier/sample_0814/images/final_selected.png
vim-small,815,cc43200264a62126,980,589,980,970,True,True,True,True,True,ok,data/nips2017/images/cc43200264a62126.png,outputs/nips2017/nips2017_selected_20260714_195944/vim-small/ablation_and_no_verifier/sample_0815/images/final_selected.png
vim-small,816,ccbcaf10176e78e0,922,857,922,692,True,True,True,True,True,ok,data/nips2017/images/ccbcaf10176e78e0.png,outputs/nips2017/nips2017_selected_20260714_195944/vim-small/ablation_and_no_verifier/sample_0816/images/final_selected.png
vim-small,817,cd2d2889ef7ac51c,923,606,923,762,True,True,True,True,True,ok,data/nips2017/images/cd2d2889ef7ac51c.png,outputs/nips2017/nips2017_selected_20260714_195944/vim-small/ablation_and_no_verifier/sample_0817/images/final_selected.png
vim-small,818,cd40b0e46c9da574,661,738,661,661,True,False,False,False,True,ok,data/nips2017/images/cd40b0e46c9da574.png,outputs/nips2017/nips2017_selected_20260714_195944/vim-small/ablation_and_no_verifier/sample_0818/images/final_selected.png
vim-small,819,ce05236afebb173d,535,509,535,535,True,False,False,False,True,ok,data/nips2017/images/ce05236afebb173d.png,outputs/nips2017/nips2017_selected_20260714_195944/vim-small/ablation_and_no_verifier/sample_0819/images/final_selected.png
vim-small,820,cebd45d7200f6111,70,946,70,600,True,True,True,True,True,ok,data/nips2017/images/cebd45d7200f6111.png,outputs/nips2017/nips2017_selected_20260714_195944/vim-small/ablation_and_no_verifier/sample_0820/images/final_selected.png
vim-small,821,cec46dbd1fa3473a,897,245,897,534,True,True,True,True,True,ok,data/nips2017/images/cec46dbd1fa3473a.png,outputs/nips2017/nips2017_selected_20260714_195944/vim-small/ablation_and_no_verifier/sample_0821/images/final_selected.png
vim-small,822,cfab8f880da31ad8,540,307,540,517,True,True,True,True,True,ok,data/nips2017/images/cfab8f880da31ad8.png,outputs/nips2017/nips2017_selected_20260714_195944/vim-small/ablation_and_no_verifier/sample_0822/images/final_selected.png
vim-small,823,d0c6c29954f0380b,430,95,430,974,True,True,True,True,True,ok,data/nips2017/images/d0c6c29954f0380b.png,outputs/nips2017/nips2017_selected_20260714_195944/vim-small/ablation_and_no_verifier/sample_0823/images/final_selected.png
vim-small,824,d0fe8afb55c3c7cd,497,777,497,483,True,True,True,True,True,ok,data/nips2017/images/d0fe8afb55c3c7cd.png,outputs/nips2017/nips2017_selected_20260714_195944/vim-small/ablation_and_no_verifier/sample_0824/images/final_selected.png
vim-small,825,d1a723656dc08b5e,821,813,821,718,True,True,True,True,True,ok,data/nips2017/images/d1a723656dc08b5e.png,outputs/nips2017/nips2017_selected_20260714_195944/vim-small/ablation_and_no_verifier/sample_0825/images/final_selected.png
vim-small,826,d02adcb9140880a1,915,782,915,672,True,True,True,True,True,ok,data/nips2017/images/d02adcb9140880a1.png,outputs/nips2017/nips2017_selected_20260714_195944/vim-small/ablation_and_no_verifier/sample_0826/images/final_selected.png
vim-small,827,d2cc2eabfc7bf54a,555,720,555,609,True,True,True,True,True,ok,data/nips2017/images/d2cc2eabfc7bf54a.png,outputs/nips2017/nips2017_selected_20260714_195944/vim-small/ablation_and_no_verifier/sample_0827/images/final_selected.png
vim-small,828,d2d2b255935f0aae,947,431,947,83,True,True,True,True,True,ok,data/nips2017/images/d2d2b255935f0aae.png,outputs/nips2017/nips2017_selected_20260714_195944/vim-small/ablation_and_no_verifier/sample_0828/images/final_selected.png
vim-small,829,d2d6ae6e0b8a0c31,985,600,985,883,True,True,True,True,True,ok,data/nips2017/images/d2d6ae6e0b8a0c31.png,outputs/nips2017/nips2017_selected_20260714_195944/vim-small/ablation_and_no_verifier/sample_0829/images/final_selected.png
vim-small,830,d3a88c50958b1b5f,976,999,976,972,True,True,True,True,True,ok,data/nips2017/images/d3a88c50958b1b5f.png,outputs/nips2017/nips2017_selected_20260714_195944/vim-small/ablation_and_no_verifier/sample_0830/images/final_selected.png
vim-small,831,d3aa8ee50458c020,430,873,430,430,True,False,False,False,True,ok,data/nips2017/images/d3aa8ee50458c020.png,outputs/nips2017/nips2017_selected_20260714_195944/vim-small/ablation_and_no_verifier/sample_0831/images/final_selected.png
vim-small,832,d4c817db6be62b71,94,163,94,380,True,True,True,True,True,ok,data/nips2017/images/d4c817db6be62b71.png,outputs/nips2017/nips2017_selected_20260714_195944/vim-small/ablation_and_no_verifier/sample_0832/images/final_selected.png
vim-small,833,d5d5f843f100328c,885,537,885,696,True,True,True,True,True,ok,data/nips2017/images/d5d5f843f100328c.png,outputs/nips2017/nips2017_selected_20260714_195944/vim-small/ablation_and_no_verifier/sample_0833/images/final_selected.png
vim-small,834,d6d42f8a1f6b4460,665,373,665,870,True,True,True,True,True,ok,data/nips2017/images/d6d42f8a1f6b4460.png,outputs/nips2017/nips2017_selected_20260714_195944/vim-small/ablation_and_no_verifier/sample_0834/images/final_selected.png
vim-small,835,d6d192c5786f29f5,472,829,472,974,True,True,True,True,True,ok,data/nips2017/images/d6d192c5786f29f5.png,outputs/nips2017/nips2017_selected_20260714_195944/vim-small/ablation_and_no_verifier/sample_0835/images/final_selected.png
vim-small,836,d6eac6858474111c,322,249,322,326,True,True,True,True,True,ok,data/nips2017/images/d6eac6858474111c.png,outputs/nips2017/nips2017_selected_20260714_195944/vim-small/ablation_and_no_verifier/sample_0836/images/final_selected.png
vim-small,837,d7c1d1632cf0acc7,403,872,403,536,True,True,True,True,True,ok,data/nips2017/images/d7c1d1632cf0acc7.png,outputs/nips2017/nips2017_selected_20260714_195944/vim-small/ablation_and_no_verifier/sample_0837/images/final_selected.png
vim-small,838,d7c8008bf74f2324,814,671,814,472,True,True,True,True,True,ok,data/nips2017/images/d7c8008bf74f2324.png,outputs/nips2017/nips2017_selected_20260714_195944/vim-small/ablation_and_no_verifier/sample_0838/images/final_selected.png
vim-small,839,d7d5b34ea0a0ffcf,877,969,617,617,False,True,False,False,True,ok,data/nips2017/images/d7d5b34ea0a0ffcf.png,outputs/nips2017/nips2017_selected_20260714_195944/vim-small/ablation_and_no_verifier/sample_0839/images/final_selected.png
vim-small,840,d7d8fc1442a82a8e,21,845,21,94,True,True,True,True,True,ok,data/nips2017/images/d7d8fc1442a82a8e.png,outputs/nips2017/nips2017_selected_20260714_195944/vim-small/ablation_and_no_verifier/sample_0840/images/final_selected.png
vim-small,841,d7de327bbf412965,489,659,489,573,True,True,True,True,True,ok,data/nips2017/images/d7de327bbf412965.png,outputs/nips2017/nips2017_selected_20260714_195944/vim-small/ablation_and_no_verifier/sample_0841/images/final_selected.png
vim-small,842,d7ffed8f21024a14,751,921,751,817,True,True,True,True,True,ok,data/nips2017/images/d7ffed8f21024a14.png,outputs/nips2017/nips2017_selected_20260714_195944/vim-small/ablation_and_no_verifier/sample_0842/images/final_selected.png
vim-small,843,d8b0101e2459882a,654,87,466,466,False,True,False,False,True,ok,data/nips2017/images/d8b0101e2459882a.png,outputs/nips2017/nips2017_selected_20260714_195944/vim-small/ablation_and_no_verifier/sample_0843/images/final_selected.png
vim-small,844,d9da4e5ef53d5e8b,640,486,640,559,True,True,True,True,True,ok,data/nips2017/images/d9da4e5ef53d5e8b.png,outputs/nips2017/nips2017_selected_20260714_195944/vim-small/ablation_and_no_verifier/sample_0844/images/final_selected.png
vim-small,845,d9f624188d16fe93,39,601,46,46,False,True,False,False,True,ok,data/nips2017/images/d9f624188d16fe93.png,outputs/nips2017/nips2017_selected_20260714_195944/vim-small/ablation_and_no_verifier/sample_0845/images/final_selected.png
vim-small,846,d12aad0d18252b40,324,38,324,958,True,True,True,True,True,ok,data/nips2017/images/d12aad0d18252b40.png,outputs/nips2017/nips2017_selected_20260714_195944/vim-small/ablation_and_no_verifier/sample_0846/images/final_selected.png
vim-small,847,d016b3204e7ca96e,791,777,750,516,False,True,False,False,True,ok,data/nips2017/images/d016b3204e7ca96e.png,outputs/nips2017/nips2017_selected_20260714_195944/vim-small/ablation_and_no_verifier/sample_0847/images/final_selected.png
vim-small,848,d23fd2119c4f5dec,328,122,328,973,True,True,True,True,True,ok,data/nips2017/images/d23fd2119c4f5dec.png,outputs/nips2017/nips2017_selected_20260714_195944/vim-small/ablation_and_no_verifier/sample_0848/images/final_selected.png
vim-small,849,d25df1a8259d3fdf,160,832,160,568,True,True,True,True,True,ok,data/nips2017/images/d25df1a8259d3fdf.png,outputs/nips2017/nips2017_selected_20260714_195944/vim-small/ablation_and_no_verifier/sample_0849/images/final_selected.png
vim-small,850,d0029b3675b792ae,789,901,789,501,True,True,True,True,True,ok,data/nips2017/images/d0029b3675b792ae.png,outputs/nips2017/nips2017_selected_20260714_195944/vim-small/ablation_and_no_verifier/sample_0850/images/final_selected.png
vim-small,851,d34c51d7523e9c0f,646,654,646,975,True,True,True,True,True,ok,data/nips2017/images/d34c51d7523e9c0f.png,outputs/nips2017/nips2017_selected_20260714_195944/vim-small/ablation_and_no_verifier/sample_0851/images/final_selected.png
vim-small,852,d47c9aabecda0e12,985,198,985,985,True,False,False,False,True,ok,data/nips2017/images/d47c9aabecda0e12.png,outputs/nips2017/nips2017_selected_20260714_195944/vim-small/ablation_and_no_verifier/sample_0852/images/final_selected.png
vim-small,853,d051e0bd46125123,668,775,668,908,True,True,True,True,True,ok,data/nips2017/images/d051e0bd46125123.png,outputs/nips2017/nips2017_selected_20260714_195944/vim-small/ablation_and_no_verifier/sample_0853/images/final_selected.png
vim-small,854,d67b326ef48bb7b7,873,545,873,698,True,True,True,True,True,ok,data/nips2017/images/d67b326ef48bb7b7.png,outputs/nips2017/nips2017_selected_20260714_195944/vim-small/ablation_and_no_verifier/sample_0854/images/final_selected.png
vim-small,855,d72f34526e12fd83,441,324,441,706,True,True,True,True,True,ok,data/nips2017/images/d72f34526e12fd83.png,outputs/nips2017/nips2017_selected_20260714_195944/vim-small/ablation_and_no_verifier/sample_0855/images/final_selected.png
vim-small,856,d77af00930283f4b,900,648,900,476,True,True,True,True,True,ok,data/nips2017/images/d77af00930283f4b.png,outputs/nips2017/nips2017_selected_20260714_195944/vim-small/ablation_and_no_verifier/sample_0856/images/final_selected.png
vim-small,857,d97c1f3f1c211d1a,978,466,978,327,True,True,True,True,True,ok,data/nips2017/images/d97c1f3f1c211d1a.png,outputs/nips2017/nips2017_selected_20260714_195944/vim-small/ablation_and_no_verifier/sample_0857/images/final_selected.png
vim-small,858,d392f0639c17f396,807,589,807,854,True,True,True,True,True,ok,data/nips2017/images/d392f0639c17f396.png,outputs/nips2017/nips2017_selected_20260714_195944/vim-small/ablation_and_no_verifier/sample_0858/images/final_selected.png
vim-small,859,d531a31add433f46,763,768,763,846,True,True,True,True,True,ok,data/nips2017/images/d531a31add433f46.png,outputs/nips2017/nips2017_selected_20260714_195944/vim-small/ablation_and_no_verifier/sample_0859/images/final_selected.png
vim-small,860,d741b583a123562b,320,791,320,75,True,True,True,True,True,ok,data/nips2017/images/d741b583a123562b.png,outputs/nips2017/nips2017_selected_20260714_195944/vim-small/ablation_and_no_verifier/sample_0860/images/final_selected.png
vim-small,861,d959fd91192d5717,628,595,628,833,True,True,True,True,True,ok,data/nips2017/images/d959fd91192d5717.png,outputs/nips2017/nips2017_selected_20260714_195944/vim-small/ablation_and_no_verifier/sample_0861/images/final_selected.png
vim-small,862,d1709eec353a6f93,296,555,296,208,True,True,True,True,True,ok,data/nips2017/images/d1709eec353a6f93.png,outputs/nips2017/nips2017_selected_20260714_195944/vim-small/ablation_and_no_verifier/sample_0862/images/final_selected.png
vim-small,863,d3551db0b83c8fc0,617,323,617,487,True,True,True,True,True,ok,data/nips2017/images/d3551db0b83c8fc0.png,outputs/nips2017/nips2017_selected_20260714_195944/vim-small/ablation_and_no_verifier/sample_0863/images/final_selected.png
vim-small,864,d6887e8d19a06139,562,44,562,698,True,True,True,True,True,ok,data/nips2017/images/d6887e8d19a06139.png,outputs/nips2017/nips2017_selected_20260714_195944/vim-small/ablation_and_no_verifier/sample_0864/images/final_selected.png
vim-small,865,d7984e6e1a51b3c4,517,936,517,821,True,True,True,True,True,ok,data/nips2017/images/d7984e6e1a51b3c4.png,outputs/nips2017/nips2017_selected_20260714_195944/vim-small/ablation_and_no_verifier/sample_0865/images/final_selected.png
vim-small,866,d46216d31908163e,895,784,895,471,True,True,True,True,True,ok,data/nips2017/images/d46216d31908163e.png,outputs/nips2017/nips2017_selected_20260714_195944/vim-small/ablation_and_no_verifier/sample_0866/images/final_selected.png
vim-small,867,d158837db31ed892,518,803,518,670,True,True,True,True,True,ok,data/nips2017/images/d158837db31ed892.png,outputs/nips2017/nips2017_selected_20260714_195944/vim-small/ablation_and_no_verifier/sample_0867/images/final_selected.png
vim-small,868,d204464fcf15ad99,299,268,299,82,True,True,True,True,True,ok,data/nips2017/images/d204464fcf15ad99.png,outputs/nips2017/nips2017_selected_20260714_195944/vim-small/ablation_and_no_verifier/sample_0868/images/final_selected.png
vim-small,869,d740663eeccdcecd,437,761,437,442,True,True,True,True,True,ok,data/nips2017/images/d740663eeccdcecd.png,outputs/nips2017/nips2017_selected_20260714_195944/vim-small/ablation_and_no_verifier/sample_0869/images/final_selected.png
vim-small,870,d05076189b7fd185,707,764,707,637,True,True,True,True,True,ok,data/nips2017/images/d05076189b7fd185.png,outputs/nips2017/nips2017_selected_20260714_195944/vim-small/ablation_and_no_verifier/sample_0870/images/final_selected.png
vim-small,871,d4579363596fbf21,832,888,832,820,True,True,True,True,True,ok,data/nips2017/images/d4579363596fbf21.png,outputs/nips2017/nips2017_selected_20260714_195944/vim-small/ablation_and_no_verifier/sample_0871/images/final_selected.png
vim-small,872,d94940216544b2c5,311,621,311,47,True,True,True,True,True,ok,data/nips2017/images/d94940216544b2c5.png,outputs/nips2017/nips2017_selected_20260714_195944/vim-small/ablation_and_no_verifier/sample_0872/images/final_selected.png
vim-small,873,d386396825739960,853,226,853,856,True,True,True,True,True,ok,data/nips2017/images/d386396825739960.png,outputs/nips2017/nips2017_selected_20260714_195944/vim-small/ablation_and_no_verifier/sample_0873/images/final_selected.png
vim-small,874,da4b3e38b069d735,776,690,558,819,False,True,False,False,True,ok,data/nips2017/images/da4b3e38b069d735.png,outputs/nips2017/nips2017_selected_20260714_195944/vim-small/ablation_and_no_verifier/sample_0874/images/final_selected.png
vim-small,875,da4f4d6944d93ae0,734,778,734,332,True,True,True,True,True,ok,data/nips2017/images/da4f4d6944d93ae0.png,outputs/nips2017/nips2017_selected_20260714_195944/vim-small/ablation_and_no_verifier/sample_0875/images/final_selected.png
vim-small,876,da7e65bc80814f37,787,602,787,762,True,True,True,True,True,ok,data/nips2017/images/da7e65bc80814f37.png,outputs/nips2017/nips2017_selected_20260714_195944/vim-small/ablation_and_no_verifier/sample_0876/images/final_selected.png
vim-small,877,da63f2acf683c0a7,133,616,133,39,True,True,True,True,True,ok,data/nips2017/images/da63f2acf683c0a7.png,outputs/nips2017/nips2017_selected_20260714_195944/vim-small/ablation_and_no_verifier/sample_0877/images/final_selected.png
vim-small,878,daa43d65c3b18a84,821,53,821,663,True,True,True,True,True,ok,data/nips2017/images/daa43d65c3b18a84.png,outputs/nips2017/nips2017_selected_20260714_195944/vim-small/ablation_and_no_verifier/sample_0878/images/final_selected.png
vim-small,879,daa6404780b1af27,637,998,637,571,True,True,True,True,True,ok,data/nips2017/images/daa6404780b1af27.png,outputs/nips2017/nips2017_selected_20260714_195944/vim-small/ablation_and_no_verifier/sample_0879/images/final_selected.png
vim-small,880,dacb07f80166a7fd,448,107,448,596,True,True,True,True,True,ok,data/nips2017/images/dacb07f80166a7fd.png,outputs/nips2017/nips2017_selected_20260714_195944/vim-small/ablation_and_no_verifier/sample_0880/images/final_selected.png
vim-small,881,dad40e355e4e8e96,654,847,654,436,True,True,True,True,True,ok,data/nips2017/images/dad40e355e4e8e96.png,outputs/nips2017/nips2017_selected_20260714_195944/vim-small/ablation_and_no_verifier/sample_0881/images/final_selected.png
vim-small,882,db6c6671a6924eba,406,411,406,974,True,True,True,True,True,ok,data/nips2017/images/db6c6671a6924eba.png,outputs/nips2017/nips2017_selected_20260714_195944/vim-small/ablation_and_no_verifier/sample_0882/images/final_selected.png
vim-small,883,dc12a25cc85ee9cf,646,895,646,964,True,True,True,True,True,ok,data/nips2017/images/dc12a25cc85ee9cf.png,outputs/nips2017/nips2017_selected_20260714_195944/vim-small/ablation_and_no_verifier/sample_0883/images/final_selected.png
vim-small,884,dcb6b32cd80f2b1f,555,831,555,555,True,False,False,False,True,ok,data/nips2017/images/dcb6b32cd80f2b1f.png,outputs/nips2017/nips2017_selected_20260714_195944/vim-small/ablation_and_no_verifier/sample_0884/images/final_selected.png
vim-small,885,dd4d033a9a45552d,391,125,2,32,False,True,False,False,True,ok,data/nips2017/images/dd4d033a9a45552d.png,outputs/nips2017/nips2017_selected_20260714_195944/vim-small/ablation_and_no_verifier/sample_0885/images/final_selected.png
vim-small,886,dd722682a9f2b9dd,436,457,436,609,True,True,True,True,True,ok,data/nips2017/images/dd722682a9f2b9dd.png,outputs/nips2017/nips2017_selected_20260714_195944/vim-small/ablation_and_no_verifier/sample_0886/images/final_selected.png
vim-small,887,dd984311bff04342,117,523,117,725,True,True,True,True,True,ok,data/nips2017/images/dd984311bff04342.png,outputs/nips2017/nips2017_selected_20260714_195944/vim-small/ablation_and_no_verifier/sample_0887/images/final_selected.png
vim-small,888,dde9f0aadcb02874,980,639,980,974,True,True,True,True,True,ok,data/nips2017/images/dde9f0aadcb02874.png,outputs/nips2017/nips2017_selected_20260714_195944/vim-small/ablation_and_no_verifier/sample_0888/images/final_selected.png
vim-small,889,dde33b51c8c152d2,734,968,734,974,True,True,True,True,True,ok,data/nips2017/images/dde33b51c8c152d2.png,outputs/nips2017/nips2017_selected_20260714_195944/vim-small/ablation_and_no_verifier/sample_0889/images/final_selected.png
vim-small,890,de282cea97167923,304,655,303,991,False,True,False,False,True,ok,data/nips2017/images/de282cea97167923.png,outputs/nips2017/nips2017_selected_20260714_195944/vim-small/ablation_and_no_verifier/sample_0890/images/final_selected.png
vim-small,891,de40907c1e2c5515,628,485,628,536,True,True,True,True,True,ok,data/nips2017/images/de40907c1e2c5515.png,outputs/nips2017/nips2017_selected_20260714_195944/vim-small/ablation_and_no_verifier/sample_0891/images/final_selected.png
vim-small,892,df2cd1b82d5dec14,518,413,518,974,True,True,True,True,True,ok,data/nips2017/images/df2cd1b82d5dec14.png,outputs/nips2017/nips2017_selected_20260714_195944/vim-small/ablation_and_no_verifier/sample_0892/images/final_selected.png
vim-small,893,df58f94361c6d105,609,12,609,436,True,True,True,True,True,ok,data/nips2017/images/df58f94361c6d105.png,outputs/nips2017/nips2017_selected_20260714_195944/vim-small/ablation_and_no_verifier/sample_0893/images/final_selected.png
vim-small,894,df874264566c58a9,741,151,741,706,True,True,True,True,True,ok,data/nips2017/images/df874264566c58a9.png,outputs/nips2017/nips2017_selected_20260714_195944/vim-small/ablation_and_no_verifier/sample_0894/images/final_selected.png
vim-small,895,e0c0f412d78571dc,733,408,733,970,True,True,True,True,True,ok,data/nips2017/images/e0c0f412d78571dc.png,outputs/nips2017/nips2017_selected_20260714_195944/vim-small/ablation_and_no_verifier/sample_0895/images/final_selected.png
vim-small,896,e1c702ed9842dd1c,692,756,917,107,False,True,False,False,True,ok,data/nips2017/images/e1c702ed9842dd1c.png,outputs/nips2017/nips2017_selected_20260714_195944/vim-small/ablation_and_no_verifier/sample_0896/images/final_selected.png
vim-small,897,e3a740861f12f49e,819,899,819,517,True,True,True,True,True,ok,data/nips2017/images/e3a740861f12f49e.png,outputs/nips2017/nips2017_selected_20260714_195944/vim-small/ablation_and_no_verifier/sample_0897/images/final_selected.png
vim-small,898,e3c3f8889ac99aec,535,896,535,545,True,True,True,True,True,ok,data/nips2017/images/e3c3f8889ac99aec.png,outputs/nips2017/nips2017_selected_20260714_195944/vim-small/ablation_and_no_verifier/sample_0898/images/final_selected.png
vim-small,899,e3f5dbed7bd31314,546,863,546,848,True,True,True,True,True,ok,data/nips2017/images/e3f5dbed7bd31314.png,outputs/nips2017/nips2017_selected_20260714_195944/vim-small/ablation_and_no_verifier/sample_0899/images/final_selected.png
vim-small,900,e5cf220f8144c192,705,440,705,716,True,True,True,True,True,ok,data/nips2017/images/e5cf220f8144c192.png,outputs/nips2017/nips2017_selected_20260714_195944/vim-small/ablation_and_no_verifier/sample_0900/images/final_selected.png
vim-small,901,e5f15610a22098bb,671,574,671,880,True,True,True,True,True,ok,data/nips2017/images/e5f15610a22098bb.png,outputs/nips2017/nips2017_selected_20260714_195944/vim-small/ablation_and_no_verifier/sample_0901/images/final_selected.png
vim-small,902,e6e677a28e3bd6d7,603,159,603,807,True,True,True,True,True,ok,data/nips2017/images/e6e677a28e3bd6d7.png,outputs/nips2017/nips2017_selected_20260714_195944/vim-small/ablation_and_no_verifier/sample_0902/images/final_selected.png
vim-small,903,e6f2de0c605f1ed3,131,993,133,846,False,True,False,False,True,ok,data/nips2017/images/e6f2de0c605f1ed3.png,outputs/nips2017/nips2017_selected_20260714_195944/vim-small/ablation_and_no_verifier/sample_0903/images/final_selected.png
vim-small,904,e7b61bec5e4ca40e,323,673,323,985,True,True,True,True,True,ok,data/nips2017/images/e7b61bec5e4ca40e.png,outputs/nips2017/nips2017_selected_20260714_195944/vim-small/ablation_and_no_verifier/sample_0904/images/final_selected.png
vim-small,905,e7cafac174e90143,525,115,525,425,True,True,True,True,True,ok,data/nips2017/images/e7cafac174e90143.png,outputs/nips2017/nips2017_selected_20260714_195944/vim-small/ablation_and_no_verifier/sample_0905/images/final_selected.png
vim-small,906,e8c6f75ad26bae84,972,928,972,609,True,True,True,True,True,ok,data/nips2017/images/e8c6f75ad26bae84.png,outputs/nips2017/nips2017_selected_20260714_195944/vim-small/ablation_and_no_verifier/sample_0906/images/final_selected.png
vim-small,907,e8c99e0220ab46d2,590,534,590,761,True,True,True,True,True,ok,data/nips2017/images/e8c99e0220ab46d2.png,outputs/nips2017/nips2017_selected_20260714_195944/vim-small/ablation_and_no_verifier/sample_0907/images/final_selected.png
vim-small,908,e8d5809ee6888f8f,716,640,716,716,True,False,False,False,True,ok,data/nips2017/images/e8d5809ee6888f8f.png,outputs/nips2017/nips2017_selected_20260714_195944/vim-small/ablation_and_no_verifier/sample_0908/images/final_selected.png
vim-small,909,e9ecdf28dc1d5a85,608,191,608,630,True,True,True,True,True,ok,data/nips2017/images/e9ecdf28dc1d5a85.png,outputs/nips2017/nips2017_selected_20260714_195944/vim-small/ablation_and_no_verifier/sample_0909/images/final_selected.png
vim-small,910,e19a59ad09d18497,442,914,442,494,True,True,True,True,True,ok,data/nips2017/images/e19a59ad09d18497.png,outputs/nips2017/nips2017_selected_20260714_195944/vim-small/ablation_and_no_verifier/sample_0910/images/final_selected.png
vim-small,911,e22a1c8dab22f256,310,10,310,77,True,True,True,True,True,ok,data/nips2017/images/e22a1c8dab22f256.png,outputs/nips2017/nips2017_selected_20260714_195944/vim-small/ablation_and_no_verifier/sample_0911/images/final_selected.png
vim-small,912,e37b556e8889d2ec,751,617,751,817,True,True,True,True,True,ok,data/nips2017/images/e37b556e8889d2ec.png,outputs/nips2017/nips2017_selected_20260714_195944/vim-small/ablation_and_no_verifier/sample_0912/images/final_selected.png
vim-small,913,e66d732354c6baf0,300,71,300,42,True,True,True,True,True,ok,data/nips2017/images/e66d732354c6baf0.png,outputs/nips2017/nips2017_selected_20260714_195944/vim-small/ablation_and_no_verifier/sample_0913/images/final_selected.png
vim-small,914,e071bf346787d971,562,989,562,974,True,True,True,True,True,ok,data/nips2017/images/e071bf346787d971.png,outputs/nips2017/nips2017_selected_20260714_195944/vim-small/ablation_and_no_verifier/sample_0914/images/final_selected.png
vim-small,915,e89d48768917f563,458,307,458,844,True,True,True,True,True,ok,data/nips2017/images/e89d48768917f563.png,outputs/nips2017/nips2017_selected_20260714_195944/vim-small/ablation_and_no_verifier/sample_0915/images/final_selected.png
vim-small,916,e91abe0f1a7a30f4,751,494,751,817,True,True,True,True,True,ok,data/nips2017/images/e91abe0f1a7a30f4.png,outputs/nips2017/nips2017_selected_20260714_195944/vim-small/ablation_and_no_verifier/sample_0916/images/final_selected.png
vim-small,917,e95ef0aeeab7b496,888,859,888,979,True,True,True,True,True,ok,data/nips2017/images/e95ef0aeeab7b496.png,outputs/nips2017/nips2017_selected_20260714_195944/vim-small/ablation_and_no_verifier/sample_0917/images/final_selected.png
vim-small,918,e96d52f9fbe3ca0b,630,434,630,514,True,True,True,True,True,ok,data/nips2017/images/e96d52f9fbe3ca0b.png,outputs/nips2017/nips2017_selected_20260714_195944/vim-small/ablation_and_no_verifier/sample_0918/images/final_selected.png
vim-small,919,e99ceff3e420ef95,830,767,830,830,True,False,False,False,True,ok,data/nips2017/images/e99ceff3e420ef95.png,outputs/nips2017/nips2017_selected_20260714_195944/vim-small/ablation_and_no_verifier/sample_0919/images/final_selected.png
vim-small,920,e758de2cbb3d10a0,304,904,304,302,True,True,True,True,True,ok,data/nips2017/images/e758de2cbb3d10a0.png,outputs/nips2017/nips2017_selected_20260714_195944/vim-small/ablation_and_no_verifier/sample_0920/images/final_selected.png
vim-small,921,e957c417fcd20c5b,819,790,819,595,True,True,True,True,True,ok,data/nips2017/images/e957c417fcd20c5b.png,outputs/nips2017/nips2017_selected_20260714_195944/vim-small/ablation_and_no_verifier/sample_0921/images/final_selected.png
vim-small,922,e4941a341ace171a,708,297,708,701,True,True,True,True,True,ok,data/nips2017/images/e4941a341ace171a.png,outputs/nips2017/nips2017_selected_20260714_195944/vim-small/ablation_and_no_verifier/sample_0922/images/final_selected.png
vim-small,923,e5948d6294eb8ca3,886,675,886,974,True,True,True,True,True,ok,data/nips2017/images/e5948d6294eb8ca3.png,outputs/nips2017/nips2017_selected_20260714_195944/vim-small/ablation_and_no_verifier/sample_0923/images/final_selected.png
vim-small,924,e9811aebe8bed6e5,335,409,335,356,True,True,True,True,True,ok,data/nips2017/images/e9811aebe8bed6e5.png,outputs/nips2017/nips2017_selected_20260714_195944/vim-small/ablation_and_no_verifier/sample_0924/images/final_selected.png
vim-small,925,e570258f1bef4ade,366,460,366,469,True,True,True,True,True,ok,data/nips2017/images/e570258f1bef4ade.png,outputs/nips2017/nips2017_selected_20260714_195944/vim-small/ablation_and_no_verifier/sample_0925/images/final_selected.png
vim-small,926,e648427e38e80ff8,887,616,887,578,True,True,True,True,True,ok,data/nips2017/images/e648427e38e80ff8.png,outputs/nips2017/nips2017_selected_20260714_195944/vim-small/ablation_and_no_verifier/sample_0926/images/final_selected.png
vim-small,927,ea65c0ff71e7ceb3,403,736,403,895,True,True,True,True,True,ok,data/nips2017/images/ea65c0ff71e7ceb3.png,outputs/nips2017/nips2017_selected_20260714_195944/vim-small/ablation_and_no_verifier/sample_0927/images/final_selected.png
vim-small,928,eab9755117160864,610,509,610,178,True,True,True,True,True,ok,data/nips2017/images/eab9755117160864.png,outputs/nips2017/nips2017_selected_20260714_195944/vim-small/ablation_and_no_verifier/sample_0928/images/final_selected.png
vim-small,929,eae13c52554a7783,780,847,780,976,True,True,True,True,True,ok,data/nips2017/images/eae13c52554a7783.png,outputs/nips2017/nips2017_selected_20260714_195944/vim-small/ablation_and_no_verifier/sample_0929/images/final_selected.png
vim-small,930,eb8ce5ba5c47e344,668,892,668,437,True,True,True,True,True,ok,data/nips2017/images/eb8ce5ba5c47e344.png,outputs/nips2017/nips2017_selected_20260714_195944/vim-small/ablation_and_no_verifier/sample_0930/images/final_selected.png
vim-small,931,eb53098ebcf05e64,563,600,563,974,True,True,True,True,True,ok,data/nips2017/images/eb53098ebcf05e64.png,outputs/nips2017/nips2017_selected_20260714_195944/vim-small/ablation_and_no_verifier/sample_0931/images/final_selected.png
vim-small,932,ebb4dad78cfd67a9,737,729,737,886,True,True,True,True,True,ok,data/nips2017/images/ebb4dad78cfd67a9.png,outputs/nips2017/nips2017_selected_20260714_195944/vim-small/ablation_and_no_verifier/sample_0932/images/final_selected.png
vim-small,933,ebdfdcba5dc3b72a,867,599,867,974,True,True,True,True,True,ok,data/nips2017/images/ebdfdcba5dc3b72a.png,outputs/nips2017/nips2017_selected_20260714_195944/vim-small/ablation_and_no_verifier/sample_0933/images/final_selected.png
vim-small,934,ec346009f286ffca,119,782,119,939,True,True,True,True,True,ok,data/nips2017/images/ec346009f286ffca.png,outputs/nips2017/nips2017_selected_20260714_195944/vim-small/ablation_and_no_verifier/sample_0934/images/final_selected.png
vim-small,935,ecaf98c8ce9f04c3,560,696,560,450,True,True,True,True,True,ok,data/nips2017/images/ecaf98c8ce9f04c3.png,outputs/nips2017/nips2017_selected_20260714_195944/vim-small/ablation_and_no_verifier/sample_0935/images/final_selected.png
vim-small,936,ecd3a969dd466349,284,692,284,974,True,True,True,True,True,ok,data/nips2017/images/ecd3a969dd466349.png,outputs/nips2017/nips2017_selected_20260714_195944/vim-small/ablation_and_no_verifier/sample_0936/images/final_selected.png
vim-small,937,ed3cb7f5154ae02d,979,746,979,980,True,True,True,True,True,ok,data/nips2017/images/ed3cb7f5154ae02d.png,outputs/nips2017/nips2017_selected_20260714_195944/vim-small/ablation_and_no_verifier/sample_0937/images/final_selected.png
vim-small,938,ed3f9b6a081a4802,817,209,817,479,True,True,True,True,True,ok,data/nips2017/images/ed3f9b6a081a4802.png,outputs/nips2017/nips2017_selected_20260714_195944/vim-small/ablation_and_no_verifier/sample_0938/images/final_selected.png
vim-small,939,ed9b2813b9245e52,879,675,879,735,True,True,True,True,True,ok,data/nips2017/images/ed9b2813b9245e52.png,outputs/nips2017/nips2017_selected_20260714_195944/vim-small/ablation_and_no_verifier/sample_0939/images/final_selected.png
vim-small,940,ed56c7616a8ac010,781,567,781,815,True,True,True,True,True,ok,data/nips2017/images/ed56c7616a8ac010.png,outputs/nips2017/nips2017_selected_20260714_195944/vim-small/ablation_and_no_verifier/sample_0940/images/final_selected.png
vim-small,941,ed786d792c4309a4,498,961,498,867,True,True,True,True,True,ok,data/nips2017/images/ed786d792c4309a4.png,outputs/nips2017/nips2017_selected_20260714_195944/vim-small/ablation_and_no_verifier/sample_0941/images/final_selected.png
vim-small,942,ed3573d0c197fbaf,847,189,847,525,True,True,True,True,True,ok,data/nips2017/images/ed3573d0c197fbaf.png,outputs/nips2017/nips2017_selected_20260714_195944/vim-small/ablation_and_no_verifier/sample_0942/images/final_selected.png
vim-small,943,eee6f4bcc8468f77,963,713,963,443,True,True,True,True,True,ok,data/nips2017/images/eee6f4bcc8468f77.png,outputs/nips2017/nips2017_selected_20260714_195944/vim-small/ablation_and_no_verifier/sample_0943/images/final_selected.png
vim-small,944,ef0e34b8ccb6d42f,981,711,981,720,True,True,True,True,True,ok,data/nips2017/images/ef0e34b8ccb6d42f.png,outputs/nips2017/nips2017_selected_20260714_195944/vim-small/ablation_and_no_verifier/sample_0944/images/final_selected.png
vim-small,945,ef5b1e5a76ae66dc,539,724,539,170,True,True,True,True,True,ok,data/nips2017/images/ef5b1e5a76ae66dc.png,outputs/nips2017/nips2017_selected_20260714_195944/vim-small/ablation_and_no_verifier/sample_0945/images/final_selected.png
vim-small,946,efeabdd8a05e91f8,497,310,497,663,True,True,True,True,True,ok,data/nips2017/images/efeabdd8a05e91f8.png,outputs/nips2017/nips2017_selected_20260714_195944/vim-small/ablation_and_no_verifier/sample_0946/images/final_selected.png
vim-small,947,f0add7f552d2d895,649,542,649,972,True,True,True,True,True,ok,data/nips2017/images/f0add7f552d2d895.png,outputs/nips2017/nips2017_selected_20260714_195944/vim-small/ablation_and_no_verifier/sample_0947/images/final_selected.png
vim-small,948,f0dcd519b5499d48,663,230,663,974,True,True,True,True,True,ok,data/nips2017/images/f0dcd519b5499d48.png,outputs/nips2017/nips2017_selected_20260714_195944/vim-small/ablation_and_no_verifier/sample_0948/images/final_selected.png
vim-small,949,f1a6fdadaa132225,989,17,989,957,True,True,True,True,True,ok,data/nips2017/images/f1a6fdadaa132225.png,outputs/nips2017/nips2017_selected_20260714_195944/vim-small/ablation_and_no_verifier/sample_0949/images/final_selected.png
vim-small,950,f1ce339a44d7a118,97,701,97,83,True,True,True,True,True,ok,data/nips2017/images/f1ce339a44d7a118.png,outputs/nips2017/nips2017_selected_20260714_195944/vim-small/ablation_and_no_verifier/sample_0950/images/final_selected.png
vim-small,951,f2bfa7a95e787fe1,720,217,720,438,True,True,True,True,True,ok,data/nips2017/images/f2bfa7a95e787fe1.png,outputs/nips2017/nips2017_selected_20260714_195944/vim-small/ablation_and_no_verifier/sample_0951/images/final_selected.png
vim-small,952,f2d36d089779166a,348,804,348,222,True,True,True,True,True,ok,data/nips2017/images/f2d36d089779166a.png,outputs/nips2017/nips2017_selected_20260714_195944/vim-small/ablation_and_no_verifier/sample_0952/images/final_selected.png
vim-small,953,f4bde5facfdca0c6,787,193,787,708,True,True,True,True,True,ok,data/nips2017/images/f4bde5facfdca0c6.png,outputs/nips2017/nips2017_selected_20260714_195944/vim-small/ablation_and_no_verifier/sample_0953/images/final_selected.png
vim-small,954,f5a2cf5c66d313fa,976,655,976,978,True,True,True,True,True,ok,data/nips2017/images/f5a2cf5c66d313fa.png,outputs/nips2017/nips2017_selected_20260714_195944/vim-small/ablation_and_no_verifier/sample_0954/images/final_selected.png
vim-small,955,f5b0ed0fbb3b5f74,566,644,566,624,True,True,True,True,True,ok,data/nips2017/images/f5b0ed0fbb3b5f74.png,outputs/nips2017/nips2017_selected_20260714_195944/vim-small/ablation_and_no_verifier/sample_0955/images/final_selected.png
vim-small,956,f5dffe28fc19b6e7,917,729,917,961,True,True,True,True,True,ok,data/nips2017/images/f5dffe28fc19b6e7.png,outputs/nips2017/nips2017_selected_20260714_195944/vim-small/ablation_and_no_verifier/sample_0956/images/final_selected.png
vim-small,957,f6d5c95ce7908a58,560,871,560,830,True,True,True,True,True,ok,data/nips2017/images/f6d5c95ce7908a58.png,outputs/nips2017/nips2017_selected_20260714_195944/vim-small/ablation_and_no_verifier/sample_0957/images/final_selected.png
vim-small,958,f7dd570a0cfe1dcc,668,54,668,497,True,True,True,True,True,ok,data/nips2017/images/f7dd570a0cfe1dcc.png,outputs/nips2017/nips2017_selected_20260714_195944/vim-small/ablation_and_no_verifier/sample_0958/images/final_selected.png
vim-small,959,f08f34c258228251,698,607,698,668,True,True,True,True,True,ok,data/nips2017/images/f08f34c258228251.png,outputs/nips2017/nips2017_selected_20260714_195944/vim-small/ablation_and_no_verifier/sample_0959/images/final_selected.png
vim-small,960,f9f36f7774d73820,304,722,304,307,True,True,True,True,True,ok,data/nips2017/images/f9f36f7774d73820.png,outputs/nips2017/nips2017_selected_20260714_195944/vim-small/ablation_and_no_verifier/sample_0960/images/final_selected.png
vim-small,961,f43fbfe8a9ea876c,883,377,883,738,True,True,True,True,True,ok,data/nips2017/images/f43fbfe8a9ea876c.png,outputs/nips2017/nips2017_selected_20260714_195944/vim-small/ablation_and_no_verifier/sample_0961/images/final_selected.png
vim-small,962,f52db15134c1a74e,637,775,637,912,True,True,True,True,True,ok,data/nips2017/images/f52db15134c1a74e.png,outputs/nips2017/nips2017_selected_20260714_195944/vim-small/ablation_and_no_verifier/sample_0962/images/final_selected.png
vim-small,963,f63d58b5af16091f,715,419,715,883,True,True,True,True,True,ok,data/nips2017/images/f63d58b5af16091f.png,outputs/nips2017/nips2017_selected_20260714_195944/vim-small/ablation_and_no_verifier/sample_0963/images/final_selected.png
vim-small,964,f348adf7ea1967f7,908,414,908,895,True,True,True,True,True,ok,data/nips2017/images/f348adf7ea1967f7.png,outputs/nips2017/nips2017_selected_20260714_195944/vim-small/ablation_and_no_verifier/sample_0964/images/final_selected.png
vim-small,965,f734e87286835196,323,659,323,989,True,True,True,True,True,ok,data/nips2017/images/f734e87286835196.png,outputs/nips2017/nips2017_selected_20260714_195944/vim-small/ablation_and_no_verifier/sample_0965/images/final_selected.png
vim-small,966,f4902a569fa12171,949,991,949,949,True,False,False,False,True,ok,data/nips2017/images/f4902a569fa12171.png,outputs/nips2017/nips2017_selected_20260714_195944/vim-small/ablation_and_no_verifier/sample_0966/images/final_selected.png
vim-small,967,f6437ed4f1b8fe23,301,842,301,113,True,True,True,True,True,ok,data/nips2017/images/f6437ed4f1b8fe23.png,outputs/nips2017/nips2017_selected_20260714_195944/vim-small/ablation_and_no_verifier/sample_0967/images/final_selected.png
vim-small,968,f6515f31b750a573,476,722,476,776,True,True,True,True,True,ok,data/nips2017/images/f6515f31b750a573.png,outputs/nips2017/nips2017_selected_20260714_195944/vim-small/ablation_and_no_verifier/sample_0968/images/final_selected.png
vim-small,969,f7947af6545be760,417,721,417,417,True,False,False,False,True,ok,data/nips2017/images/f7947af6545be760.png,outputs/nips2017/nips2017_selected_20260714_195944/vim-small/ablation_and_no_verifier/sample_0969/images/final_selected.png
vim-small,970,f20783fc38473514,385,773,385,467,True,True,True,True,True,ok,data/nips2017/images/f20783fc38473514.png,outputs/nips2017/nips2017_selected_20260714_195944/vim-small/ablation_and_no_verifier/sample_0970/images/final_selected.png
vim-small,971,f20911d36a287dce,780,491,780,536,True,True,True,True,True,ok,data/nips2017/images/f20911d36a287dce.png,outputs/nips2017/nips2017_selected_20260714_195944/vim-small/ablation_and_no_verifier/sample_0971/images/final_selected.png
vim-small,972,f24817d66024dfb6,741,739,741,497,True,True,True,True,True,ok,data/nips2017/images/f24817d66024dfb6.png,outputs/nips2017/nips2017_selected_20260714_195944/vim-small/ablation_and_no_verifier/sample_0972/images/final_selected.png
vim-small,973,f54616f2af588fd8,672,112,672,354,True,True,True,True,True,ok,data/nips2017/images/f54616f2af588fd8.png,outputs/nips2017/nips2017_selected_20260714_195944/vim-small/ablation_and_no_verifier/sample_0973/images/final_selected.png
vim-small,974,f533740a8d4618ce,287,562,287,276,True,True,True,True,True,ok,data/nips2017/images/f533740a8d4618ce.png,outputs/nips2017/nips2017_selected_20260714_195944/vim-small/ablation_and_no_verifier/sample_0974/images/final_selected.png
vim-small,975,f963957ccfa82f6b,142,7,142,975,True,True,True,True,True,ok,data/nips2017/images/f963957ccfa82f6b.png,outputs/nips2017/nips2017_selected_20260714_195944/vim-small/ablation_and_no_verifier/sample_0975/images/final_selected.png
vim-small,976,f9937696f421f4e4,84,490,84,332,True,True,True,True,True,ok,data/nips2017/images/f9937696f421f4e4.png,outputs/nips2017/nips2017_selected_20260714_195944/vim-small/ablation_and_no_verifier/sample_0976/images/final_selected.png
vim-small,977,f33087679c5e7799,442,587,442,698,True,True,True,True,True,ok,data/nips2017/images/f33087679c5e7799.png,outputs/nips2017/nips2017_selected_20260714_195944/vim-small/ablation_and_no_verifier/sample_0977/images/final_selected.png
vim-small,978,fa2a7d600b62174e,520,571,520,831,True,True,True,True,True,ok,data/nips2017/images/fa2a7d600b62174e.png,outputs/nips2017/nips2017_selected_20260714_195944/vim-small/ablation_and_no_verifier/sample_0978/images/final_selected.png
vim-small,979,fa3aae44c2675e88,770,374,630,630,False,True,False,False,True,ok,data/nips2017/images/fa3aae44c2675e88.png,outputs/nips2017/nips2017_selected_20260714_195944/vim-small/ablation_and_no_verifier/sample_0979/images/final_selected.png
vim-small,980,fa5484e61e455eb2,476,768,476,476,True,False,False,False,True,ok,data/nips2017/images/fa5484e61e455eb2.png,outputs/nips2017/nips2017_selected_20260714_195944/vim-small/ablation_and_no_verifier/sample_0980/images/final_selected.png
vim-small,981,fae45093bad0961a,528,527,528,528,True,False,False,False,True,ok,data/nips2017/images/fae45093bad0961a.png,outputs/nips2017/nips2017_selected_20260714_195944/vim-small/ablation_and_no_verifier/sample_0981/images/final_selected.png
vim-small,982,fae551840c1690fa,719,423,719,719,True,False,False,False,True,ok,data/nips2017/images/fae551840c1690fa.png,outputs/nips2017/nips2017_selected_20260714_195944/vim-small/ablation_and_no_verifier/sample_0982/images/final_selected.png
vim-small,983,fafbad0b3093a886,671,314,671,444,True,True,True,True,True,ok,data/nips2017/images/fafbad0b3093a886.png,outputs/nips2017/nips2017_selected_20260714_195944/vim-small/ablation_and_no_verifier/sample_0983/images/final_selected.png
vim-small,984,fb1efda0b27d5289,847,202,847,974,True,True,True,True,True,ok,data/nips2017/images/fb1efda0b27d5289.png,outputs/nips2017/nips2017_selected_20260714_195944/vim-small/ablation_and_no_verifier/sample_0984/images/final_selected.png
vim-small,985,fbc6b98b13c768e2,458,565,458,892,True,True,True,True,True,ok,data/nips2017/images/fbc6b98b13c768e2.png,outputs/nips2017/nips2017_selected_20260714_195944/vim-small/ablation_and_no_verifier/sample_0985/images/final_selected.png
vim-small,986,fc94d8ed9eca8c51,389,583,29,883,False,True,False,False,True,ok,data/nips2017/images/fc94d8ed9eca8c51.png,outputs/nips2017/nips2017_selected_20260714_195944/vim-small/ablation_and_no_verifier/sample_0986/images/final_selected.png
vim-small,987,fc583c08026e3d74,880,587,880,671,True,True,True,True,True,ok,data/nips2017/images/fc583c08026e3d74.png,outputs/nips2017/nips2017_selected_20260714_195944/vim-small/ablation_and_no_verifier/sample_0987/images/final_selected.png
vim-small,988,fccab516c111d524,649,756,649,972,True,True,True,True,True,ok,data/nips2017/images/fccab516c111d524.png,outputs/nips2017/nips2017_selected_20260714_195944/vim-small/ablation_and_no_verifier/sample_0988/images/final_selected.png
vim-small,989,fccfc3563cd562e1,976,655,976,978,True,True,True,True,True,ok,data/nips2017/images/fccfc3563cd562e1.png,outputs/nips2017/nips2017_selected_20260714_195944/vim-small/ablation_and_no_verifier/sample_0989/images/final_selected.png
vim-small,990,fd26c4733822dfcc,362,450,362,980,True,True,True,True,True,ok,data/nips2017/images/fd26c4733822dfcc.png,outputs/nips2017/nips2017_selected_20260714_195944/vim-small/ablation_and_no_verifier/sample_0990/images/final_selected.png
vim-small,991,fdedd06cdf58084e,981,427,981,805,True,True,True,True,True,ok,data/nips2017/images/fdedd06cdf58084e.png,outputs/nips2017/nips2017_selected_20260714_195944/vim-small/ablation_and_no_verifier/sample_0991/images/final_selected.png
vim-small,992,fe2edb6cad72d2d2,917,487,692,692,False,True,False,False,True,ok,data/nips2017/images/fe2edb6cad72d2d2.png,outputs/nips2017/nips2017_selected_20260714_195944/vim-small/ablation_and_no_verifier/sample_0992/images/final_selected.png
vim-small,993,fe92a88132b5d67b,962,246,962,467,True,True,True,True,True,ok,data/nips2017/images/fe92a88132b5d67b.png,outputs/nips2017/nips2017_selected_20260714_195944/vim-small/ablation_and_no_verifier/sample_0993/images/final_selected.png
vim-small,994,fe1314dd6f75551d,920,564,920,600,True,True,True,True,True,ok,data/nips2017/images/fe1314dd6f75551d.png,outputs/nips2017/nips2017_selected_20260714_195944/vim-small/ablation_and_no_verifier/sample_0994/images/final_selected.png
vim-small,995,fe94909a2fad4ffe,546,964,546,405,True,False,True,False,False,ok,data/nips2017/images/fe94909a2fad4ffe.png,outputs/nips2017/nips2017_selected_20260714_195944/vim-small/ablation_and_no_verifier/sample_0995/images/final_selected.png
vim-small,996,fe193683db61ac2d,743,0,858,972,False,True,False,False,True,ok,data/nips2017/images/fe193683db61ac2d.png,outputs/nips2017/nips2017_selected_20260714_195944/vim-small/ablation_and_no_verifier/sample_0996/images/final_selected.png
vim-small,997,fecd59b8de8ae6f7,819,792,819,830,True,True,True,True,True,ok,data/nips2017/images/fecd59b8de8ae6f7.png,outputs/nips2017/nips2017_selected_20260714_195944/vim-small/ablation_and_no_verifier/sample_0997/images/final_selected.png
vim-small,998,ff5182599937c1ec,324,209,324,325,True,True,True,True,True,ok,data/nips2017/images/ff5182599937c1ec.png,outputs/nips2017/nips2017_selected_20260714_195944/vim-small/ablation_and_no_verifier/sample_0998/images/final_selected.png
vim-small,999,fff35cdcce3cde43,912,408,912,460,True,True,True,True,True,ok,data/nips2017/images/fff35cdcce3cde43.png,outputs/nips2017/nips2017_selected_20260714_195944/vim-small/ablation_and_no_verifier/sample_0999/images/final_selected.png
