model,sample_index,image_id,true_label,target_label,clean_pred,adv_pred,stored_attack_success,quantized_attack_success,dinov3_similarity,dinov3_distance,idsim_similarity,idsim_distance,clean_path,attack_path,source_prompt,prompt_correct_labels,prompt_correct_label_names,prompt_label_match,prompt_corrected_success
swin,0,0aebe24fc257286e,560,314,560,974,True,True,0.8871631622314453,0.11283683776855469,0.8904556035995483,0.10954439640045166,data/nips2017/images/0aebe24fc257286e.png,outputs/nips2017/nips2017_selected_20260714_195944/swin/ablation_and_no_verifier/sample_0000/images/final_selected.png,add light mist,[],[],False,True
swin,1,0af0a5dfee6b84ff,483,807,483,698,True,True,0.7595245838165283,0.24047541618347168,0.8313063979148865,0.16869360208511353,data/nips2017/images/0af0a5dfee6b84ff.png,outputs/nips2017/nips2017_selected_20260714_195944/swin/ablation_and_no_verifier/sample_0001/images/final_selected.png,place in arid plains,[],[],False,True
swin,2,0b1d45bd9ab1064e,560,562,560,461,True,True,0.9037673473358154,0.09623265266418457,0.6095649003982544,0.3904350996017456,data/nips2017/images/0b1d45bd9ab1064e.png,outputs/nips2017/nips2017_selected_20260714_195944/swin/ablation_and_no_verifier/sample_0002/images/final_selected.png,coated in brushed aluminum,[],[],False,True
swin,3,000b7d55b6184b08,388,962,388,294,True,True,0.28788429498672485,0.7121157050132751,0.4167364835739136,0.5832635164260864,data/nips2017/images/000b7d55b6184b08.png,outputs/nips2017/nips2017_selected_20260714_195944/swin/ablation_and_no_verifier/sample_0003/images/final_selected.png,coated in fine moss,[],[],False,True
swin,4,0bd5123017590e39,565,429,565,974,True,True,0.7746359705924988,0.22536402940750122,0.8177021741867065,0.18229782581329346,data/nips2017/images/0bd5123017590e39.png,outputs/nips2017/nips2017_selected_20260714_195944/swin/ablation_and_no_verifier/sample_0004/images/final_selected.png,a photo of freight car in the background,[565],"[""freight car""]",False,True
swin,5,0be391239ccba0f2,718,995,718,975,True,True,0.6034600138664246,0.39653998613357544,0.3905053734779358,0.6094946265220642,data/nips2017/images/0be391239ccba0f2.png,outputs/nips2017/nips2017_selected_20260714_195944/swin/ablation_and_no_verifier/sample_0005/images/final_selected.png,coated in damp moss,[],[],False,True
swin,6,00c3cd597f1ee96f,137,95,137,205,True,True,0.5927841663360596,0.40721583366394043,0.5247666239738464,0.47523337602615356,data/nips2017/images/00c3cd597f1ee96f.png,outputs/nips2017/nips2017_selected_20260714_195944/swin/ablation_and_no_verifier/sample_0006/images/final_selected.png,coated in wet sheen,[],[],False,True
swin,7,0c7ac4a8c9dfa802,305,778,305,302,True,True,0.8181594014167786,0.18184059858322144,0.8141106367111206,0.1858893632888794,data/nips2017/images/0c7ac4a8c9dfa802.png,outputs/nips2017/nips2017_selected_20260714_195944/swin/ablation_and_no_verifier/sample_0007/images/final_selected.png,coated in dark resin,[],[],False,True
swin,8,0ceee9a38409e30c,483,711,483,562,True,True,0.8955338001251221,0.10446619987487793,0.8521319627761841,0.14786803722381592,data/nips2017/images/0ceee9a38409e30c.png,outputs/nips2017/nips2017_selected_20260714_195944/swin/ablation_and_no_verifier/sample_0008/images/final_selected.png,introduce heavy downpour,[],[],False,True
swin,10,0d85e0103989c850,323,721,323,951,True,True,0.8675203323364258,0.13247966766357422,0.7408867478370667,0.25911325216293335,data/nips2017/images/0d85e0103989c850.png,outputs/nips2017/nips2017_selected_20260714_195944/swin/ablation_and_no_verifier/sample_0010/images/final_selected.png,a photo of monarch in the background,[323],"[""monarch""]",False,True
swin,11,0d6463e9a7ef6185,770,785,770,630,True,True,0.8529847860336304,0.14701521396636963,0.6055600643157959,0.3944399356842041,data/nips2017/images/0d6463e9a7ef6185.png,outputs/nips2017/nips2017_selected_20260714_195944/swin/ablation_and_no_verifier/sample_0011/images/final_selected.png,a photo of running shoe in the background,[770],"[""running shoe""]",False,True
swin,12,0d29832e5da60f5f,972,180,972,825,True,True,0.46984243392944336,0.5301575660705566,0.5161885023117065,0.48381149768829346,data/nips2017/images/0d29832e5da60f5f.png,outputs/nips2017/nips2017_selected_20260714_195944/swin/ablation_and_no_verifier/sample_0012/images/final_selected.png,coated in fine moss,[],[],False,True
swin,13,0db0952967f6faa6,815,551,815,733,True,True,0.5247046947479248,0.4752953052520752,0.6874947547912598,0.31250524520874023,data/nips2017/images/0db0952967f6faa6.png,outputs/nips2017/nips2017_selected_20260714_195944/swin/ablation_and_no_verifier/sample_0013/images/final_selected.png,shift to urban setting,[],[],False,True
swin,14,0dffbfa7ba43cb90,961,94,961,964,True,True,0.9377868175506592,0.06221318244934082,0.8102534413337708,0.18974655866622925,data/nips2017/images/0dffbfa7ba43cb90.png,outputs/nips2017/nips2017_selected_20260714_195944/swin/ablation_and_no_verifier/sample_0014/images/final_selected.png,shift to aged parchment,[],[],False,True
swin,15,0e0f1fd2ed183781,113,987,113,974,True,True,0.7968756556510925,0.20312434434890747,0.8658217787742615,0.13417822122573853,data/nips2017/images/0e0f1fd2ed183781.png,outputs/nips2017/nips2017_selected_20260714_195944/swin/ablation_and_no_verifier/sample_0015/images/final_selected.png,introduce light mist,[],[],False,True
swin,16,0e9bdc3ab80b1a71,366,334,366,279,True,True,0.4225423038005829,0.5774576961994171,0.41987717151641846,0.5801228284835815,data/nips2017/images/0e9bdc3ab80b1a71.png,outputs/nips2017/nips2017_selected_20260714_195944/swin/ablation_and_no_verifier/sample_0016/images/final_selected.png,place in sunlit clearing,[],[],False,True
swin,18,0e0299d6352a3fb8,538,3,538,455,True,True,0.298605740070343,0.701394259929657,0.533924400806427,0.466075599193573,data/nips2017/images/0e0299d6352a3fb8.png,outputs/nips2017/nips2017_selected_20260714_195944/swin/ablation_and_no_verifier/sample_0018/images/final_selected.png,coated in aged patina,[],[],False,True
swin,19,0e71473957df4793,877,347,877,742,True,True,0.8480176329612732,0.1519823670387268,0.8778026700019836,0.12219732999801636,data/nips2017/images/0e71473957df4793.png,outputs/nips2017/nips2017_selected_20260714_195944/swin/ablation_and_no_verifier/sample_0019/images/final_selected.png,coated in matte grey,[],[],False,True
swin,20,0ed355357757528d,762,794,762,415,True,True,0.8665052652359009,0.13349473476409912,0.8624637722969055,0.13753622770309448,data/nips2017/images/0ed355357757528d.png,outputs/nips2017/nips2017_selected_20260714_195944/swin/ablation_and_no_verifier/sample_0020/images/final_selected.png,place in an atrium,[],[],False,True
swin,21,0f9d8c86a9f38020,759,117,759,974,True,True,0.9587498903274536,0.04125010967254639,0.9342692494392395,0.0657307505607605,data/nips2017/images/0f9d8c86a9f38020.png,outputs/nips2017/nips2017_selected_20260714_195944/swin/ablation_and_no_verifier/sample_0021/images/final_selected.png,add subtle haze,[],[],False,True
swin,23,1a94dc47fdd84a95,869,829,869,582,True,True,0.20050525665283203,0.799494743347168,0.5236735939979553,0.4763264060020447,data/nips2017/images/1a94dc47fdd84a95.png,outputs/nips2017/nips2017_selected_20260714_195944/swin/ablation_and_no_verifier/sample_0023/images/final_selected.png,place in an old market,[582],"[""grocery store""]",True,False
swin,24,1a680f33500acb4b,931,72,931,470,True,True,0.7705786228179932,0.22942137718200684,0.6382880210876465,0.3617119789123535,data/nips2017/images/1a680f33500acb4b.png,outputs/nips2017/nips2017_selected_20260714_195944/swin/ablation_and_no_verifier/sample_0024/images/final_selected.png,coated in pale wax,[],[],False,True
swin,25,1a7425e8f990e04a,607,675,607,634,True,True,0.7254108786582947,0.2745891213417053,0.41209352016448975,0.5879064798355103,data/nips2017/images/1a7425e8f990e04a.png,outputs/nips2017/nips2017_selected_20260714_195944/swin/ablation_and_no_verifier/sample_0025/images/final_selected.png,a photo of jack-o'-lantern in the background,"[607,955]","[""jack-o'-lantern"",""jackfruit""]",False,True
swin,26,1a264165276e3c85,854,758,854,497,True,True,0.23784668743610382,0.7621533125638962,0.5605056285858154,0.43949437141418457,data/nips2017/images/1a264165276e3c85.png,outputs/nips2017/nips2017_selected_20260714_195944/swin/ablation_and_no_verifier/sample_0026/images/final_selected.png,shift to grand hall,[579],"[""grand piano""]",False,True
swin,27,1a95932427129cda,656,464,656,436,True,True,0.9657716751098633,0.03422832489013672,0.9321204423904419,0.0678795576095581,data/nips2017/images/1a95932427129cda.png,outputs/nips2017/nips2017_selected_20260714_195944/swin/ablation_and_no_verifier/sample_0027/images/final_selected.png,change lighting to dusk,[],[],False,True
swin,28,1ac44ddb6a2d497a,897,26,897,700,True,True,0.8531023263931274,0.14689767360687256,0.8026729822158813,0.19732701778411865,data/nips2017/images/1ac44ddb6a2d497a.png,outputs/nips2017/nips2017_selected_20260714_195944/swin/ablation_and_no_verifier/sample_0028/images/final_selected.png,a photo of washer in the background,[897],"[""washer""]",False,True
swin,29,1b1ffd7000d0749f,959,990,959,532,True,True,0.3299916386604309,0.6700083613395691,0.6088078022003174,0.3911921977996826,data/nips2017/images/1b1ffd7000d0749f.png,outputs/nips2017/nips2017_selected_20260714_195944/swin/ablation_and_no_verifier/sample_0029/images/final_selected.png,place in rustic kitchen,[],[],False,True
swin,31,1b57d7bbd673c771,422,926,422,778,True,True,0.4606029689311981,0.5393970310688019,0.7618387937545776,0.23816120624542236,data/nips2017/images/1b57d7bbd673c771.png,outputs/nips2017/nips2017_selected_20260714_195944/swin/ablation_and_no_verifier/sample_0031/images/final_selected.png,shift to industrial setting,[],[],False,True
swin,32,1b546695167d3f6e,959,836,959,908,True,True,0.782365083694458,0.217634916305542,0.6896185874938965,0.3103814125061035,data/nips2017/images/1b546695167d3f6e.png,outputs/nips2017/nips2017_selected_20260714_195944/swin/ablation_and_no_verifier/sample_0032/images/final_selected.png,dim the ambient light,[],[],False,True
swin,33,1ba816dc6937b62d,859,767,859,974,True,True,0.8558266162872314,0.14417338371276855,0.8744745254516602,0.12552547454833984,data/nips2017/images/1ba816dc6937b62d.png,outputs/nips2017/nips2017_selected_20260714_195944/swin/ablation_and_no_verifier/sample_0033/images/final_selected.png,add gentle morning mist,[],[],False,True
swin,35,01bdc0cfe670f708,471,540,471,730,True,True,0.8997621536254883,0.10023784637451172,0.602791428565979,0.397208571434021,data/nips2017/images/01bdc0cfe670f708.png,outputs/nips2017/nips2017_selected_20260714_195944/swin/ablation_and_no_verifier/sample_0035/images/final_selected.png,coated in verdigris,[],[],False,True
swin,36,1be47d60e0156bbb,649,911,649,972,True,True,0.30760645866394043,0.6923935413360596,0.5112704634666443,0.4887295365333557,data/nips2017/images/1be47d60e0156bbb.png,outputs/nips2017/nips2017_selected_20260714_195944/swin/ablation_and_no_verifier/sample_0036/images/final_selected.png,place in arid canyon,[],[],False,True
swin,37,1c2e9fe8b0b2fdf2,57,904,57,41,True,True,0.577364444732666,0.422635555267334,0.5892261266708374,0.4107738733291626,data/nips2017/images/1c2e9fe8b0b2fdf2.png,outputs/nips2017/nips2017_selected_20260714_195944/swin/ablation_and_no_verifier/sample_0037/images/final_selected.png,a photo of garter snake in the background,[57],"[""garter snake""]",False,True
swin,38,1c924877ccc60129,409,566,409,835,True,True,0.9197834730148315,0.08021652698516846,0.7457558512687683,0.2542441487312317,data/nips2017/images/1c924877ccc60129.png,outputs/nips2017/nips2017_selected_20260714_195944/swin/ablation_and_no_verifier/sample_0038/images/final_selected.png,coated in aged patina,[],[],False,True
swin,39,1cbae41091a750dc,472,813,472,974,True,True,0.8353931903839111,0.16460680961608887,0.895351767539978,0.10464823246002197,data/nips2017/images/1cbae41091a750dc.png,outputs/nips2017/nips2017_selected_20260714_195944/swin/ablation_and_no_verifier/sample_0039/images/final_selected.png,introduce gentle mist,[],[],False,True
swin,40,1cc2caf8e5db27c3,430,606,430,332,True,True,0.8923968076705933,0.10760319232940674,0.8543872833251953,0.1456127166748047,data/nips2017/images/1cc2caf8e5db27c3.png,outputs/nips2017/nips2017_selected_20260714_195944/swin/ablation_and_no_verifier/sample_0040/images/final_selected.png,introduce light mist,[],[],False,True
swin,41,1cfa5381359bff9f,421,851,421,888,True,True,0.7494343519210815,0.25056564807891846,0.3856406807899475,0.6143593192100525,data/nips2017/images/1cfa5381359bff9f.png,outputs/nips2017/nips2017_selected_20260714_195944/swin/ablation_and_no_verifier/sample_0041/images/final_selected.png,a photo of bannister in the background,[421],"[""bannister""]",False,True
swin,42,1d4133f5bc7af193,140,910,140,139,True,True,0.6626515984535217,0.33734840154647827,0.5949994325637817,0.40500056743621826,data/nips2017/images/1d4133f5bc7af193.png,outputs/nips2017/nips2017_selected_20260714_195944/swin/ablation_and_no_verifier/sample_0042/images/final_selected.png,a photo of red-backed sandpiper in the background,[140],"[""red-backed sandpiper""]",False,True
swin,43,1d5361e858fe8462,498,522,498,854,True,True,0.8699318170547485,0.13006818294525146,0.687742292881012,0.31225770711898804,data/nips2017/images/1d5361e858fe8462.png,outputs/nips2017/nips2017_selected_20260714_195944/swin/ablation_and_no_verifier/sample_0043/images/final_selected.png,covered in brushed bronze,[],[],False,True
swin,44,1dc0533f87996962,565,852,565,675,True,True,0.8890511989593506,0.11094880104064941,0.9134899973869324,0.08651000261306763,data/nips2017/images/1dc0533f87996962.png,outputs/nips2017/nips2017_selected_20260714_195944/swin/ablation_and_no_verifier/sample_0044/images/final_selected.png,place near warehouse entrance,[],[],False,True
swin,45,01dd15caa1b2c7b4,303,550,303,311,True,True,0.7056804895401001,0.2943195104598999,0.6467323303222656,0.3532676696777344,data/nips2017/images/01dd15caa1b2c7b4.png,outputs/nips2017/nips2017_selected_20260714_195944/swin/ablation_and_no_verifier/sample_0045/images/final_selected.png,coated in fine moss,[],[],False,True
swin,46,1df5e1adad21d618,404,555,404,872,True,True,0.8770606517791748,0.1229393482208252,0.7760127782821655,0.22398722171783447,data/nips2017/images/1df5e1adad21d618.png,outputs/nips2017/nips2017_selected_20260714_195944/swin/ablation_and_no_verifier/sample_0046/images/final_selected.png,a photo of airliner in the background,[404],"[""airliner""]",False,True
swin,47,1dfbeffd999f280e,581,568,581,751,True,True,0.7171105146408081,0.2828894853591919,0.6944140195846558,0.30558598041534424,data/nips2017/images/1dfbeffd999f280e.png,outputs/nips2017/nips2017_selected_20260714_195944/swin/ablation_and_no_verifier/sample_0047/images/final_selected.png,place in studio setting,[],[],False,True
swin,48,1e4bb9fd37654da6,819,537,819,413,True,True,0.3380591869354248,0.6619408130645752,0.792624831199646,0.207375168800354,data/nips2017/images/1e4bb9fd37654da6.png,outputs/nips2017/nips2017_selected_20260714_195944/swin/ablation_and_no_verifier/sample_0048/images/final_selected.png,shift to open field,[],[],False,True
swin,50,1e408a8d1e2cdc74,768,778,768,646,True,True,0.7419568300247192,0.25804316997528076,0.7501883506774902,0.24981164932250977,data/nips2017/images/1e408a8d1e2cdc74.png,outputs/nips2017/nips2017_selected_20260714_195944/swin/ablation_and_no_verifier/sample_0050/images/final_selected.png,covered in damp moss,[],[],False,True
swin,51,1e26772fc8c493bb,415,13,415,952,True,True,0.819164514541626,0.18083548545837402,0.8111068606376648,0.1888931393623352,data/nips2017/images/1e26772fc8c493bb.png,outputs/nips2017/nips2017_selected_20260714_195944/swin/ablation_and_no_verifier/sample_0051/images/final_selected.png,a photo of bakery in the background,[415],"[""bakery""]",False,True
swin,52,1e77361718213a43,439,434,439,875,True,True,0.735226035118103,0.264773964881897,0.7063969373703003,0.2936030626296997,data/nips2017/images/1e77361718213a43.png,outputs/nips2017/nips2017_selected_20260714_195944/swin/ablation_and_no_verifier/sample_0052/images/final_selected.png,a photo of bearskin in the background,[439],"[""bearskin""]",False,True
swin,53,1ebff1b3c8de66de,336,809,336,81,True,True,0.22753950953483582,0.7724604904651642,0.23738616704940796,0.762613832950592,data/nips2017/images/1ebff1b3c8de66de.png,outputs/nips2017/nips2017_selected_20260714_195944/swin/ablation_and_no_verifier/sample_0053/images/final_selected.png,coated in damp earth,[],[],False,True
swin,54,1ef172b89f4a39cf,50,535,50,30,True,True,0.7187798619270325,0.28122013807296753,0.6356086134910583,0.36439138650894165,data/nips2017/images/1ef172b89f4a39cf.png,outputs/nips2017/nips2017_selected_20260714_195944/swin/ablation_and_no_verifier/sample_0054/images/final_selected.png,covered in slick algae,[],[],False,True
swin,55,1f3f949ccbc81c93,303,665,303,307,True,True,0.7720339894294739,0.22796601057052612,0.49948135018348694,0.5005186498165131,data/nips2017/images/1f3f949ccbc81c93.png,outputs/nips2017/nips2017_selected_20260714_195944/swin/ablation_and_no_verifier/sample_0055/images/final_selected.png,coated in fine dust,[],[],False,True
swin,56,1f7c25207bc3e303,475,978,475,703,True,True,0.7467985153198242,0.2532014846801758,0.6289883852005005,0.3710116147994995,data/nips2017/images/1f7c25207bc3e303.png,outputs/nips2017/nips2017_selected_20260714_195944/swin/ablation_and_no_verifier/sample_0056/images/final_selected.png,place scene in cobblestone alley,[],[],False,True
swin,57,1f4227ce24232867,33,941,33,109,True,True,0.7454472780227661,0.2545527219772339,0.6442306041717529,0.35576939582824707,data/nips2017/images/1f4227ce24232867.png,outputs/nips2017/nips2017_selected_20260714_195944/swin/ablation_and_no_verifier/sample_0057/images/final_selected.png,covered in algae growth,[],[],False,True
swin,58,1f71668ab3dbe81b,708,966,708,501,True,True,0.4773797392845154,0.5226202607154846,0.5517683029174805,0.44823169708251953,data/nips2017/images/1f71668ab3dbe81b.png,outputs/nips2017/nips2017_selected_20260714_195944/swin/ablation_and_no_verifier/sample_0058/images/final_selected.png,a photo of pedestal in the background,[708],"[""pedestal""]",False,True
swin,59,01f824264783f58d,967,677,967,925,True,True,0.47657841444015503,0.523421585559845,0.4338974356651306,0.5661025643348694,data/nips2017/images/01f824264783f58d.png,outputs/nips2017/nips2017_selected_20260714_195944/swin/ablation_and_no_verifier/sample_0059/images/final_selected.png,coated in dark glaze,[],[],False,True
swin,60,01fa4be27dd11b5d,450,828,450,802,True,True,0.6595115661621094,0.3404884338378906,0.70075523853302,0.29924476146698,data/nips2017/images/01fa4be27dd11b5d.png,outputs/nips2017/nips2017_selected_20260714_195944/swin/ablation_and_no_verifier/sample_0060/images/final_selected.png,a photo of bobsled in the background,[450],"[""bobsled""]",False,True
swin,62,2abcab3d77d4767e,442,519,442,437,True,True,0.9158028960227966,0.08419710397720337,0.8787456750869751,0.1212543249130249,data/nips2017/images/2abcab3d77d4767e.png,outputs/nips2017/nips2017_selected_20260714_195944/swin/ablation_and_no_verifier/sample_0062/images/final_selected.png,a photo of bell cote in the background,"[442,494]","[""bell cote"",""chime""]",False,True
swin,64,2b741c5c635a7295,107,633,107,566,True,True,0.6942896842956543,0.3057103157043457,0.8233315944671631,0.17666840553283691,data/nips2017/images/2b741c5c635a7295.png,outputs/nips2017/nips2017_selected_20260714_195944/swin/ablation_and_no_verifier/sample_0064/images/final_selected.png,coated in opalescent film,[],[],False,True
swin,65,2ba52bcf59097dc8,970,849,970,972,True,True,0.7188795804977417,0.2811204195022583,0.7312667369842529,0.26873326301574707,data/nips2017/images/2ba52bcf59097dc8.png,outputs/nips2017/nips2017_selected_20260714_195944/swin/ablation_and_no_verifier/sample_0065/images/final_selected.png,introduce light mist,[],[],False,True
swin,66,2bc6c55a0ab24f86,785,696,785,423,True,True,0.6076878905296326,0.39231210947036743,0.5160658359527588,0.4839341640472412,data/nips2017/images/2bc6c55a0ab24f86.png,outputs/nips2017/nips2017_selected_20260714_195944/swin/ablation_and_no_verifier/sample_0066/images/final_selected.png,place in dimly lit cabin,[],[],False,True
swin,67,2c54b60a2851b8ed,656,576,656,974,True,True,0.9354200959205627,0.06457990407943726,0.8290151953697205,0.17098480463027954,data/nips2017/images/2c54b60a2851b8ed.png,outputs/nips2017/nips2017_selected_20260714_195944/swin/ablation_and_no_verifier/sample_0067/images/final_selected.png,change lighting to dusk,[],[],False,True
swin,68,2c065d2dc6b2cf44,933,462,933,441,True,True,0.758873701095581,0.24112629890441895,0.7261840105056763,0.27381598949432373,data/nips2017/images/2c065d2dc6b2cf44.png,outputs/nips2017/nips2017_selected_20260714_195944/swin/ablation_and_no_verifier/sample_0068/images/final_selected.png,apply warm evening glow,[],[],False,True
swin,69,2c9398f44d099e0f,521,481,521,124,True,True,0.7227755784988403,0.27722442150115967,0.7350291013717651,0.26497089862823486,data/nips2017/images/2c9398f44d099e0f.png,outputs/nips2017/nips2017_selected_20260714_195944/swin/ablation_and_no_verifier/sample_0069/images/final_selected.png,a photo of Crock Pot in the background,"[521,738]","[""crock pot"",""pot""]",False,True
swin,70,2d23b1dab7e3e9c0,510,970,510,974,True,True,0.8997725248336792,0.1002274751663208,0.8955519199371338,0.10444808006286621,data/nips2017/images/2d23b1dab7e3e9c0.png,outputs/nips2017/nips2017_selected_20260714_195944/swin/ablation_and_no_verifier/sample_0070/images/final_selected.png,add light sea mist,[],[],False,True
swin,72,02dbe78a73db2808,974,254,974,980,True,True,0.7118492126464844,0.2881507873535156,0.6356874704360962,0.3643125295639038,data/nips2017/images/02dbe78a73db2808.png,outputs/nips2017/nips2017_selected_20260714_195944/swin/ablation_and_no_verifier/sample_0072/images/final_selected.png,change light to dusk,[],[],False,True
swin,73,2e9b377877f64b3d,498,705,498,974,True,True,0.7987154126167297,0.20128458738327026,0.834945559501648,0.16505444049835205,data/nips2017/images/2e9b377877f64b3d.png,outputs/nips2017/nips2017_selected_20260714_195944/swin/ablation_and_no_verifier/sample_0073/images/final_selected.png,a photo of cinema in the background,[498],"[""cinema""]",False,True
swin,74,2e854fca826e54b3,857,595,857,974,True,True,0.9418689012527466,0.05813109874725342,0.9280364513397217,0.07196354866027832,data/nips2017/images/2e854fca826e54b3.png,outputs/nips2017/nips2017_selected_20260714_195944/swin/ablation_and_no_verifier/sample_0074/images/final_selected.png,add light mist,[],[],False,True
swin,76,02eb799d147d5f91,624,772,624,938,True,True,0.5694200992584229,0.43057990074157715,0.6377780437469482,0.36222195625305176,data/nips2017/images/02eb799d147d5f91.png,outputs/nips2017/nips2017_selected_20260714_195944/swin/ablation_and_no_verifier/sample_0076/images/final_selected.png,a photo of library in the background,[624],"[""library""]",False,True
swin,77,2ed718f6db9785f8,518,842,518,450,True,True,0.7885122299194336,0.2114877700805664,0.7039579749107361,0.2960420250892639,data/nips2017/images/2ed718f6db9785f8.png,outputs/nips2017/nips2017_selected_20260714_195944/swin/ablation_and_no_verifier/sample_0077/images/final_selected.png,a photo of crash helmet in the background,[518],"[""crash helmet""]",False,True
swin,78,2ee4c1b2b9bcc6c8,762,784,762,664,True,True,0.8310866355895996,0.1689133644104004,0.7258232235908508,0.27417677640914917,data/nips2017/images/2ee4c1b2b9bcc6c8.png,outputs/nips2017/nips2017_selected_20260714_195944/swin/ablation_and_no_verifier/sample_0078/images/final_selected.png,shift to twilight setting,[],[],False,True
swin,79,2efe4916e679e875,865,925,865,524,True,True,0.6266504526138306,0.37334954738616943,0.6057064533233643,0.39429354667663574,data/nips2017/images/2efe4916e679e875.png,outputs/nips2017/nips2017_selected_20260714_195944/swin/ablation_and_no_verifier/sample_0079/images/final_selected.png,a photo of toyshop in the background,[865],"[""toyshop""]",False,True
swin,80,2f7d5ff922af55c4,480,632,480,884,True,True,0.4351136386394501,0.5648863613605499,0.4380267858505249,0.5619732141494751,data/nips2017/images/2f7d5ff922af55c4.png,outputs/nips2017/nips2017_selected_20260714_195944/swin/ablation_and_no_verifier/sample_0080/images/final_selected.png,place in marble hall,[],[],False,True
swin,81,2fc17ec1fad5d947,873,928,873,974,True,True,0.8353237509727478,0.1646762490272522,0.8922855854034424,0.10771441459655762,data/nips2017/images/2fc17ec1fad5d947.png,outputs/nips2017/nips2017_selected_20260714_195944/swin/ablation_and_no_verifier/sample_0081/images/final_selected.png,introduce light mist,[],[],False,True
swin,82,3a7d9bd310202e93,789,659,789,519,True,True,0.8141305446624756,0.18586945533752441,0.660673975944519,0.33932602405548096,data/nips2017/images/3a7d9bd310202e93.png,outputs/nips2017/nips2017_selected_20260714_195944/swin/ablation_and_no_verifier/sample_0082/images/final_selected.png,covered in aged paper,[],[],False,True
swin,84,3b67bec3793efcb4,821,745,821,818,True,True,0.8972138166427612,0.10278618335723877,0.6609010100364685,0.3390989899635315,data/nips2017/images/3b67bec3793efcb4.png,outputs/nips2017/nips2017_selected_20260714_195944/swin/ablation_and_no_verifier/sample_0084/images/final_selected.png,a photo of steel arch bridge in the background,[821],"[""steel arch bridge""]",False,True
swin,86,3bfe9ff7b488485d,705,709,705,974,True,True,0.9155747294425964,0.08442527055740356,0.9342380166053772,0.0657619833946228,data/nips2017/images/3bfe9ff7b488485d.png,outputs/nips2017/nips2017_selected_20260714_195944/swin/ablation_and_no_verifier/sample_0086/images/final_selected.png,place scene in depot,[],[],False,True
swin,87,3c970c84b598f2d9,779,596,779,867,True,True,0.027632996439933777,0.9723670035600662,0.3188435435295105,0.6811564564704895,data/nips2017/images/3c970c84b598f2d9.png,outputs/nips2017/nips2017_selected_20260714_195944/swin/ablation_and_no_verifier/sample_0087/images/final_selected.png,place near open highway,[],[],False,True
swin,88,3cf4bb0637d0f182,861,51,861,974,True,True,0.620978593826294,0.37902140617370605,0.6471164226531982,0.35288357734680176,data/nips2017/images/3cf4bb0637d0f182.png,outputs/nips2017/nips2017_selected_20260714_195944/swin/ablation_and_no_verifier/sample_0088/images/final_selected.png,a photo of toilet seat in the background,[861],"[""toilet seat""]",False,True
swin,89,3d6e530955c60759,511,891,511,479,True,True,0.8625736236572266,0.13742637634277344,0.8269900679588318,0.1730099320411682,data/nips2017/images/3d6e530955c60759.png,outputs/nips2017/nips2017_selected_20260714_195944/swin/ablation_and_no_verifier/sample_0089/images/final_selected.png,introduce light drizzle,[],[],False,True
swin,90,3d75d9676ad6361c,150,516,150,48,True,True,0.6944035291671753,0.3055964708328247,0.6766775250434875,0.32332247495651245,data/nips2017/images/3d75d9676ad6361c.png,outputs/nips2017/nips2017_selected_20260714_195944/swin/ablation_and_no_verifier/sample_0090/images/final_selected.png,a photo of sea lion in the background,"[150,291]","[""sea lion"",""lion""]",False,True
swin,92,3df888fc3b1df464,954,382,954,499,True,True,0.35275596380233765,0.6472440361976624,0.4379369616508484,0.5620630383491516,data/nips2017/images/3df888fc3b1df464.png,outputs/nips2017/nips2017_selected_20260714_195944/swin/ablation_and_no_verifier/sample_0092/images/final_selected.png,place in dark kitchen,[],[],False,True
swin,93,3dfbdd066af9ca1e,820,4,820,847,True,True,0.8076750040054321,0.19232499599456787,0.804909884929657,0.19509011507034302,data/nips2017/images/3dfbdd066af9ca1e.png,outputs/nips2017/nips2017_selected_20260714_195944/swin/ablation_and_no_verifier/sample_0093/images/final_selected.png,place near foggy moor,[],[],False,True
swin,95,3e7b01ba495f15f9,707,409,707,480,True,True,0.8555337190628052,0.14446628093719482,0.771438479423523,0.22856152057647705,data/nips2017/images/3e7b01ba495f15f9.png,outputs/nips2017/nips2017_selected_20260714_195944/swin/ablation_and_no_verifier/sample_0095/images/final_selected.png,apply soft afternoon haze,[],[],False,True
swin,96,3e8bf1eee7083f6e,630,682,630,884,True,True,0.08024571090936661,0.9197542890906334,0.588327169418335,0.41167283058166504,data/nips2017/images/3e8bf1eee7083f6e.png,outputs/nips2017/nips2017_selected_20260714_195944/swin/ablation_and_no_verifier/sample_0096/images/final_selected.png,place in stone corridor,[],[],False,True
swin,97,3e9496f7652e1968,468,833,468,436,True,True,0.9252469539642334,0.0747530460357666,0.8625324964523315,0.13746750354766846,data/nips2017/images/3e9496f7652e1968.png,outputs/nips2017/nips2017_selected_20260714_195944/swin/ablation_and_no_verifier/sample_0097/images/final_selected.png,coated in matte paint,[],[],False,True
swin,98,3ece3c1f94e4141a,331,14,331,287,True,True,0.6410807371139526,0.35891926288604736,0.6831626892089844,0.3168373107910156,data/nips2017/images/3ece3c1f94e4141a.png,outputs/nips2017/nips2017_selected_20260714_195944/swin/ablation_and_no_verifier/sample_0098/images/final_selected.png,a photo of hare in the background,[331],"[""hare""]",False,True
swin,99,3eded0a8d5f16059,99,456,99,975,True,True,0.7927260398864746,0.2072739601135254,0.6680323481559753,0.33196765184402466,data/nips2017/images/3eded0a8d5f16059.png,outputs/nips2017/nips2017_selected_20260714_195944/swin/ablation_and_no_verifier/sample_0099/images/final_selected.png,a photo of goose in the background,[99],"[""goose""]",False,True
swin,102,3f40eba168e5d385,514,935,514,339,True,True,0.5179103016853333,0.48208969831466675,0.6805389523506165,0.31946104764938354,data/nips2017/images/3f40eba168e5d385.png,outputs/nips2017/nips2017_selected_20260714_195944/swin/ablation_and_no_verifier/sample_0102/images/final_selected.png,place in sunlit stable,[],[],False,True
swin,103,3f48b1e74589d310,652,507,652,524,True,True,0.8857860565185547,0.11421394348144531,0.5570554733276367,0.4429445266723633,data/nips2017/images/3f48b1e74589d310.png,outputs/nips2017/nips2017_selected_20260714_195944/swin/ablation_and_no_verifier/sample_0103/images/final_selected.png,coated in polished brass,[458],"[""brass""]",False,True
swin,104,03f90f7138f761e8,663,489,663,497,True,True,0.9126899242401123,0.0873100757598877,0.881851851940155,0.11814814805984497,data/nips2017/images/03f90f7138f761e8.png,outputs/nips2017/nips2017_selected_20260714_195944/swin/ablation_and_no_verifier/sample_0104/images/final_selected.png,change light to dusk,[],[],False,True
swin,105,4a0bac33f8e81e60,406,856,406,884,True,True,0.8259104490280151,0.17408955097198486,0.8560224771499634,0.14397752285003662,data/nips2017/images/4a0bac33f8e81e60.png,outputs/nips2017/nips2017_selected_20260714_195944/swin/ablation_and_no_verifier/sample_0105/images/final_selected.png,covered in aged parchment,[],[],False,True
swin,106,4a1a40a116088962,597,623,597,777,True,True,0.8236573338508606,0.1763426661491394,0.664358377456665,0.33564162254333496,data/nips2017/images/4a1a40a116088962.png,outputs/nips2017/nips2017_selected_20260714_195944/swin/ablation_and_no_verifier/sample_0106/images/final_selected.png,a photo of holster in the background,[597],"[""holster""]",False,True
swin,107,4a1a488e8a975f7c,919,832,919,517,True,True,0.8617197275161743,0.13828027248382568,0.5905568599700928,0.4094431400299072,data/nips2017/images/4a1a488e8a975f7c.png,outputs/nips2017/nips2017_selected_20260714_195944/swin/ablation_and_no_verifier/sample_0107/images/final_selected.png,coated in oxidized copper,[],[],False,True
swin,108,4a251fb6d80b5137,799,81,799,556,True,True,0.6806515455245972,0.31934845447540283,0.5764248371124268,0.42357516288757324,data/nips2017/images/4a251fb6d80b5137.png,outputs/nips2017/nips2017_selected_20260714_195944/swin/ablation_and_no_verifier/sample_0108/images/final_selected.png,coated in aged copper,[],[],False,True
swin,110,4aeb33c9e565a201,97,839,97,20,True,True,0.8673643469810486,0.13263565301895142,0.7686501741409302,0.23134982585906982,data/nips2017/images/4aeb33c9e565a201.png,outputs/nips2017/nips2017_selected_20260714_195944/swin/ablation_and_no_verifier/sample_0110/images/final_selected.png,a photo of drake in the background,[97],"[""drake""]",False,True
swin,111,4b0c9bf2584b35d3,959,78,959,923,True,True,0.9315287470817566,0.06847125291824341,0.8823574781417847,0.11764252185821533,data/nips2017/images/4b0c9bf2584b35d3.png,outputs/nips2017/nips2017_selected_20260714_195944/swin/ablation_and_no_verifier/sample_0111/images/final_selected.png,coated in golden sheen,[],[],False,True
swin,113,4b384c8247b56c0a,541,924,541,974,True,True,0.781810998916626,0.21818900108337402,0.7519272565841675,0.24807274341583252,data/nips2017/images/4b384c8247b56c0a.png,outputs/nips2017/nips2017_selected_20260714_195944/swin/ablation_and_no_verifier/sample_0113/images/final_selected.png,introduce soft ambient haze,[],[],False,True
swin,114,4b8517e927f32962,865,270,865,582,True,True,0.7240926027297974,0.27590739727020264,0.807275652885437,0.192724347114563,data/nips2017/images/4b8517e927f32962.png,outputs/nips2017/nips2017_selected_20260714_195944/swin/ablation_and_no_verifier/sample_0114/images/final_selected.png,place in brightly lit aisle,[],[],False,True
swin,115,4bb12984b41d0834,33,7,33,34,True,True,0.930617094039917,0.06938290596008301,0.9308767318725586,0.0691232681274414,data/nips2017/images/4bb12984b41d0834.png,outputs/nips2017/nips2017_selected_20260714_195944/swin/ablation_and_no_verifier/sample_0115/images/final_selected.png,add gentle sea mist,[],[],False,True
swin,116,4bdb561770b52424,146,183,146,974,True,True,0.14723485708236694,0.8527651429176331,0.19950681924819946,0.8004931807518005,data/nips2017/images/4bdb561770b52424.png,outputs/nips2017/nips2017_selected_20260714_195944/swin/ablation_and_no_verifier/sample_0116/images/final_selected.png,shift to distant fog bank,[],[],False,True
swin,117,04c1bde5affb7b5b,652,679,652,557,True,True,0.8837093114852905,0.11629068851470947,0.9167057275772095,0.08329427242279053,data/nips2017/images/04c1bde5affb7b5b.png,outputs/nips2017/nips2017_selected_20260714_195944/swin/ablation_and_no_verifier/sample_0117/images/final_selected.png,add subtle haze,[],[],False,True
swin,118,4c8a4414419ab0bb,661,847,661,847,True,True,0.7804539203643799,0.21954607963562012,0.7909271717071533,0.20907282829284668,data/nips2017/images/4c8a4414419ab0bb.png,outputs/nips2017/nips2017_selected_20260714_195944/swin/ablation_and_no_verifier/sample_0118/images/final_selected.png,move to dusty road,[],[],False,True
swin,119,4ca02fd28a5e9703,995,238,995,996,True,True,0.6207014918327332,0.37929850816726685,0.30015188455581665,0.6998481154441833,data/nips2017/images/4ca02fd28a5e9703.png,outputs/nips2017/nips2017_selected_20260714_195944/swin/ablation_and_no_verifier/sample_0119/images/final_selected.png,a photo of earthstar in the background,[995],"[""earthstar""]",False,True
swin,120,04cb9de291399d15,464,450,464,974,True,True,0.8166292905807495,0.1833707094192505,0.9072136878967285,0.09278631210327148,data/nips2017/images/04cb9de291399d15.png,outputs/nips2017/nips2017_selected_20260714_195944/swin/ablation_and_no_verifier/sample_0120/images/final_selected.png,introduce gentle haze,[],[],False,True
swin,121,4cccb215bd60b3c3,32,340,32,974,True,True,0.8852040767669678,0.11479592323303223,0.9178531169891357,0.08214688301086426,data/nips2017/images/4cccb215bd60b3c3.png,outputs/nips2017/nips2017_selected_20260714_195944/swin/ablation_and_no_verifier/sample_0121/images/final_selected.png,add light mist,[],[],False,True
swin,122,4cd90a6459ce9571,718,621,718,976,True,True,0.4831421673297882,0.5168578326702118,0.5213215351104736,0.47867846488952637,data/nips2017/images/4cd90a6459ce9571.png,outputs/nips2017/nips2017_selected_20260714_195944/swin/ablation_and_no_verifier/sample_0122/images/final_selected.png,place scene near cliffs,[],[],False,True
swin,123,4d0c0f35a0c00bdc,679,431,679,108,True,True,0.6008318662643433,0.39916813373565674,0.6923224329948425,0.30767756700515747,data/nips2017/images/4d0c0f35a0c00bdc.png,outputs/nips2017/nips2017_selected_20260714_195944/swin/ablation_and_no_verifier/sample_0123/images/final_selected.png,coated in pale moss,[],[],False,True
swin,124,4d1237ccbd9a5b4b,814,422,814,868,True,True,0.8896138668060303,0.11038613319396973,0.6575694680213928,0.3424305319786072,data/nips2017/images/4d1237ccbd9a5b4b.png,outputs/nips2017/nips2017_selected_20260714_195944/swin/ablation_and_no_verifier/sample_0124/images/final_selected.png,coated in polished chrome,[],[],False,True
swin,125,4d008626b4b68665,107,779,107,108,True,True,0.41374510526657104,0.586254894733429,0.28531360626220703,0.714686393737793,data/nips2017/images/4d008626b4b68665.png,outputs/nips2017/nips2017_selected_20260714_195944/swin/ablation_and_no_verifier/sample_0125/images/final_selected.png,a photo of jellyfish in the background,[107],"[""jellyfish""]",False,True
swin,126,4dc360d125c9238c,526,839,526,729,True,True,0.7974728345870972,0.20252716541290283,0.7474395632743835,0.25256043672561646,data/nips2017/images/4dc360d125c9238c.png,outputs/nips2017/nips2017_selected_20260714_195944/swin/ablation_and_no_verifier/sample_0126/images/final_selected.png,covered in aged parchment,[],[],False,True
swin,127,4de063bd5b838f11,1,288,1,971,True,True,0.8786621689796448,0.12133783102035522,0.535241961479187,0.464758038520813,data/nips2017/images/4de063bd5b838f11.png,outputs/nips2017/nips2017_selected_20260714_195944/swin/ablation_and_no_verifier/sample_0127/images/final_selected.png,coated in iridescent sheen,[],[],False,True
swin,128,4e1bdcb677f21fb4,873,778,873,698,True,True,0.6065638065338135,0.3934361934661865,0.7167078852653503,0.28329211473464966,data/nips2017/images/4e1bdcb677f21fb4.png,outputs/nips2017/nips2017_selected_20260714_195944/swin/ablation_and_no_verifier/sample_0128/images/final_selected.png,place in open plaza,[],[],False,True
swin,129,4e34df87968bd882,338,378,338,947,True,True,0.602008044719696,0.39799195528030396,0.6122347116470337,0.3877652883529663,data/nips2017/images/4e34df87968bd882.png,outputs/nips2017/nips2017_selected_20260714_195944/swin/ablation_and_no_verifier/sample_0129/images/final_selected.png,coated in fine moss,[],[],False,True
swin,130,4edeacef9fb8ec90,718,996,718,525,True,True,0.565714955329895,0.434285044670105,0.3914889693260193,0.6085110306739807,data/nips2017/images/4edeacef9fb8ec90.png,outputs/nips2017/nips2017_selected_20260714_195944/swin/ablation_and_no_verifier/sample_0130/images/final_selected.png,a photo of pier in the background,[718],"[""pier""]",False,True
swin,131,4f04ca75d7aafc0a,839,632,839,972,True,True,0.03612257167696953,0.9638774283230305,0.35180115699768066,0.6481988430023193,data/nips2017/images/4f04ca75d7aafc0a.png,outputs/nips2017/nips2017_selected_20260714_195944/swin/ablation_and_no_verifier/sample_0131/images/final_selected.png,place scene near canyon,[],[],False,True
swin,132,4f9f0b75f5b04524,57,896,57,41,True,True,0.3936038911342621,0.6063961088657379,0.22973552346229553,0.7702644765377045,data/nips2017/images/4f9f0b75f5b04524.png,outputs/nips2017/nips2017_selected_20260714_195944/swin/ablation_and_no_verifier/sample_0132/images/final_selected.png,covered in dry dust,[],[],False,True
swin,135,4f5464b7d4682441,975,606,975,970,True,True,0.17914414405822754,0.8208558559417725,0.37409043312072754,0.6259095668792725,data/nips2017/images/4f5464b7d4682441.png,outputs/nips2017/nips2017_selected_20260714_195944/swin/ablation_and_no_verifier/sample_0135/images/final_selected.png,shift to distant mountains,[],[],False,True
swin,136,4fc263d35a3ad3ee,243,122,243,255,True,True,0.5952068567276001,0.4047931432723999,0.5042201280593872,0.4957798719406128,data/nips2017/images/4fc263d35a3ad3ee.png,outputs/nips2017/nips2017_selected_20260714_195944/swin/ablation_and_no_verifier/sample_0136/images/final_selected.png,add soft afternoon haze,[],[],False,True
swin,137,4fcc9c949d66a4e0,770,103,770,974,True,True,0.8102068901062012,0.18979310989379883,0.8778918981552124,0.1221081018447876,data/nips2017/images/4fcc9c949d66a4e0.png,outputs/nips2017/nips2017_selected_20260714_195944/swin/ablation_and_no_verifier/sample_0137/images/final_selected.png,add subtle mist,[],[],False,True
swin,138,4fff343244f212cc,820,402,820,856,True,True,0.7857317924499512,0.21426820755004883,0.39923977851867676,0.6007602214813232,data/nips2017/images/4fff343244f212cc.png,outputs/nips2017/nips2017_selected_20260714_195944/swin/ablation_and_no_verifier/sample_0138/images/final_selected.png,coated in verdigris,[],[],False,True
swin,139,5a0e21d54b9c4954,327,145,327,974,True,True,0.7750945091247559,0.22490549087524414,0.7521182894706726,0.2478817105293274,data/nips2017/images/5a0e21d54b9c4954.png,outputs/nips2017/nips2017_selected_20260714_195944/swin/ablation_and_no_verifier/sample_0139/images/final_selected.png,a photo of starfish in the background,[327],"[""starfish""]",False,True
swin,140,5a8d5bc9bf40e832,518,633,518,802,True,True,0.8736536502838135,0.12634634971618652,0.7586878538131714,0.2413121461868286,data/nips2017/images/5a8d5bc9bf40e832.png,outputs/nips2017/nips2017_selected_20260714_195944/swin/ablation_and_no_verifier/sample_0140/images/final_selected.png,a photo of crash helmet in the background,[518],"[""crash helmet""]",False,True
swin,141,5a6439b10c1f6761,319,870,319,82,True,True,0.44946184754371643,0.5505381524562836,0.24246181547641754,0.7575381845235825,data/nips2017/images/5a6439b10c1f6761.png,outputs/nips2017/nips2017_selected_20260714_195944/swin/ablation_and_no_verifier/sample_0141/images/final_selected.png,a photo of dragonfly in the background,[319],"[""dragonfly""]",False,True
swin,142,5ab3f1edd2f0cb06,386,115,386,385,True,True,0.47146928310394287,0.5285307168960571,0.6326061487197876,0.3673938512802124,data/nips2017/images/5ab3f1edd2f0cb06.png,outputs/nips2017/nips2017_selected_20260714_195944/swin/ablation_and_no_verifier/sample_0142/images/final_selected.png,shift scene to dense jungle,[],[],False,True
swin,143,5adb3d985cf217a9,404,874,404,895,True,True,0.4872756004333496,0.5127243995666504,0.5628401041030884,0.4371598958969116,data/nips2017/images/5adb3d985cf217a9.png,outputs/nips2017/nips2017_selected_20260714_195944/swin/ablation_and_no_verifier/sample_0143/images/final_selected.png,a photo of airliner in the background,[404],"[""airliner""]",False,True
swin,144,5b3a8c63e41802e7,749,757,749,974,True,True,0.8352124691009521,0.16478753089904785,0.8043118715286255,0.1956881284713745,data/nips2017/images/5b3a8c63e41802e7.png,outputs/nips2017/nips2017_selected_20260714_195944/swin/ablation_and_no_verifier/sample_0144/images/final_selected.png,a photo of quill in the background,[749],"[""quill""]",False,True
swin,145,5b85f98e0105d135,569,932,569,412,True,True,0.8265516757965088,0.1734483242034912,0.6139671802520752,0.3860328197479248,data/nips2017/images/5b85f98e0105d135.png,outputs/nips2017/nips2017_selected_20260714_195944/swin/ablation_and_no_verifier/sample_0145/images/final_selected.png,a photo of garbage truck in the background,[569],"[""garbage truck""]",False,True
swin,146,5b60477a29c7ef81,415,699,415,974,True,True,0.9308900833129883,0.06910991668701172,0.9179092645645142,0.08209073543548584,data/nips2017/images/5b60477a29c7ef81.png,outputs/nips2017/nips2017_selected_20260714_195944/swin/ablation_and_no_verifier/sample_0146/images/final_selected.png,introduce light mist,[],[],False,True
swin,148,5bdb8268eadf57d8,851,967,851,475,True,True,0.7433704137802124,0.2566295862197876,0.7622160911560059,0.23778390884399414,data/nips2017/images/5bdb8268eadf57d8.png,outputs/nips2017/nips2017_selected_20260714_195944/swin/ablation_and_no_verifier/sample_0148/images/final_selected.png,a photo of television in the background,[851],"[""television""]",False,True
swin,149,5bf502c4a4b7d04d,9,349,9,974,True,True,0.9047641754150391,0.09523582458496094,0.8894084692001343,0.11059153079986572,data/nips2017/images/5bf502c4a4b7d04d.png,outputs/nips2017/nips2017_selected_20260714_195944/swin/ablation_and_no_verifier/sample_0149/images/final_selected.png,introduce gentle mist,[],[],False,True
swin,150,5c2d823a4d30e3d5,717,893,717,864,True,True,0.9657628536224365,0.03423714637756348,0.8148901462554932,0.18510985374450684,data/nips2017/images/5c2d823a4d30e3d5.png,outputs/nips2017/nips2017_selected_20260714_195944/swin/ablation_and_no_verifier/sample_0150/images/final_selected.png,coated in aged patina,[],[],False,True
swin,151,5c4eec952ca114a1,347,524,347,350,True,True,0.6262739896774292,0.3737260103225708,0.5981312990188599,0.40186870098114014,data/nips2017/images/5c4eec952ca114a1.png,outputs/nips2017/nips2017_selected_20260714_195944/swin/ablation_and_no_verifier/sample_0151/images/final_selected.png,a photo of bison in the background,[347],"[""bison""]",False,True
swin,152,5c8bcfa0dbb246ab,817,580,817,479,True,True,0.7974395155906677,0.20256048440933228,0.6206958293914795,0.3793041706085205,data/nips2017/images/5c8bcfa0dbb246ab.png,outputs/nips2017/nips2017_selected_20260714_195944/swin/ablation_and_no_verifier/sample_0152/images/final_selected.png,a photo of sports car in the background,[817],"[""sports car""]",False,True
swin,153,5c847b72d1e1713f,555,521,555,757,True,True,0.7599674463272095,0.24003255367279053,0.47876274585723877,0.5212372541427612,data/nips2017/images/5c847b72d1e1713f.png,outputs/nips2017/nips2017_selected_20260714_195944/swin/ablation_and_no_verifier/sample_0153/images/final_selected.png,a photo of fire engine in the background,[555],"[""fire engine""]",False,True
swin,154,05cac1419419ce29,853,549,853,417,True,True,0.8873438835144043,0.1126561164855957,0.8255984783172607,0.17440152168273926,data/nips2017/images/05cac1419419ce29.png,outputs/nips2017/nips2017_selected_20260714_195944/swin/ablation_and_no_verifier/sample_0154/images/final_selected.png,introduce light haze,[],[],False,True
swin,155,5cd8864b6e35df82,865,897,865,932,True,True,0.8992712497711182,0.10072875022888184,0.8192960023880005,0.1807039976119995,data/nips2017/images/5cd8864b6e35df82.png,outputs/nips2017/nips2017_selected_20260714_195944/swin/ablation_and_no_verifier/sample_0155/images/final_selected.png,change lighting to warm glow,[],[],False,True
swin,156,5ceb9f2e8405b0de,411,63,411,869,True,True,0.7793512344360352,0.22064876556396484,0.38715213537216187,0.6128478646278381,data/nips2017/images/5ceb9f2e8405b0de.png,outputs/nips2017/nips2017_selected_20260714_195944/swin/ablation_and_no_verifier/sample_0156/images/final_selected.png,coated in rough canvas,[],[],False,True
swin,157,5cf72b48fdf5e419,629,743,629,966,True,True,0.6359376907348633,0.3640623092651367,0.5530731678009033,0.4469268321990967,data/nips2017/images/5cf72b48fdf5e419.png,outputs/nips2017/nips2017_selected_20260714_195944/swin/ablation_and_no_verifier/sample_0157/images/final_selected.png,a photo of lipstick in the background,[629],"[""lipstick""]",False,True
swin,158,5d1df4748743d42e,963,321,963,310,True,True,0.8701016902923584,0.1298983097076416,0.7331500053405762,0.26684999465942383,data/nips2017/images/5d1df4748743d42e.png,outputs/nips2017/nips2017_selected_20260714_195944/swin/ablation_and_no_verifier/sample_0158/images/final_selected.png,change the lighting to warm,[],[],False,True
swin,159,5d6b9cadb6f9e1cd,895,745,895,974,True,True,0.8950610160827637,0.10493898391723633,0.8841350078582764,0.11586499214172363,data/nips2017/images/5d6b9cadb6f9e1cd.png,outputs/nips2017/nips2017_selected_20260714_195944/swin/ablation_and_no_verifier/sample_0159/images/final_selected.png,add light mist,[],[],False,True
swin,161,5d23b04cc45bc37b,517,736,517,864,True,True,0.8403398394584656,0.15966016054153442,0.6301610469818115,0.3698389530181885,data/nips2017/images/5d23b04cc45bc37b.png,outputs/nips2017/nips2017_selected_20260714_195944/swin/ablation_and_no_verifier/sample_0161/images/final_selected.png,add light misting,[],[],False,True
swin,162,5d53f9bc389e98ad,264,467,264,820,True,True,0.850799560546875,0.149200439453125,0.8153259754180908,0.18467402458190918,data/nips2017/images/5d53f9bc389e98ad.png,outputs/nips2017/nips2017_selected_20260714_195944/swin/ablation_and_no_verifier/sample_0162/images/final_selected.png,introduce light mist,[],[],False,True
swin,163,5d8085ae68e07d72,708,642,708,501,True,True,0.6506734490394592,0.34932655096054077,0.6558548808097839,0.34414511919021606,data/nips2017/images/5d8085ae68e07d72.png,outputs/nips2017/nips2017_selected_20260714_195944/swin/ablation_and_no_verifier/sample_0163/images/final_selected.png,a photo of pedestal in the background,[708],"[""pedestal""]",False,True
swin,165,5dbfff56258cf9e6,317,384,317,775,True,True,0.4837900400161743,0.5162099599838257,0.21858862042427063,0.7814113795757294,data/nips2017/images/5dbfff56258cf9e6.png,outputs/nips2017/nips2017_selected_20260714_195944/swin/ablation_and_no_verifier/sample_0165/images/final_selected.png,coated in matte green,[],[],False,True
swin,166,5dd8e133e66ecd3a,141,345,141,974,True,True,0.8403137922286987,0.15968620777130127,0.8934366106987,0.10656338930130005,data/nips2017/images/5dd8e133e66ecd3a.png,outputs/nips2017/nips2017_selected_20260714_195944/swin/ablation_and_no_verifier/sample_0166/images/final_selected.png,add light mist,[],[],False,True
swin,167,5ec826683757ffae,22,368,22,21,True,True,0.5542879104614258,0.4457120895385742,0.3447149693965912,0.6552850306034088,data/nips2017/images/5ec826683757ffae.png,outputs/nips2017/nips2017_selected_20260714_195944/swin/ablation_and_no_verifier/sample_0167/images/final_selected.png,place in calm bay,[],[],False,True
swin,168,5efeca6c4c233f01,760,463,760,651,True,True,0.20840033888816833,0.7915996611118317,0.3450792133808136,0.6549207866191864,data/nips2017/images/5efeca6c4c233f01.png,outputs/nips2017/nips2017_selected_20260714_195944/swin/ablation_and_no_verifier/sample_0168/images/final_selected.png,place in bright kitchen,[],[],False,True
swin,169,5f3ea3c6b683fb57,772,61,772,600,True,True,0.8450837135314941,0.15491628646850586,0.7379525899887085,0.2620474100112915,data/nips2017/images/5f3ea3c6b683fb57.png,outputs/nips2017/nips2017_selected_20260714_195944/swin/ablation_and_no_verifier/sample_0169/images/final_selected.png,place in bright daylight,[],[],False,True
swin,170,05f7c084329ff0c6,972,909,972,974,True,True,0.43693119287490845,0.5630688071250916,0.5593090653419495,0.44069093465805054,data/nips2017/images/05f7c084329ff0c6.png,outputs/nips2017/nips2017_selected_20260714_195944/swin/ablation_and_no_verifier/sample_0170/images/final_selected.png,shift to desert plain,[],[],False,True
swin,171,5fc906f27c8975d2,978,366,978,974,True,True,0.6969570517539978,0.3030429482460022,0.762586236000061,0.23741376399993896,data/nips2017/images/5fc906f27c8975d2.png,outputs/nips2017/nips2017_selected_20260714_195944/swin/ablation_and_no_verifier/sample_0171/images/final_selected.png,covered in fine mist,[],[],False,True
swin,172,5ff168f7d006f69c,682,105,682,668,True,True,0.8379883766174316,0.16201162338256836,0.7459956407546997,0.2540043592453003,data/nips2017/images/5ff168f7d006f69c.png,outputs/nips2017/nips2017_selected_20260714_195944/swin/ablation_and_no_verifier/sample_0172/images/final_selected.png,a photo of obelisk in the background,[682],"[""obelisk""]",False,True
swin,173,06a0e36c443746b5,353,231,353,974,True,True,0.7893645763397217,0.21063542366027832,0.8602844476699829,0.1397155523300171,data/nips2017/images/06a0e36c443746b5.png,outputs/nips2017/nips2017_selected_20260714_195944/swin/ablation_and_no_verifier/sample_0173/images/final_selected.png,introduce light mist,[],[],False,True
swin,174,6a50fbe8723a6a4a,562,596,562,974,True,True,0.904346227645874,0.09565377235412598,0.8613157272338867,0.13868427276611328,data/nips2017/images/6a50fbe8723a6a4a.png,outputs/nips2017/nips2017_selected_20260714_195944/swin/ablation_and_no_verifier/sample_0174/images/final_selected.png,introduce light mist,[],[],False,True
swin,176,6ab876a15af539c4,983,610,983,913,True,True,0.7512056827545166,0.2487943172454834,0.6572366952896118,0.3427633047103882,data/nips2017/images/6ab876a15af539c4.png,outputs/nips2017/nips2017_selected_20260714_195944/swin/ablation_and_no_verifier/sample_0176/images/final_selected.png,shift to shallow reef,[],[],False,True
swin,177,6ac94c9244f84aa3,672,335,672,634,True,True,0.8926337361335754,0.10736626386642456,0.7662441730499268,0.23375582695007324,data/nips2017/images/6ac94c9244f84aa3.png,outputs/nips2017/nips2017_selected_20260714_195944/swin/ablation_and_no_verifier/sample_0177/images/final_selected.png,covered in rough canvas,[],[],False,True
swin,181,6b27728f0f816dc6,637,873,637,825,True,True,0.4773801267147064,0.5226198732852936,0.650537371635437,0.349462628364563,data/nips2017/images/6b27728f0f816dc6.png,outputs/nips2017/nips2017_selected_20260714_195944/swin/ablation_and_no_verifier/sample_0181/images/final_selected.png,place in cobbled alleyway,[],[],False,True
swin,182,6bb6cf032c1286c5,467,366,467,991,True,True,0.6919955611228943,0.3080044388771057,0.6462407112121582,0.3537592887878418,data/nips2017/images/6bb6cf032c1286c5.png,outputs/nips2017/nips2017_selected_20260714_195944/swin/ablation_and_no_verifier/sample_0182/images/final_selected.png,coated in oiled wood,[],[],False,True
swin,183,6bea02f26beef50d,708,266,708,501,True,True,0.7020734548568726,0.29792654514312744,0.8357133269309998,0.16428667306900024,data/nips2017/images/6bea02f26beef50d.png,outputs/nips2017/nips2017_selected_20260714_195944/swin/ablation_and_no_verifier/sample_0183/images/final_selected.png,place in open field,[],[],False,True
swin,184,6bff4ecb94f1f84e,858,865,858,974,True,True,0.7397699356079102,0.26023006439208984,0.7373876571655273,0.26261234283447266,data/nips2017/images/6bff4ecb94f1f84e.png,outputs/nips2017/nips2017_selected_20260714_195944/swin/ablation_and_no_verifier/sample_0184/images/final_selected.png,change lighting to dusk,[],[],False,True
swin,185,6c9f8901246faff2,628,688,628,554,True,True,0.8492560386657715,0.15074396133422852,0.8472369909286499,0.1527630090713501,data/nips2017/images/6c9f8901246faff2.png,outputs/nips2017/nips2017_selected_20260714_195944/swin/ablation_and_no_verifier/sample_0185/images/final_selected.png,a photo of liner in the background,[628],"[""liner""]",False,True
swin,187,6cc289dc7a8fce86,157,999,157,232,True,True,0.5075346827507019,0.4924653172492981,0.6092819571495056,0.3907180428504944,data/nips2017/images/6cc289dc7a8fce86.png,outputs/nips2017/nips2017_selected_20260714_195944/swin/ablation_and_no_verifier/sample_0187/images/final_selected.png,a photo of papillon in the background,[157],"[""papillon""]",False,True
swin,188,6d2d82bc1ba0a956,51,663,51,698,True,True,0.22348453104496002,0.77651546895504,0.5719616413116455,0.4280383586883545,data/nips2017/images/6d2d82bc1ba0a956.png,outputs/nips2017/nips2017_selected_20260714_195944/swin/ablation_and_no_verifier/sample_0188/images/final_selected.png,place in ancient ruins,[],[],False,True
swin,189,6d6078c60e59e9f4,984,796,984,985,True,True,0.7366659641265869,0.2633340358734131,0.6867834329605103,0.31321656703948975,data/nips2017/images/6d6078c60e59e9f4.png,outputs/nips2017/nips2017_selected_20260714_195944/swin/ablation_and_no_verifier/sample_0189/images/final_selected.png,coated in velvet,[885],"[""velvet""]",False,True
swin,190,6de6432b0f23ae75,104,406,104,294,True,True,0.7360920906066895,0.26390790939331055,0.6245366334915161,0.3754633665084839,data/nips2017/images/6de6432b0f23ae75.png,outputs/nips2017/nips2017_selected_20260714_195944/swin/ablation_and_no_verifier/sample_0190/images/final_selected.png,covered in fine dust,[],[],False,True
swin,191,6e840c209f5733d5,441,749,441,463,True,True,0.32264333963394165,0.6773566603660583,0.5636334419250488,0.43636655807495117,data/nips2017/images/6e840c209f5733d5.png,outputs/nips2017/nips2017_selected_20260714_195944/swin/ablation_and_no_verifier/sample_0191/images/final_selected.png,coated in brushed metal,[],[],False,True
swin,192,6ecbd7d19f5b9147,595,422,595,975,True,True,0.6703888177871704,0.3296111822128296,0.8804985284805298,0.11950147151947021,data/nips2017/images/6ecbd7d19f5b9147.png,outputs/nips2017/nips2017_selected_20260714_195944/swin/ablation_and_no_verifier/sample_0192/images/final_selected.png,shift to twilight fields,[],[],False,True
swin,193,6efed50f84ec5e01,946,601,946,995,True,True,0.7651724815368652,0.23482751846313477,0.6176279783248901,0.38237202167510986,data/nips2017/images/6efed50f84ec5e01.png,outputs/nips2017/nips2017_selected_20260714_195944/swin/ablation_and_no_verifier/sample_0193/images/final_selected.png,coated in silver dust,[],[],False,True
swin,194,7a11ae4c1f5e790c,688,499,688,754,True,True,0.9352811574935913,0.06471884250640869,0.7314577102661133,0.2685422897338867,data/nips2017/images/7a11ae4c1f5e790c.png,outputs/nips2017/nips2017_selected_20260714_195944/swin/ablation_and_no_verifier/sample_0194/images/final_selected.png,coated in aged patina,[],[],False,True
swin,195,7a51c260ca0e83e7,547,747,547,565,True,True,0.8791179060935974,0.12088209390640259,0.641191840171814,0.35880815982818604,data/nips2017/images/7a51c260ca0e83e7.png,outputs/nips2017/nips2017_selected_20260714_195944/swin/ablation_and_no_verifier/sample_0195/images/final_selected.png,coated in oxidized copper,[],[],False,True
swin,196,7a85f42383ec2f81,708,801,708,501,True,True,0.6701418161392212,0.3298581838607788,0.7849898338317871,0.2150101661682129,data/nips2017/images/7a85f42383ec2f81.png,outputs/nips2017/nips2017_selected_20260714_195944/swin/ablation_and_no_verifier/sample_0196/images/final_selected.png,place in open field,[],[],False,True
swin,197,7a291389e67a8a07,416,636,416,702,True,True,0.8578814268112183,0.14211857318878174,0.8059689998626709,0.1940310001373291,data/nips2017/images/7a291389e67a8a07.png,outputs/nips2017/nips2017_selected_20260714_195944/swin/ablation_and_no_verifier/sample_0197/images/final_selected.png,coated in aged wood,[],[],False,True
swin,198,7b6a9bf5b175e3b2,557,598,557,873,True,True,0.3374572694301605,0.6625427305698395,0.29740142822265625,0.7025985717773438,data/nips2017/images/7b6a9bf5b175e3b2.png,outputs/nips2017/nips2017_selected_20260714_195944/swin/ablation_and_no_verifier/sample_0198/images/final_selected.png,place near stone archway,[],[],False,True
swin,199,7b6cc934fda859fa,306,652,306,904,True,True,0.7283881306648254,0.27161186933517456,0.6881272792816162,0.3118727207183838,data/nips2017/images/7b6cc934fda859fa.png,outputs/nips2017/nips2017_selected_20260714_195944/swin/ablation_and_no_verifier/sample_0199/images/final_selected.png,a photo of rhinoceros beetle in the background,[306],"[""rhinoceros beetle""]",False,True
swin,200,7b6e963025eaeb66,993,659,993,994,True,True,0.91338711977005,0.08661288022994995,0.8538525104522705,0.1461474895477295,data/nips2017/images/7b6e963025eaeb66.png,outputs/nips2017/nips2017_selected_20260714_195944/swin/ablation_and_no_verifier/sample_0200/images/final_selected.png,dim the ambient light,[],[],False,True
swin,201,7b8413ef241118df,547,484,547,565,True,True,0.9201163649559021,0.0798836350440979,0.8465052843093872,0.1534947156906128,data/nips2017/images/7b8413ef241118df.png,outputs/nips2017/nips2017_selected_20260714_195944/swin/ablation_and_no_verifier/sample_0201/images/final_selected.png,change lighting to dusk,[],[],False,True
swin,202,7b71925e989ee1d8,933,34,933,930,True,True,0.6244498491287231,0.37555015087127686,0.5636882781982422,0.4363117218017578,data/nips2017/images/7b71925e989ee1d8.png,outputs/nips2017/nips2017_selected_20260714_195944/swin/ablation_and_no_verifier/sample_0202/images/final_selected.png,a photo of cheeseburger in the background,[933],"[""cheeseburger""]",False,True
swin,203,7c3b0d93654b39cd,707,427,707,886,True,True,0.9038854241371155,0.09611457586288452,0.5975281596183777,0.4024718403816223,data/nips2017/images/7c3b0d93654b39cd.png,outputs/nips2017/nips2017_selected_20260714_195944/swin/ablation_and_no_verifier/sample_0203/images/final_selected.png,coated in aged brass,[458],"[""brass""]",False,True
swin,204,7c5ea6f89e6e2733,819,586,819,417,True,True,0.43136048316955566,0.5686395168304443,0.7591700553894043,0.2408299446105957,data/nips2017/images/7c5ea6f89e6e2733.png,outputs/nips2017/nips2017_selected_20260714_195944/swin/ablation_and_no_verifier/sample_0204/images/final_selected.png,a photo of stage in the background,[819],"[""stage""]",False,True
swin,205,7c249a944594a62e,989,619,989,819,True,True,0.7423437833786011,0.2576562166213989,0.7329704761505127,0.2670295238494873,data/nips2017/images/7c249a944594a62e.png,outputs/nips2017/nips2017_selected_20260714_195944/swin/ablation_and_no_verifier/sample_0205/images/final_selected.png,shift to twilight woods,[],[],False,True
swin,206,7c754696067fdfa9,764,468,764,730,True,True,0.7483097314834595,0.2516902685165405,0.6910598278045654,0.30894017219543457,data/nips2017/images/7c754696067fdfa9.png,outputs/nips2017/nips2017_selected_20260714_195944/swin/ablation_and_no_verifier/sample_0206/images/final_selected.png,shift to open field,[],[],False,True
swin,207,7ca714cdcd5d36d9,779,105,779,974,True,True,0.9189000129699707,0.0810999870300293,0.8506872653961182,0.14931273460388184,data/nips2017/images/7ca714cdcd5d36d9.png,outputs/nips2017/nips2017_selected_20260714_195944/swin/ablation_and_no_verifier/sample_0207/images/final_selected.png,coated in brushed aluminum,[],[],False,True
swin,208,7d2a7bca22967f29,734,599,734,974,True,True,0.96470046043396,0.03529953956604004,0.9623478651046753,0.03765213489532471,data/nips2017/images/7d2a7bca22967f29.png,outputs/nips2017/nips2017_selected_20260714_195944/swin/ablation_and_no_verifier/sample_0208/images/final_selected.png,introduce light mist,[],[],False,True
swin,209,7d2e9b03ec1b630b,400,534,400,501,True,True,0.5278177857398987,0.4721822142601013,0.5617903470993042,0.4382096529006958,data/nips2017/images/7d2e9b03ec1b630b.png,outputs/nips2017/nips2017_selected_20260714_195944/swin/ablation_and_no_verifier/sample_0209/images/final_selected.png,a photo of academic gown in the background,"[400,578]","[""academic gown"",""gown""]",False,True
swin,210,7d7a8e41b8d0577e,964,181,964,544,True,True,0.9240678548812866,0.07593214511871338,0.8053351640701294,0.1946648359298706,data/nips2017/images/7d7a8e41b8d0577e.png,outputs/nips2017/nips2017_selected_20260714_195944/swin/ablation_and_no_verifier/sample_0210/images/final_selected.png,coated in warm glaze,[],[],False,True
swin,211,7d253f78ef6f029a,682,91,682,562,True,True,0.8265043497085571,0.17349565029144287,0.7045908570289612,0.2954091429710388,data/nips2017/images/7d253f78ef6f029a.png,outputs/nips2017/nips2017_selected_20260714_195944/swin/ablation_and_no_verifier/sample_0211/images/final_selected.png,place in open plaza,[],[],False,True
swin,212,7d833ac8ab852bd2,51,150,51,996,True,True,0.6520648002624512,0.34793519973754883,0.6746331453323364,0.3253668546676636,data/nips2017/images/7d833ac8ab852bd2.png,outputs/nips2017/nips2017_selected_20260714_195944/swin/ablation_and_no_verifier/sample_0212/images/final_selected.png,place in dry savanna,[],[],False,True
swin,213,7d4186ce0332245d,975,935,975,449,True,True,0.834693193435669,0.16530680656433105,0.8415712118148804,0.15842878818511963,data/nips2017/images/7d4186ce0332245d.png,outputs/nips2017/nips2017_selected_20260714_195944/swin/ablation_and_no_verifier/sample_0213/images/final_selected.png,apply soft afternoon haze,[],[],False,True
swin,214,7d599306068f4594,716,513,716,807,True,True,0.7333775162696838,0.26662248373031616,0.8607327342033386,0.13926726579666138,data/nips2017/images/7d599306068f4594.png,outputs/nips2017/nips2017_selected_20260714_195944/swin/ablation_and_no_verifier/sample_0214/images/final_selected.png,add gentle afternoon haze,[],[],False,True
swin,215,7e0fb7f80ffa514b,654,404,654,757,True,True,0.9655194878578186,0.034480512142181396,0.9373742341995239,0.06262576580047607,data/nips2017/images/7e0fb7f80ffa514b.png,outputs/nips2017/nips2017_selected_20260714_195944/swin/ablation_and_no_verifier/sample_0215/images/final_selected.png,painted with deep crimson,[],[],False,True
swin,216,7e4c41563370bed1,718,944,718,978,True,True,0.7940317988395691,0.2059682011604309,0.6853787899017334,0.3146212100982666,data/nips2017/images/7e4c41563370bed1.png,outputs/nips2017/nips2017_selected_20260714_195944/swin/ablation_and_no_verifier/sample_0216/images/final_selected.png,place scene near cliffs,[],[],False,True
swin,218,7e73c7adc520e406,132,85,132,134,True,True,0.6713067293167114,0.3286932706832886,0.29451945424079895,0.705480545759201,data/nips2017/images/7e73c7adc520e406.png,outputs/nips2017/nips2017_selected_20260714_195944/swin/ablation_and_no_verifier/sample_0218/images/final_selected.png,coated in fine dust,[],[],False,True
swin,219,7f3c20f487834846,407,882,407,757,True,True,0.8543242812156677,0.14567571878433228,0.5133111476898193,0.48668885231018066,data/nips2017/images/7f3c20f487834846.png,outputs/nips2017/nips2017_selected_20260714_195944/swin/ablation_and_no_verifier/sample_0219/images/final_selected.png,a photo of ambulance in the background,[407],"[""ambulance""]",False,True
swin,220,7f842d0c1e747334,304,795,304,302,True,True,0.7765735983848572,0.22342640161514282,0.8377054333686829,0.16229456663131714,data/nips2017/images/7f842d0c1e747334.png,outputs/nips2017/nips2017_selected_20260714_195944/swin/ablation_and_no_verifier/sample_0220/images/final_selected.png,place in dry soil,[],[],False,True
swin,221,7f045354f4577c16,557,969,557,970,True,True,0.4632142186164856,0.5367857813835144,0.6989019513130188,0.3010980486869812,data/nips2017/images/7f045354f4577c16.png,outputs/nips2017/nips2017_selected_20260714_195944/swin/ablation_and_no_verifier/sample_0221/images/final_selected.png,place near distant mountains,[],[],False,True
swin,222,7fd7ce3eb2bf9944,99,112,99,138,True,True,0.6476746797561646,0.35232532024383545,0.5576077699661255,0.4423922300338745,data/nips2017/images/7fd7ce3eb2bf9944.png,outputs/nips2017/nips2017_selected_20260714_195944/swin/ablation_and_no_verifier/sample_0222/images/final_selected.png,covered in fine dust,[],[],False,True
swin,223,8a02b6196885c394,759,446,759,732,True,True,0.7962738275527954,0.2037261724472046,0.528835654258728,0.471164345741272,data/nips2017/images/8a02b6196885c394.png,outputs/nips2017/nips2017_selected_20260714_195944/swin/ablation_and_no_verifier/sample_0223/images/final_selected.png,coated in fine patina,[],[],False,True
swin,225,8af30e5c3fa48a08,695,70,695,884,True,True,0.15611207485198975,0.8438879251480103,0.48506325483322144,0.5149367451667786,data/nips2017/images/8af30e5c3fa48a08.png,outputs/nips2017/nips2017_selected_20260714_195944/swin/ablation_and_no_verifier/sample_0225/images/final_selected.png,place in shadowed archway,[],[],False,True
swin,226,8b7a5446dae48ac1,308,362,308,319,True,True,0.7959890365600586,0.2040109634399414,0.6256575584411621,0.3743424415588379,data/nips2017/images/8b7a5446dae48ac1.png,outputs/nips2017/nips2017_selected_20260714_195944/swin/ablation_and_no_verifier/sample_0226/images/final_selected.png,coated in fine dust,[],[],False,True
swin,227,8b47d72b39b2bd33,525,96,525,979,True,True,0.8958842754364014,0.10411572456359863,0.8260930776596069,0.17390692234039307,data/nips2017/images/8b47d72b39b2bd33.png,outputs/nips2017/nips2017_selected_20260714_195944/swin/ablation_and_no_verifier/sample_0227/images/final_selected.png,introduce light haze,[],[],False,True
swin,228,8bb7d10e97694eb5,142,392,142,135,True,True,0.6730378866195679,0.32696211338043213,0.49892061948776245,0.5010793805122375,data/nips2017/images/8bb7d10e97694eb5.png,outputs/nips2017/nips2017_selected_20260714_195944/swin/ablation_and_no_verifier/sample_0228/images/final_selected.png,a photo of dowitcher in the background,[142],"[""dowitcher""]",False,True
swin,229,8c5b5bc0f39e2e06,897,252,897,111,True,True,0.9023888111114502,0.0976111888885498,0.8458516597747803,0.15414834022521973,data/nips2017/images/8c5b5bc0f39e2e06.png,outputs/nips2017/nips2017_selected_20260714_195944/swin/ablation_and_no_verifier/sample_0229/images/final_selected.png,change lighting to overcast,[],[],False,True
swin,230,8c6edf1ddfb61102,888,122,888,703,True,True,0.810785174369812,0.189214825630188,0.5697023272514343,0.4302976727485657,data/nips2017/images/8c6edf1ddfb61102.png,outputs/nips2017/nips2017_selected_20260714_195944/swin/ablation_and_no_verifier/sample_0230/images/final_selected.png,coated in rough slate,[],[],False,True
swin,231,8c8bc30a62a1ee23,303,1,303,302,True,True,0.4913855791091919,0.5086144208908081,0.3400760293006897,0.6599239706993103,data/nips2017/images/8c8bc30a62a1ee23.png,outputs/nips2017/nips2017_selected_20260714_195944/swin/ablation_and_no_verifier/sample_0231/images/final_selected.png,a photo of long-horned beetle in the background,[303],"[""long-horned beetle""]",False,True
swin,232,8c609b06a60af060,498,290,498,698,True,True,0.7224807739257812,0.27751922607421875,0.6823325157165527,0.31766748428344727,data/nips2017/images/8c609b06a60af060.png,outputs/nips2017/nips2017_selected_20260714_195944/swin/ablation_and_no_verifier/sample_0232/images/final_selected.png,a photo of cinema in the background,[498],"[""cinema""]",False,True
swin,233,8c975de17f3247d1,649,525,649,912,True,True,0.37943166494369507,0.6205683350563049,0.2105686515569687,0.7894313484430313,data/nips2017/images/8c975de17f3247d1.png,outputs/nips2017/nips2017_selected_20260714_195944/swin/ablation_and_no_verifier/sample_0233/images/final_selected.png,introduce light drizzle,[],[],False,True
swin,235,8d86fae18afef4e0,37,78,37,812,True,True,0.8941816687583923,0.10581833124160767,0.9455443620681763,0.05445563793182373,data/nips2017/images/8d86fae18afef4e0.png,outputs/nips2017/nips2017_selected_20260714_195944/swin/ablation_and_no_verifier/sample_0235/images/final_selected.png,add gentle afternoon haze,[],[],False,True
swin,236,8d90c523b27410a7,320,562,320,885,True,True,0.3676340579986572,0.6323659420013428,0.5230482220649719,0.4769517779350281,data/nips2017/images/8d90c523b27410a7.png,outputs/nips2017/nips2017_selected_20260714_195944/swin/ablation_and_no_verifier/sample_0236/images/final_selected.png,coated in velvet texture,[885],"[""velvet""]",True,False
swin,237,8d68931ba23fdeb7,841,799,841,568,True,True,0.4795379638671875,0.5204620361328125,0.2774187922477722,0.7225812077522278,data/nips2017/images/8d68931ba23fdeb7.png,outputs/nips2017/nips2017_selected_20260714_195944/swin/ablation_and_no_verifier/sample_0237/images/final_selected.png,a photo of sweatshirt in the background,[841],"[""sweatshirt""]",False,True
swin,238,8da3593258ae27cb,580,398,580,578,True,True,0.7043450474739075,0.29565495252609253,0.45881757140159607,0.5411824285984039,data/nips2017/images/8da3593258ae27cb.png,outputs/nips2017/nips2017_selected_20260714_195944/swin/ablation_and_no_verifier/sample_0238/images/final_selected.png,a photo of greenhouse in the background,[580],"[""greenhouse""]",False,True
swin,239,8df3dc0c3fef1824,950,842,950,931,True,True,0.7949403524398804,0.20505964756011963,0.5118401050567627,0.4881598949432373,data/nips2017/images/8df3dc0c3fef1824.png,outputs/nips2017/nips2017_selected_20260714_195944/swin/ablation_and_no_verifier/sample_0239/images/final_selected.png,coated in fine dust,[],[],False,True
swin,240,8e9e976fc98e3cfa,665,739,665,535,True,True,0.9008510112762451,0.09914898872375488,0.49828577041625977,0.5017142295837402,data/nips2017/images/8e9e976fc98e3cfa.png,outputs/nips2017/nips2017_selected_20260714_195944/swin/ablation_and_no_verifier/sample_0240/images/final_selected.png,a photo of moped in the background,[665],"[""moped""]",False,True
swin,241,8e3324c208eb9a3b,821,740,821,974,True,True,0.6440279483795166,0.3559720516204834,0.7332803010940552,0.2667196989059448,data/nips2017/images/8e3324c208eb9a3b.png,outputs/nips2017/nips2017_selected_20260714_195944/swin/ablation_and_no_verifier/sample_0241/images/final_selected.png,a photo of steel arch bridge in the background,[821],"[""steel arch bridge""]",False,True
swin,243,8f5e0855ca8de8ea,467,715,467,936,True,True,0.9385819435119629,0.06141805648803711,0.8060470819473267,0.19395291805267334,data/nips2017/images/8f5e0855ca8de8ea.png,outputs/nips2017/nips2017_selected_20260714_195944/swin/ablation_and_no_verifier/sample_0243/images/final_selected.png,a photo of butcher shop in the background,[467],"[""butcher shop""]",False,True
swin,244,8f5eda0b6a910b43,949,917,949,666,True,True,0.6648362278938293,0.33516377210617065,0.5732832551002502,0.42671674489974976,data/nips2017/images/8f5eda0b6a910b43.png,outputs/nips2017/nips2017_selected_20260714_195944/swin/ablation_and_no_verifier/sample_0244/images/final_selected.png,coated in fine dust,[],[],False,True
swin,246,8f9c1e4fd9f4cb2e,16,497,16,94,True,True,0.8525986075401306,0.14740139245986938,0.794464111328125,0.205535888671875,data/nips2017/images/8f9c1e4fd9f4cb2e.png,outputs/nips2017/nips2017_selected_20260714_195944/swin/ablation_and_no_verifier/sample_0246/images/final_selected.png,coated in fine lichen,[],[],False,True
swin,247,8f97e3fface13e4d,471,547,471,974,True,True,0.8498731255531311,0.1501268744468689,0.6053789258003235,0.3946210741996765,data/nips2017/images/8f97e3fface13e4d.png,outputs/nips2017/nips2017_selected_20260714_195944/swin/ablation_and_no_verifier/sample_0247/images/final_selected.png,a photo of cannon in the background,[471],"[""cannon""]",False,True
swin,248,08fbf75e60a6efb7,483,665,483,972,True,True,0.2881355881690979,0.7118644118309021,0.39400720596313477,0.6059927940368652,data/nips2017/images/08fbf75e60a6efb7.png,outputs/nips2017/nips2017_selected_20260714_195944/swin/ablation_and_no_verifier/sample_0248/images/final_selected.png,place in dry field,[],[],False,True
swin,249,9a1c67f467b9beea,302,89,302,305,True,True,0.6848226189613342,0.31517738103866577,0.48728346824645996,0.51271653175354,data/nips2017/images/9a1c67f467b9beea.png,outputs/nips2017/nips2017_selected_20260714_195944/swin/ablation_and_no_verifier/sample_0249/images/final_selected.png,coated in fine dust,[],[],False,True
swin,250,9a5913e0fb6d0866,766,203,766,467,True,True,0.8384449481964111,0.16155505180358887,0.8442602753639221,0.15573972463607788,data/nips2017/images/9a5913e0fb6d0866.png,outputs/nips2017/nips2017_selected_20260714_195944/swin/ablation_and_no_verifier/sample_0250/images/final_selected.png,a photo of rotisserie in the background,[766],"[""rotisserie""]",False,True
swin,251,9a49001b63903f72,768,803,768,981,True,True,0.7001833915710449,0.2998166084289551,0.7612786293029785,0.23872137069702148,data/nips2017/images/9a49001b63903f72.png,outputs/nips2017/nips2017_selected_20260714_195944/swin/ablation_and_no_verifier/sample_0251/images/final_selected.png,covered in fine dust,[],[],False,True
swin,252,9ab953cce5c7f879,442,366,442,663,True,True,0.933452308177948,0.066547691822052,0.9161633849143982,0.0838366150856018,data/nips2017/images/9ab953cce5c7f879.png,outputs/nips2017/nips2017_selected_20260714_195944/swin/ablation_and_no_verifier/sample_0252/images/final_selected.png,introduce gentle snowfall,[],[],False,True
swin,253,9aba31a4b2404aa5,911,494,911,885,True,True,0.5994624495506287,0.40053755044937134,0.6458337306976318,0.35416626930236816,data/nips2017/images/9aba31a4b2404aa5.png,outputs/nips2017/nips2017_selected_20260714_195944/swin/ablation_and_no_verifier/sample_0253/images/final_selected.png,coated in fine velvet,[885],"[""velvet""]",True,False
swin,254,9b4cab2ffb0c0754,974,962,974,979,True,True,0.027145706117153168,0.9728542938828468,0.23915421962738037,0.7608457803726196,data/nips2017/images/9b4cab2ffb0c0754.png,outputs/nips2017/nips2017_selected_20260714_195944/swin/ablation_and_no_verifier/sample_0254/images/final_selected.png,a photo of geyser in the background,[974],"[""geyser""]",False,True
swin,257,9cf861a657c27cec,582,896,582,781,True,True,0.6541715860366821,0.34582841396331787,0.7186553478240967,0.2813446521759033,data/nips2017/images/9cf861a657c27cec.png,outputs/nips2017/nips2017_selected_20260714_195944/swin/ablation_and_no_verifier/sample_0257/images/final_selected.png,shift to open market,[582],"[""grocery store""]",False,True
swin,258,9d5ef11ec55123e5,99,512,99,975,True,True,0.7881518602371216,0.21184813976287842,0.8173157572746277,0.18268424272537231,data/nips2017/images/9d5ef11ec55123e5.png,outputs/nips2017/nips2017_selected_20260714_195944/swin/ablation_and_no_verifier/sample_0258/images/final_selected.png,a photo of goose in the background,[99],"[""goose""]",False,True
swin,259,9d4674c86096e4bd,661,613,661,549,True,True,0.9190586805343628,0.08094131946563721,0.8793572187423706,0.1206427812576294,data/nips2017/images/9d4674c86096e4bd.png,outputs/nips2017/nips2017_selected_20260714_195944/swin/ablation_and_no_verifier/sample_0259/images/final_selected.png,add light haze,[],[],False,True
swin,260,9d55997552acf0de,259,198,259,263,True,True,0.8678733110427856,0.13212668895721436,0.8049375414848328,0.19506245851516724,data/nips2017/images/9d55997552acf0de.png,outputs/nips2017/nips2017_selected_20260714_195944/swin/ablation_and_no_verifier/sample_0260/images/final_selected.png,coated in fine suede,[],[],False,True
swin,261,9db1070b1b9f03d2,323,869,323,315,True,True,0.4376670718193054,0.5623329281806946,0.6144692301750183,0.3855307698249817,data/nips2017/images/9db1070b1b9f03d2.png,outputs/nips2017/nips2017_selected_20260714_195944/swin/ablation_and_no_verifier/sample_0261/images/final_selected.png,place in sunlit meadow,[],[],False,True
swin,262,9ee13ecd8d6727c0,497,553,497,406,True,True,0.8573703765869141,0.14262962341308594,0.7975633144378662,0.2024366855621338,data/nips2017/images/9ee13ecd8d6727c0.png,outputs/nips2017/nips2017_selected_20260714_195944/swin/ablation_and_no_verifier/sample_0262/images/final_selected.png,covered in aged patina,[],[],False,True
swin,264,9f6fe669276f04cf,919,696,919,743,True,True,0.25330623984336853,0.7466937601566315,0.4375975728034973,0.5624024271965027,data/nips2017/images/9f6fe669276f04cf.png,outputs/nips2017/nips2017_selected_20260714_195944/swin/ablation_and_no_verifier/sample_0264/images/final_selected.png,place in cobblestone alley,[],[],False,True
swin,265,9f55ac35ce9703e5,8,193,8,83,True,True,0.6598396301269531,0.3401603698730469,0.7278852462768555,0.27211475372314453,data/nips2017/images/9f55ac35ce9703e5.png,outputs/nips2017/nips2017_selected_20260714_195944/swin/ablation_and_no_verifier/sample_0265/images/final_selected.png,place in dry scrubland,[],[],False,True
swin,266,9fbeb797de1e1639,762,510,762,823,True,True,0.8256583213806152,0.17434167861938477,0.8383502960205078,0.1616497039794922,data/nips2017/images/9fbeb797de1e1639.png,outputs/nips2017/nips2017_selected_20260714_195944/swin/ablation_and_no_verifier/sample_0266/images/final_selected.png,introduce gentle haze,[],[],False,True
swin,267,9fe19d5c6dab83a3,454,804,454,820,True,True,0.8576173186302185,0.1423826813697815,0.8253494501113892,0.17465054988861084,data/nips2017/images/9fe19d5c6dab83a3.png,outputs/nips2017/nips2017_selected_20260714_195944/swin/ablation_and_no_verifier/sample_0267/images/final_selected.png,introduce gentle mist,[],[],False,True
swin,268,10bc8784a5eb8843,743,209,743,979,True,True,0.36085134744644165,0.6391486525535583,0.38275086879730225,0.6172491312026978,data/nips2017/images/10bc8784a5eb8843.png,outputs/nips2017/nips2017_selected_20260714_195944/swin/ablation_and_no_verifier/sample_0268/images/final_selected.png,place in arid plains,[],[],False,True
swin,270,11afa51200515f9a,825,566,825,787,True,True,0.7753520607948303,0.22464793920516968,0.7033648490905762,0.29663515090942383,data/nips2017/images/11afa51200515f9a.png,outputs/nips2017/nips2017_selected_20260714_195944/swin/ablation_and_no_verifier/sample_0270/images/final_selected.png,place in arid canyon,[],[],False,True
swin,271,11c53fe6feb856c6,476,765,476,843,True,True,0.26559358835220337,0.7344064116477966,0.5572811365127563,0.44271886348724365,data/nips2017/images/11c53fe6feb856c6.png,outputs/nips2017/nips2017_selected_20260714_195944/swin/ablation_and_no_verifier/sample_0271/images/final_selected.png,place in sunlit park,[],[],False,True
swin,272,12cf4de43c70273e,814,832,814,659,True,True,0.6818636655807495,0.3181363344192505,0.6416469812393188,0.35835301876068115,data/nips2017/images/12cf4de43c70273e.png,outputs/nips2017/nips2017_selected_20260714_195944/swin/ablation_and_no_verifier/sample_0272/images/final_selected.png,coated in polished chrome,[],[],False,True
swin,273,12fb008451be82d4,582,554,582,948,True,True,0.6360953450202942,0.3639046549797058,0.7249952554702759,0.2750047445297241,data/nips2017/images/12fb008451be82d4.png,outputs/nips2017/nips2017_selected_20260714_195944/swin/ablation_and_no_verifier/sample_0273/images/final_selected.png,introduce light drizzle,[],[],False,True
swin,275,15d27dbdc9eeda7f,468,764,468,436,True,True,0.8810607194900513,0.11893928050994873,0.7317190170288086,0.2682809829711914,data/nips2017/images/15d27dbdc9eeda7f.png,outputs/nips2017/nips2017_selected_20260714_195944/swin/ablation_and_no_verifier/sample_0275/images/final_selected.png,coated in matte silver,[],[],False,True
swin,276,16bbe588e0ecc6ab,141,167,141,142,True,True,0.5095787644386292,0.49042123556137085,0.2969251871109009,0.7030748128890991,data/nips2017/images/16bbe588e0ecc6ab.png,outputs/nips2017/nips2017_selected_20260714_195944/swin/ablation_and_no_verifier/sample_0276/images/final_selected.png,coated in damp moss,[],[],False,True
swin,277,16ff75228179469c,227,385,227,271,True,True,0.5721126794815063,0.42788732051849365,0.5491833686828613,0.45081663131713867,data/nips2017/images/16ff75228179469c.png,outputs/nips2017/nips2017_selected_20260714_195944/swin/ablation_and_no_verifier/sample_0277/images/final_selected.png,a photo of kelpie in the background,[227],"[""kelpie""]",False,True
swin,279,17df043d369008f5,990,801,990,995,True,True,0.5032434463500977,0.49675655364990234,0.4877191483974457,0.5122808516025543,data/nips2017/images/17df043d369008f5.png,outputs/nips2017/nips2017_selected_20260714_195944/swin/ablation_and_no_verifier/sample_0279/images/final_selected.png,a photo of buckeye in the background,[990],"[""buckeye""]",False,True
swin,280,17f3b8a057bc01be,858,574,858,853,True,True,0.8066176176071167,0.1933823823928833,0.7215635776519775,0.27843642234802246,data/nips2017/images/17f3b8a057bc01be.png,outputs/nips2017/nips2017_selected_20260714_195944/swin/ablation_and_no_verifier/sample_0280/images/final_selected.png,coated in mossy green,[],[],False,True
swin,281,18d5f99fe237a306,814,76,814,751,True,True,0.8229461312294006,0.17705386877059937,0.603599488735199,0.396400511264801,data/nips2017/images/18d5f99fe237a306.png,outputs/nips2017/nips2017_selected_20260714_195944/swin/ablation_and_no_verifier/sample_0281/images/final_selected.png,wrapped in dark vinyl,[],[],False,True
swin,282,19b5bea9a7608a92,777,434,777,597,True,True,0.9017871618270874,0.0982128381729126,0.8099608421325684,0.19003915786743164,data/nips2017/images/19b5bea9a7608a92.png,outputs/nips2017/nips2017_selected_20260714_195944/swin/ablation_and_no_verifier/sample_0282/images/final_selected.png,shift to warm interior,[],[],False,True
swin,283,19d43f8204d3183d,984,377,984,912,True,True,0.7139855623245239,0.2860144376754761,0.7025710344314575,0.2974289655685425,data/nips2017/images/19d43f8204d3183d.png,outputs/nips2017/nips2017_selected_20260714_195944/swin/ablation_and_no_verifier/sample_0283/images/final_selected.png,coated in pale gold,[],[],False,True
swin,284,21b0803c965f76ef,919,976,919,743,True,True,0.0883629098534584,0.9116370901465416,0.3645930290222168,0.6354069709777832,data/nips2017/images/21b0803c965f76ef.png,outputs/nips2017/nips2017_selected_20260714_195944/swin/ablation_and_no_verifier/sample_0284/images/final_selected.png,a photo of street sign in the background,[919],"[""street sign""]",False,True
swin,285,21fef4d9b3dce49a,974,459,974,975,True,True,0.2679451107978821,0.7320548892021179,0.3036591410636902,0.6963408589363098,data/nips2017/images/21fef4d9b3dce49a.png,outputs/nips2017/nips2017_selected_20260714_195944/swin/ablation_and_no_verifier/sample_0285/images/final_selected.png,shift to high altitude,[],[],False,True
swin,286,22a9c318b6e36853,619,210,619,604,True,True,0.9460020065307617,0.05399799346923828,0.8980250358581543,0.1019749641418457,data/nips2017/images/22a9c318b6e36853.png,outputs/nips2017/nips2017_selected_20260714_195944/swin/ablation_and_no_verifier/sample_0286/images/final_selected.png,add subtle haze,[],[],False,True
swin,287,22a313cc9fc2b4f1,309,939,309,911,True,True,0.7900427579879761,0.20995724201202393,0.8535818457603455,0.14641815423965454,data/nips2017/images/22a313cc9fc2b4f1.png,outputs/nips2017/nips2017_selected_20260714_195944/swin/ablation_and_no_verifier/sample_0287/images/final_selected.png,introduce gentle mist,[],[],False,True
swin,288,23f9d18d531eb148,478,850,478,446,True,True,0.6421204805374146,0.35787951946258545,0.6084294319152832,0.3915705680847168,data/nips2017/images/23f9d18d531eb148.png,outputs/nips2017/nips2017_selected_20260714_195944/swin/ablation_and_no_verifier/sample_0288/images/final_selected.png,a photo of carton in the background,[478],"[""carton""]",False,True
swin,290,024f73e53c3c1f1d,579,637,579,885,True,True,0.7622575759887695,0.23774242401123047,0.7936149835586548,0.20638501644134521,data/nips2017/images/024f73e53c3c1f1d.png,outputs/nips2017/nips2017_selected_20260714_195944/swin/ablation_and_no_verifier/sample_0290/images/final_selected.png,covered in dark velvet,[885],"[""velvet""]",True,False
swin,291,25eef91443ded954,436,727,436,820,True,True,0.9445638656616211,0.055436134338378906,0.9260959625244141,0.07390403747558594,data/nips2017/images/25eef91443ded954.png,outputs/nips2017/nips2017_selected_20260714_195944/swin/ablation_and_no_verifier/sample_0291/images/final_selected.png,add light mist,[],[],False,True
swin,292,25f85aadcf248cc1,853,889,853,789,True,True,0.8446738719940186,0.15532612800598145,0.8053873181343079,0.19461268186569214,data/nips2017/images/25f85aadcf248cc1.png,outputs/nips2017/nips2017_selected_20260714_195944/swin/ablation_and_no_verifier/sample_0292/images/final_selected.png,change light to dusk,[],[],False,True
swin,293,26aa2e6ee43387e7,912,740,912,649,True,True,0.6678476929664612,0.3321523070335388,0.5787136554718018,0.42128634452819824,data/nips2017/images/26aa2e6ee43387e7.png,outputs/nips2017/nips2017_selected_20260714_195944/swin/ablation_and_no_verifier/sample_0293/images/final_selected.png,a photo of worm fence in the background,[912],"[""worm fence""]",False,True
swin,294,29fe8d653950a631,79,541,79,974,True,True,0.9033088684082031,0.09669113159179688,0.9015253186225891,0.09847468137741089,data/nips2017/images/29fe8d653950a631.png,outputs/nips2017/nips2017_selected_20260714_195944/swin/ablation_and_no_verifier/sample_0294/images/final_selected.png,add light mist,[],[],False,True
swin,295,30b922dbfdbffd11,609,971,609,586,True,True,0.8416297435760498,0.1583702564239502,0.6109466552734375,0.3890533447265625,data/nips2017/images/30b922dbfdbffd11.png,outputs/nips2017/nips2017_selected_20260714_195944/swin/ablation_and_no_verifier/sample_0295/images/final_selected.png,place in sunlit field,[],[],False,True
swin,296,30b62313af2b5d74,315,794,315,47,True,True,0.766128659248352,0.23387134075164795,0.609413206577301,0.390586793422699,data/nips2017/images/30b62313af2b5d74.png,outputs/nips2017/nips2017_selected_20260714_195944/swin/ablation_and_no_verifier/sample_0296/images/final_selected.png,coated in mossy patina,[],[],False,True
swin,297,30e132285c2e960f,911,426,911,582,True,True,0.850820004940033,0.14917999505996704,0.6217913627624512,0.37820863723754883,data/nips2017/images/30e132285c2e960f.png,outputs/nips2017/nips2017_selected_20260714_195944/swin/ablation_and_no_verifier/sample_0297/images/final_selected.png,coated in fine dust,[],[],False,True
swin,298,32c0e4647ce5a812,326,742,326,770,True,True,0.45000022649765015,0.5499997735023499,0.6364820599555969,0.3635179400444031,data/nips2017/images/32c0e4647ce5a812.png,outputs/nips2017/nips2017_selected_20260714_195944/swin/ablation_and_no_verifier/sample_0298/images/final_selected.png,a photo of lycaenid in the background,[326],"[""lycaenid""]",False,True
swin,299,33adbc27fdcadd65,923,715,923,996,True,True,0.6694352626800537,0.3305647373199463,0.4922853708267212,0.5077146291732788,data/nips2017/images/33adbc27fdcadd65.png,outputs/nips2017/nips2017_selected_20260714_195944/swin/ablation_and_no_verifier/sample_0299/images/final_selected.png,coated in matte glaze,[],[],False,True
swin,300,34a39905ce228160,768,751,768,235,True,True,0.8414673805236816,0.15853261947631836,0.5319202542304993,0.46807974576950073,data/nips2017/images/34a39905ce228160.png,outputs/nips2017/nips2017_selected_20260714_195944/swin/ablation_and_no_verifier/sample_0300/images/final_selected.png,coated in rough leather,[],[],False,True
swin,301,35c344ca0584ba14,687,830,687,884,True,True,0.24497075378894806,0.7550292462110519,0.42118120193481445,0.5788187980651855,data/nips2017/images/35c344ca0584ba14.png,outputs/nips2017/nips2017_selected_20260714_195944/swin/ablation_and_no_verifier/sample_0301/images/final_selected.png,place in cathedral nave,[],[],False,True
swin,302,35d67f3f70aeef92,979,581,979,974,True,True,0.7387064695358276,0.26129353046417236,0.6770581007003784,0.3229418992996216,data/nips2017/images/35d67f3f70aeef92.png,outputs/nips2017/nips2017_selected_20260714_195944/swin/ablation_and_no_verifier/sample_0302/images/final_selected.png,introduce soft haze,[],[],False,True
swin,303,37e7dc99bf2704c7,663,609,663,497,True,True,0.8463796377182007,0.15362036228179932,0.8477545976638794,0.1522454023361206,data/nips2017/images/37e7dc99bf2704c7.png,outputs/nips2017/nips2017_selected_20260714_195944/swin/ablation_and_no_verifier/sample_0303/images/final_selected.png,change lighting to dusk,[],[],False,True
swin,305,38c6124f40b8d845,895,18,895,744,True,True,0.9267846345901489,0.07321536540985107,0.8306621313095093,0.16933786869049072,data/nips2017/images/38c6124f40b8d845.png,outputs/nips2017/nips2017_selected_20260714_195944/swin/ablation_and_no_verifier/sample_0305/images/final_selected.png,a photo of warplane in the background,[895],"[""warplane""]",False,True
swin,306,38d8d105d5e70c80,421,754,421,583,True,True,0.8363230228424072,0.16367697715759277,0.5860614776611328,0.4139385223388672,data/nips2017/images/38d8d105d5e70c80.png,outputs/nips2017/nips2017_selected_20260714_195944/swin/ablation_and_no_verifier/sample_0306/images/final_selected.png,coated in dark wood,[],[],False,True
swin,307,38deb4830d12358f,979,935,979,978,True,True,0.7832337617874146,0.21676623821258545,0.7957783937454224,0.20422160625457764,data/nips2017/images/38deb4830d12358f.png,outputs/nips2017/nips2017_selected_20260714_195944/swin/ablation_and_no_verifier/sample_0307/images/final_selected.png,apply soft afternoon haze,[],[],False,True
swin,308,038fd7a750733bb5,17,102,17,94,True,True,0.565958559513092,0.43404144048690796,0.3820364475250244,0.6179635524749756,data/nips2017/images/038fd7a750733bb5.png,outputs/nips2017/nips2017_selected_20260714_195944/swin/ablation_and_no_verifier/sample_0308/images/final_selected.png,coated in iridescent sheen,[],[],False,True
swin,309,39a483e9a23716ed,675,645,675,974,True,True,0.7832590937614441,0.2167409062385559,0.7066586017608643,0.29334139823913574,data/nips2017/images/39a483e9a23716ed.png,outputs/nips2017/nips2017_selected_20260714_195944/swin/ablation_and_no_verifier/sample_0309/images/final_selected.png,add light haze,[],[],False,True
swin,310,39f82c728c956125,637,761,637,825,True,True,0.6633610725402832,0.3366389274597168,0.49703872203826904,0.502961277961731,data/nips2017/images/39f82c728c956125.png,outputs/nips2017/nips2017_selected_20260714_195944/swin/ablation_and_no_verifier/sample_0310/images/final_selected.png,a photo of mailbox in the background,[637],"[""mailbox""]",False,True
swin,311,40a7f086461190f3,492,840,492,974,True,True,0.9315140247344971,0.06848597526550293,0.9246821403503418,0.0753178596496582,data/nips2017/images/40a7f086461190f3.png,outputs/nips2017/nips2017_selected_20260714_195944/swin/ablation_and_no_verifier/sample_0311/images/final_selected.png,add gentle haze,[],[],False,True
swin,312,40f79488e3c2d6c4,917,748,917,964,True,True,0.6701710820198059,0.3298289179801941,0.753718376159668,0.24628162384033203,data/nips2017/images/40f79488e3c2d6c4.png,outputs/nips2017/nips2017_selected_20260714_195944/swin/ablation_and_no_verifier/sample_0312/images/final_selected.png,covered in aged parchment,[],[],False,True
swin,313,42e9b41ce96dbf0a,850,646,850,974,True,True,0.7214043140411377,0.2785956859588623,0.4599240720272064,0.5400759279727936,data/nips2017/images/42e9b41ce96dbf0a.png,outputs/nips2017/nips2017_selected_20260714_195944/swin/ablation_and_no_verifier/sample_0313/images/final_selected.png,a photo of teddy in the background,[850],"[""teddy""]",False,True
swin,314,42e55ac6782d4d99,973,818,973,33,True,True,0.9279568195343018,0.07204318046569824,0.8459861278533936,0.15401387214660645,data/nips2017/images/42e55ac6782d4d99.png,outputs/nips2017/nips2017_selected_20260714_195944/swin/ablation_and_no_verifier/sample_0314/images/final_selected.png,place in deep blue abyss,[],[],False,True
swin,315,43fa89c17e628c06,132,884,132,616,True,True,0.7216393947601318,0.27836060523986816,0.5408934950828552,0.4591065049171448,data/nips2017/images/43fa89c17e628c06.png,outputs/nips2017/nips2017_selected_20260714_195944/swin/ablation_and_no_verifier/sample_0315/images/final_selected.png,coated in pale moss,[],[],False,True
swin,317,44fa09bc5f8e69a5,303,989,303,26,True,True,0.5354328155517578,0.4645671844482422,0.621246337890625,0.378753662109375,data/nips2017/images/44fa09bc5f8e69a5.png,outputs/nips2017/nips2017_selected_20260714_195944/swin/ablation_and_no_verifier/sample_0317/images/final_selected.png,place in mossy undergrowth,[],[],False,True
swin,318,45da32a1cf073a4f,99,896,99,975,True,True,0.7421441078186035,0.2578558921813965,0.7031077146530151,0.29689228534698486,data/nips2017/images/45da32a1cf073a4f.png,outputs/nips2017/nips2017_selected_20260714_195944/swin/ablation_and_no_verifier/sample_0318/images/final_selected.png,covered in damp earth,[],[],False,True
swin,319,46a489dcff5471a4,919,589,919,634,True,True,0.06892459839582443,0.9310754016041756,0.48631173372268677,0.5136882662773132,data/nips2017/images/46a489dcff5471a4.png,outputs/nips2017/nips2017_selected_20260714_195944/swin/ablation_and_no_verifier/sample_0319/images/final_selected.png,place in industrial setting,[],[],False,True
swin,320,46b657df12fd7c26,283,723,283,288,True,True,0.5008342862129211,0.49916571378707886,0.22914326190948486,0.7708567380905151,data/nips2017/images/46b657df12fd7c26.png,outputs/nips2017/nips2017_selected_20260714_195944/swin/ablation_and_no_verifier/sample_0320/images/final_selected.png,coated in velvet,[885],"[""velvet""]",False,True
swin,321,47b087263b33728b,317,151,317,114,True,True,0.6852465271949768,0.3147534728050232,0.7774760127067566,0.2225239872932434,data/nips2017/images/47b087263b33728b.png,outputs/nips2017/nips2017_selected_20260714_195944/swin/ablation_and_no_verifier/sample_0321/images/final_selected.png,place in mossy undergrowth,[],[],False,True
swin,322,49b1adfeb8ffcabd,931,670,931,974,True,True,0.685631513595581,0.31436848640441895,0.735281229019165,0.26471877098083496,data/nips2017/images/49b1adfeb8ffcabd.png,outputs/nips2017/nips2017_selected_20260714_195944/swin/ablation_and_no_verifier/sample_0322/images/final_selected.png,a photo of bagel in the background,[931],"[""bagel""]",False,True
swin,323,49c27b439d39a00c,489,417,489,565,True,True,0.7690163850784302,0.23098361492156982,0.7315452098846436,0.26845479011535645,data/nips2017/images/49c27b439d39a00c.png,outputs/nips2017/nips2017_selected_20260714_195944/swin/ablation_and_no_verifier/sample_0323/images/final_selected.png,a photo of chainlink fence in the background,[489],"[""chainlink fence""]",False,True
swin,324,50b9e11ae686ae32,320,33,320,319,True,True,0.7837454676628113,0.21625453233718872,0.7276626229286194,0.2723373770713806,data/nips2017/images/50b9e11ae686ae32.png,outputs/nips2017/nips2017_selected_20260714_195944/swin/ablation_and_no_verifier/sample_0324/images/final_selected.png,a photo of damselfly in the background,[320],"[""damselfly""]",False,True
swin,325,51b390bb124a6d9d,967,421,967,968,True,True,0.7535074949264526,0.24649250507354736,0.6048377752304077,0.3951622247695923,data/nips2017/images/51b390bb124a6d9d.png,outputs/nips2017/nips2017_selected_20260714_195944/swin/ablation_and_no_verifier/sample_0325/images/final_selected.png,coated in fine sugar,[],[],False,True
swin,326,51d1c77f80467b59,976,537,976,354,True,True,0.09079170227050781,0.9092082977294922,0.2806280255317688,0.7193719744682312,data/nips2017/images/51d1c77f80467b59.png,outputs/nips2017/nips2017_selected_20260714_195944/swin/ablation_and_no_verifier/sample_0326/images/final_selected.png,shift to arid plains,[],[],False,True
swin,327,52d8515abbfaa8ac,229,633,229,228,True,True,0.674964427947998,0.32503557205200195,0.7234718799591064,0.27652812004089355,data/nips2017/images/52d8515abbfaa8ac.png,outputs/nips2017/nips2017_selected_20260714_195944/swin/ablation_and_no_verifier/sample_0327/images/final_selected.png,coated in damp moss,[],[],False,True
swin,329,53fe22426ff21243,535,778,535,730,True,True,0.7253789305686951,0.27462106943130493,0.37570440769195557,0.6242955923080444,data/nips2017/images/53fe22426ff21243.png,outputs/nips2017/nips2017_selected_20260714_195944/swin/ablation_and_no_verifier/sample_0329/images/final_selected.png,place in concrete alleyway,[],[],False,True
swin,330,54a6b2cd7f89220e,917,170,917,964,True,True,0.8607549667358398,0.13924503326416016,0.7752660512924194,0.22473394870758057,data/nips2017/images/54a6b2cd7f89220e.png,outputs/nips2017/nips2017_selected_20260714_195944/swin/ablation_and_no_verifier/sample_0330/images/final_selected.png,coated in aged parchment,[],[],False,True
swin,331,54ff02d9dfbf8540,883,369,883,470,True,True,0.9008340835571289,0.0991659164428711,0.7563194632530212,0.24368053674697876,data/nips2017/images/54ff02d9dfbf8540.png,outputs/nips2017/nips2017_selected_20260714_195944/swin/ablation_and_no_verifier/sample_0331/images/final_selected.png,dim the ambient light,[],[],False,True
swin,332,55a2e48a87c16998,910,767,910,930,True,True,0.23255367577075958,0.7674463242292404,0.4467431306838989,0.5532568693161011,data/nips2017/images/55a2e48a87c16998.png,outputs/nips2017/nips2017_selected_20260714_195944/swin/ablation_and_no_verifier/sample_0332/images/final_selected.png,place in warm kitchen,[],[],False,True
swin,333,55b85f4336d9603a,879,29,879,885,True,True,0.814582109451294,0.18541789054870605,0.6017860174179077,0.3982139825820923,data/nips2017/images/55b85f4336d9603a.png,outputs/nips2017/nips2017_selected_20260714_195944/swin/ablation_and_no_verifier/sample_0333/images/final_selected.png,coated in aged silk,[],[],False,True
swin,334,55e85d7b58024966,967,614,967,968,True,True,0.7768303751945496,0.22316962480545044,0.5760816335678101,0.42391836643218994,data/nips2017/images/55e85d7b58024966.png,outputs/nips2017/nips2017_selected_20260714_195944/swin/ablation_and_no_verifier/sample_0334/images/final_selected.png,coated in fine powder,[],[],False,True
swin,335,56dbd7d814ef5c58,253,276,253,213,True,True,0.8699848651885986,0.13001513481140137,0.9133229851722717,0.08667701482772827,data/nips2017/images/56dbd7d814ef5c58.png,outputs/nips2017/nips2017_selected_20260714_195944/swin/ablation_and_no_verifier/sample_0335/images/final_selected.png,introduce light mist,[],[],False,True
swin,336,56e9d5f63cfc507e,440,623,440,838,True,True,0.6517070531845093,0.3482929468154907,0.8174633383750916,0.18253666162490845,data/nips2017/images/56e9d5f63cfc507e.png,outputs/nips2017/nips2017_selected_20260714_195944/swin/ablation_and_no_verifier/sample_0336/images/final_selected.png,a photo of beer bottle in the background,[440],"[""beer bottle""]",False,True
swin,337,57e62606f02d0251,547,645,547,705,True,True,0.9397385120391846,0.06026148796081543,0.928135871887207,0.07186412811279297,data/nips2017/images/57e62606f02d0251.png,outputs/nips2017/nips2017_selected_20260714_195944/swin/ablation_and_no_verifier/sample_0337/images/final_selected.png,change lighting to dusk,[],[],False,True
swin,338,58bbaa0c5ab520d5,487,715,487,781,True,True,0.7534855008125305,0.24651449918746948,0.6692072153091431,0.33079278469085693,data/nips2017/images/58bbaa0c5ab520d5.png,outputs/nips2017/nips2017_selected_20260714_195944/swin/ablation_and_no_verifier/sample_0338/images/final_selected.png,a photo of cellular telephone in the background,[487],"[""cellular telephone""]",False,True
swin,339,58f0fd17c4a0e25a,990,99,990,74,True,True,0.8573496341705322,0.14265036582946777,0.798560380935669,0.20143961906433105,data/nips2017/images/58f0fd17c4a0e25a.png,outputs/nips2017/nips2017_selected_20260714_195944/swin/ablation_and_no_verifier/sample_0339/images/final_selected.png,introduce light drizzle,[],[],False,True
swin,340,059da9a174262427,253,629,253,166,True,True,0.796611487865448,0.203388512134552,0.812553882598877,0.18744611740112305,data/nips2017/images/059da9a174262427.png,outputs/nips2017/nips2017_selected_20260714_195944/swin/ablation_and_no_verifier/sample_0340/images/final_selected.png,change light to dusk,[],[],False,True
swin,341,59e9bdbb7a3fc4ba,517,406,517,624,True,True,0.8595280647277832,0.1404719352722168,0.6981974244117737,0.3018025755882263,data/nips2017/images/59e9bdbb7a3fc4ba.png,outputs/nips2017/nips2017_selected_20260714_195944/swin/ablation_and_no_verifier/sample_0341/images/final_selected.png,coated in weathered rust,[],[],False,True
swin,342,60ab0fb53634bc3c,765,551,765,820,True,True,0.908638060092926,0.09136193990707397,0.9182485342025757,0.08175146579742432,data/nips2017/images/60ab0fb53634bc3c.png,outputs/nips2017/nips2017_selected_20260714_195944/swin/ablation_and_no_verifier/sample_0342/images/final_selected.png,introduce gentle mist,[],[],False,True
swin,343,060dfe239abfd547,703,395,703,974,True,True,0.6436070203781128,0.3563929796218872,0.7025443315505981,0.29745566844940186,data/nips2017/images/060dfe239abfd547.png,outputs/nips2017/nips2017_selected_20260714_195944/swin/ablation_and_no_verifier/sample_0343/images/final_selected.png,introduce light mist,[],[],False,True
swin,344,60ed157b21d49c4c,754,959,754,507,True,True,0.8088572025299072,0.19114279747009277,0.7086085081100464,0.2913914918899536,data/nips2017/images/60ed157b21d49c4c.png,outputs/nips2017/nips2017_selected_20260714_195944/swin/ablation_and_no_verifier/sample_0344/images/final_selected.png,place near polished stone,[],[],False,True
swin,345,60f5900a00d94b25,705,557,705,974,True,True,0.9234645366668701,0.07653546333312988,0.9493190050125122,0.05068099498748779,data/nips2017/images/60f5900a00d94b25.png,outputs/nips2017/nips2017_selected_20260714_195944/swin/ablation_and_no_verifier/sample_0345/images/final_selected.png,add light mist,[],[],False,True
swin,346,61ed2594a0524631,471,995,471,479,True,True,0.8744256496429443,0.12557435035705566,0.704853892326355,0.295146107673645,data/nips2017/images/61ed2594a0524631.png,outputs/nips2017/nips2017_selected_20260714_195944/swin/ablation_and_no_verifier/sample_0346/images/final_selected.png,coated in sea salt,[],[],False,True
swin,347,62c7958e7cd80cca,401,756,401,461,True,True,0.5905923843383789,0.4094076156616211,0.8480074405670166,0.1519925594329834,data/nips2017/images/62c7958e7cd80cca.png,outputs/nips2017/nips2017_selected_20260714_195944/swin/ablation_and_no_verifier/sample_0347/images/final_selected.png,a photo of accordion in the background,[401],"[""accordion""]",False,True
swin,348,62e0e0efc6deeef4,970,771,970,980,True,True,0.7552352547645569,0.24476474523544312,0.674915075302124,0.325084924697876,data/nips2017/images/62e0e0efc6deeef4.png,outputs/nips2017/nips2017_selected_20260714_195944/swin/ablation_and_no_verifier/sample_0348/images/final_selected.png,a photo of alp in the background,[970],"[""alp""]",False,True
swin,349,62ebd5f7ce015380,630,691,630,974,True,True,0.8289607167243958,0.17103928327560425,0.6048014163970947,0.3951985836029053,data/nips2017/images/62ebd5f7ce015380.png,outputs/nips2017/nips2017_selected_20260714_195944/swin/ablation_and_no_verifier/sample_0349/images/final_selected.png,place on polished marble,[],[],False,True
swin,350,63f2e14ab6be82cf,667,693,667,400,True,True,0.3034706711769104,0.6965293288230896,0.33246147632598877,0.6675385236740112,data/nips2017/images/63f2e14ab6be82cf.png,outputs/nips2017/nips2017_selected_20260714_195944/swin/ablation_and_no_verifier/sample_0350/images/final_selected.png,place scene in hall,[],[],False,True
swin,351,064e1cc405062c85,107,134,107,696,True,True,0.2289501577615738,0.7710498422384262,0.4956855773925781,0.5043144226074219,data/nips2017/images/064e1cc405062c85.png,outputs/nips2017/nips2017_selected_20260714_195944/swin/ablation_and_no_verifier/sample_0351/images/final_selected.png,coated in iridescent sheen,[],[],False,True
swin,352,64ed3f0e8a2dc320,652,409,652,715,True,True,0.722030520439148,0.27796947956085205,0.4441074728965759,0.5558925271034241,data/nips2017/images/64ed3f0e8a2dc320.png,outputs/nips2017/nips2017_selected_20260714_195944/swin/ablation_and_no_verifier/sample_0352/images/final_selected.png,coated in aged brass,[458],"[""brass""]",False,True
swin,353,65b8c8b065069802,665,378,665,535,True,True,0.913344144821167,0.08665585517883301,0.5290969610214233,0.47090303897857666,data/nips2017/images/65b8c8b065069802.png,outputs/nips2017/nips2017_selected_20260714_195944/swin/ablation_and_no_verifier/sample_0353/images/final_selected.png,a photo of moped in the background,[665],"[""moped""]",False,True
swin,354,65c1808390bd18c5,685,586,685,759,True,True,0.217269629240036,0.782730370759964,0.33542266488075256,0.6645773351192474,data/nips2017/images/65c1808390bd18c5.png,outputs/nips2017/nips2017_selected_20260714_195944/swin/ablation_and_no_verifier/sample_0354/images/final_selected.png,a photo of odometer in the background,[685],"[""odometer""]",False,True
swin,355,66aa56675136bbab,469,606,469,974,True,True,0.9063493013381958,0.0936506986618042,0.8973321914672852,0.10266780853271484,data/nips2017/images/66aa56675136bbab.png,outputs/nips2017/nips2017_selected_20260714_195944/swin/ablation_and_no_verifier/sample_0355/images/final_selected.png,introduce light mist,[],[],False,True
swin,356,67a08d685abf7fb6,738,709,738,418,True,True,0.7778410911560059,0.22215890884399414,0.7676926851272583,0.2323073148727417,data/nips2017/images/67a08d685abf7fb6.png,outputs/nips2017/nips2017_selected_20260714_195944/swin/ablation_and_no_verifier/sample_0356/images/final_selected.png,add light drizzle,[],[],False,True
swin,358,67c0339b1dfda5f6,557,495,557,147,True,True,0.7861629724502563,0.21383702754974365,0.9009633660316467,0.09903663396835327,data/nips2017/images/67c0339b1dfda5f6.png,outputs/nips2017/nips2017_selected_20260714_195944/swin/ablation_and_no_verifier/sample_0358/images/final_selected.png,place scene near water,[],[],False,True
swin,359,67dd47336dc89421,817,948,817,751,True,True,0.6962231397628784,0.3037768602371216,0.6980768442153931,0.30192315578460693,data/nips2017/images/67dd47336dc89421.png,outputs/nips2017/nips2017_selected_20260714_195944/swin/ablation_and_no_verifier/sample_0359/images/final_selected.png,coated in matte ceramic,[],[],False,True
swin,361,69a3493d13953e1f,519,406,519,974,True,True,0.7139338850975037,0.28606611490249634,0.8733376860618591,0.12666231393814087,data/nips2017/images/69a3493d13953e1f.png,outputs/nips2017/nips2017_selected_20260714_195944/swin/ablation_and_no_verifier/sample_0361/images/final_selected.png,add subtle morning mist,[],[],False,True
swin,363,70a2529a6b2c0d46,579,549,579,913,True,True,0.817481279373169,0.18251872062683105,0.6047742366790771,0.39522576332092285,data/nips2017/images/70a2529a6b2c0d46.png,outputs/nips2017/nips2017_selected_20260714_195944/swin/ablation_and_no_verifier/sample_0363/images/final_selected.png,covered in aged wood,[],[],False,True
swin,364,70b3b833463d20b9,863,856,863,649,True,True,0.8827787041664124,0.11722129583358765,0.7512668371200562,0.24873316287994385,data/nips2017/images/70b3b833463d20b9.png,outputs/nips2017/nips2017_selected_20260714_195944/swin/ablation_and_no_verifier/sample_0364/images/final_selected.png,covered in pale lichen,[],[],False,True
swin,365,70b9b8ae11327472,10,982,10,95,True,True,0.6795942783355713,0.3204057216644287,0.5581649541854858,0.44183504581451416,data/nips2017/images/70b9b8ae11327472.png,outputs/nips2017/nips2017_selected_20260714_195944/swin/ablation_and_no_verifier/sample_0365/images/final_selected.png,coated in russet tones,[],[],False,True
swin,366,70d812d368e3e828,455,201,455,868,True,True,0.6398428678512573,0.3601571321487427,0.49242937564849854,0.5075706243515015,data/nips2017/images/70d812d368e3e828.png,outputs/nips2017/nips2017_selected_20260714_195944/swin/ablation_and_no_verifier/sample_0366/images/final_selected.png,coated in brushed aluminum,[],[],False,True
swin,368,71d368782c72e313,912,486,912,410,True,True,0.7186303734779358,0.2813696265220642,0.6621484160423279,0.3378515839576721,data/nips2017/images/71d368782c72e313.png,outputs/nips2017/nips2017_selected_20260714_195944/swin/ablation_and_no_verifier/sample_0368/images/final_selected.png,change light to dusk,[],[],False,True
swin,369,72ac2a5af79e26d5,717,861,717,436,True,True,0.9091777801513672,0.09082221984863281,0.5761461853981018,0.4238538146018982,data/nips2017/images/72ac2a5af79e26d5.png,outputs/nips2017/nips2017_selected_20260714_195944/swin/ablation_and_no_verifier/sample_0369/images/final_selected.png,coated in polished chrome,[],[],False,True
swin,370,72d85232abd98067,470,598,470,974,True,True,0.7713481187820435,0.22865188121795654,0.8703346848487854,0.1296653151512146,data/nips2017/images/72d85232abd98067.png,outputs/nips2017/nips2017_selected_20260714_195944/swin/ablation_and_no_verifier/sample_0370/images/final_selected.png,introduce light mist,[],[],False,True
swin,371,72e6ba0cc7fb30a6,874,833,874,654,True,True,0.6552778482437134,0.3447221517562866,0.4862903952598572,0.5137096047401428,data/nips2017/images/72e6ba0cc7fb30a6.png,outputs/nips2017/nips2017_selected_20260714_195944/swin/ablation_and_no_verifier/sample_0371/images/final_selected.png,a photo of trolleybus in the background,[874],"[""trolleybus""]",False,True
swin,372,72f96c6dc5df2de8,884,783,884,663,True,True,0.7126262784004211,0.28737372159957886,0.7186786532402039,0.28132134675979614,data/nips2017/images/72f96c6dc5df2de8.png,outputs/nips2017/nips2017_selected_20260714_195944/swin/ablation_and_no_verifier/sample_0372/images/final_selected.png,shift to midday sun,[],[],False,True
swin,373,73a52afd2f818ed5,438,695,438,968,True,True,0.7536699771881104,0.24633002281188965,0.4851035177707672,0.5148964822292328,data/nips2017/images/73a52afd2f818ed5.png,outputs/nips2017/nips2017_selected_20260714_195944/swin/ablation_and_no_verifier/sample_0373/images/final_selected.png,diffuse ambient light,[],[],False,True
swin,375,74b2e35cda75fe27,628,465,628,913,True,True,0.3141401708126068,0.6858598291873932,0.4276190400123596,0.5723809599876404,data/nips2017/images/74b2e35cda75fe27.png,outputs/nips2017/nips2017_selected_20260714_195944/swin/ablation_and_no_verifier/sample_0375/images/final_selected.png,a photo of liner in the background,[628],"[""liner""]",False,True
swin,376,74b13710bcf4f7f3,774,917,774,538,True,True,0.8702970147132874,0.12970298528671265,0.9163802266120911,0.08361977338790894,data/nips2017/images/74b13710bcf4f7f3.png,outputs/nips2017/nips2017_selected_20260714_195944/swin/ablation_and_no_verifier/sample_0376/images/final_selected.png,change lighting to dusk,[],[],False,True
swin,377,74bfc95412b2f824,671,654,671,600,True,True,0.9308350086212158,0.06916499137878418,0.918624997138977,0.08137500286102295,data/nips2017/images/74bfc95412b2f824.png,outputs/nips2017/nips2017_selected_20260714_195944/swin/ablation_and_no_verifier/sample_0377/images/final_selected.png,change lighting to dusk,[],[],False,True
swin,378,74dbbe535861d709,701,193,701,843,True,True,0.36805206537246704,0.631947934627533,0.4804021716117859,0.5195978283882141,data/nips2017/images/74dbbe535861d709.png,outputs/nips2017/nips2017_selected_20260714_195944/swin/ablation_and_no_verifier/sample_0378/images/final_selected.png,coated in weathered canvas,[],[],False,True
swin,379,76a5715019fe11c7,820,767,820,974,True,True,0.836895227432251,0.16310477256774902,0.5789026021957397,0.42109739780426025,data/nips2017/images/76a5715019fe11c7.png,outputs/nips2017/nips2017_selected_20260714_195944/swin/ablation_and_no_verifier/sample_0379/images/final_selected.png,a photo of steam locomotive in the background,[820],"[""steam locomotive""]",False,True
swin,380,76d7e2d1bf3a31fe,311,731,311,991,True,True,0.14874812960624695,0.851251870393753,0.46096405386924744,0.5390359461307526,data/nips2017/images/76d7e2d1bf3a31fe.png,outputs/nips2017/nips2017_selected_20260714_195944/swin/ablation_and_no_verifier/sample_0380/images/final_selected.png,coated in pale moss,[],[],False,True
swin,382,77ac8bf95825dfcc,634,727,634,990,True,True,0.7106660604476929,0.28933393955230713,0.5738281011581421,0.4261718988418579,data/nips2017/images/77ac8bf95825dfcc.png,outputs/nips2017/nips2017_selected_20260714_195944/swin/ablation_and_no_verifier/sample_0382/images/final_selected.png,coated in damp moss,[],[],False,True
swin,384,79a5625805a08253,765,804,765,559,True,True,0.35304510593414307,0.6469548940658569,0.5908151268959045,0.40918487310409546,data/nips2017/images/79a5625805a08253.png,outputs/nips2017/nips2017_selected_20260714_195944/swin/ablation_and_no_verifier/sample_0384/images/final_selected.png,place in sunlit patio,[706],"[""patio""]",False,True
swin,385,79f953be91aa8ce2,659,587,659,828,True,True,0.7932155132293701,0.20678448677062988,0.4090687036514282,0.5909312963485718,data/nips2017/images/79f953be91aa8ce2.png,outputs/nips2017/nips2017_selected_20260714_195944/swin/ablation_and_no_verifier/sample_0385/images/final_selected.png,coated in pale ceramic,[],[],False,True
swin,386,79fa9855119ffeea,478,505,478,519,True,True,0.862682580947876,0.13731741905212402,0.8728384971618652,0.12716150283813477,data/nips2017/images/79fa9855119ffeea.png,outputs/nips2017/nips2017_selected_20260714_195944/swin/ablation_and_no_verifier/sample_0386/images/final_selected.png,a photo of carton in the background,[478],"[""carton""]",False,True
swin,387,080bec22a6b1d37d,759,817,759,974,True,True,0.9069250226020813,0.0930749773979187,0.8904727697372437,0.10952723026275635,data/nips2017/images/080bec22a6b1d37d.png,outputs/nips2017/nips2017_selected_20260714_195944/swin/ablation_and_no_verifier/sample_0387/images/final_selected.png,a photo of reflex camera in the background,[759],"[""reflex camera""]",False,True
swin,388,81a7637c67f4f777,489,835,489,912,True,True,0.8501088619232178,0.14989113807678223,0.6242921948432922,0.37570780515670776,data/nips2017/images/81a7637c67f4f777.png,outputs/nips2017/nips2017_selected_20260714_195944/swin/ablation_and_no_verifier/sample_0388/images/final_selected.png,coated in verdigris,[],[],False,True
swin,389,81ddbe14219e9dcf,317,671,317,580,True,True,0.47534680366516113,0.5246531963348389,0.7086617946624756,0.2913382053375244,data/nips2017/images/81ddbe14219e9dcf.png,outputs/nips2017/nips2017_selected_20260714_195944/swin/ablation_and_no_verifier/sample_0389/images/final_selected.png,place in humid greenhouse,[580],"[""greenhouse""]",True,False
swin,390,82b6f0bc71f5d0af,562,577,562,646,True,True,0.8081531524658203,0.1918468475341797,0.6366019248962402,0.36339807510375977,data/nips2017/images/82b6f0bc71f5d0af.png,outputs/nips2017/nips2017_selected_20260714_195944/swin/ablation_and_no_verifier/sample_0390/images/final_selected.png,a photo of fountain in the background,[562],"[""fountain""]",False,True
swin,391,82e2334925339ef8,817,768,817,751,True,True,0.8757178783416748,0.1242821216583252,0.8322921395301819,0.16770786046981812,data/nips2017/images/82e2334925339ef8.png,outputs/nips2017/nips2017_selected_20260714_195944/swin/ablation_and_no_verifier/sample_0391/images/final_selected.png,a photo of sports car in the background,[817],"[""sports car""]",False,True
swin,392,83d35591dfff99ac,580,856,580,318,True,True,0.7679411172866821,0.23205888271331787,0.7086770534515381,0.2913229465484619,data/nips2017/images/83d35591dfff99ac.png,outputs/nips2017/nips2017_selected_20260714_195944/swin/ablation_and_no_verifier/sample_0392/images/final_selected.png,diffuse the light softly,[],[],False,True
swin,393,84a5f6ee2af29208,320,512,320,319,True,True,0.6939535737037659,0.30604642629623413,0.6859716176986694,0.31402838230133057,data/nips2017/images/84a5f6ee2af29208.png,outputs/nips2017/nips2017_selected_20260714_195944/swin/ablation_and_no_verifier/sample_0393/images/final_selected.png,place in sunlit meadow,[],[],False,True
swin,394,84af93c72781b7f0,437,781,437,488,True,True,0.9043443202972412,0.09565567970275879,0.8427342772483826,0.15726572275161743,data/nips2017/images/84af93c72781b7f0.png,outputs/nips2017/nips2017_selected_20260714_195944/swin/ablation_and_no_verifier/sample_0394/images/final_selected.png,a photo of beacon in the background,[437],"[""beacon""]",False,True
swin,395,85e2eea48d912d31,805,135,805,240,True,True,0.7052856087684631,0.29471439123153687,0.8337960243225098,0.16620397567749023,data/nips2017/images/85e2eea48d912d31.png,outputs/nips2017/nips2017_selected_20260714_195944/swin/ablation_and_no_verifier/sample_0395/images/final_selected.png,place scene on gravel,[],[],False,True
swin,396,87a2147620d5e1cb,779,289,779,874,True,True,0.9255803823471069,0.07441961765289307,0.720065712928772,0.279934287071228,data/nips2017/images/87a2147620d5e1cb.png,outputs/nips2017/nips2017_selected_20260714_195944/swin/ablation_and_no_verifier/sample_0396/images/final_selected.png,painted with deep red,[],[],False,True
swin,397,87fcc5f70673d3d2,698,158,698,974,True,True,0.6830893754959106,0.31691062450408936,0.5180691480636597,0.48193085193634033,data/nips2017/images/87fcc5f70673d3d2.png,outputs/nips2017/nips2017_selected_20260714_195944/swin/ablation_and_no_verifier/sample_0397/images/final_selected.png,introduce light drizzle,[],[],False,True
swin,398,89d60f53d478c4f7,667,434,667,400,True,True,0.298545241355896,0.701454758644104,0.21881003677845,0.78118996322155,data/nips2017/images/89d60f53d478c4f7.png,outputs/nips2017/nips2017_selected_20260714_195944/swin/ablation_and_no_verifier/sample_0398/images/final_selected.png,place in grand hall,[579],"[""grand piano""]",False,True
swin,400,89f48bcf97aa6600,417,69,417,970,True,True,0.5760155320167542,0.42398446798324585,0.4459417462348938,0.5540582537651062,data/nips2017/images/89f48bcf97aa6600.png,outputs/nips2017/nips2017_selected_20260714_195944/swin/ablation_and_no_verifier/sample_0400/images/final_selected.png,place scene near mountains,[],[],False,True
swin,401,90ab38bb74020d5a,646,140,646,698,True,True,0.9507195949554443,0.049280405044555664,0.9162985682487488,0.08370143175125122,data/nips2017/images/90ab38bb74020d5a.png,outputs/nips2017/nips2017_selected_20260714_195944/swin/ablation_and_no_verifier/sample_0401/images/final_selected.png,covered in mossy patina,[],[],False,True
swin,402,90dfd75887f3e67b,985,44,985,818,True,True,0.7581259608268738,0.24187403917312622,0.6715043783187866,0.3284956216812134,data/nips2017/images/90dfd75887f3e67b.png,outputs/nips2017/nips2017_selected_20260714_195944/swin/ablation_and_no_verifier/sample_0402/images/final_selected.png,a photo of daisy in the background,[985],"[""daisy""]",False,True
swin,403,90e1aa56cae80a60,917,416,917,868,True,True,0.8972928524017334,0.1027071475982666,0.9014816284179688,0.09851837158203125,data/nips2017/images/90e1aa56cae80a60.png,outputs/nips2017/nips2017_selected_20260714_195944/swin/ablation_and_no_verifier/sample_0403/images/final_selected.png,coated in parchment,[],[],False,True
swin,404,90e9a43bfb6a68b7,866,475,866,974,True,True,0.8927814364433289,0.10721856355667114,0.9109569191932678,0.08904308080673218,data/nips2017/images/90e9a43bfb6a68b7.png,outputs/nips2017/nips2017_selected_20260714_195944/swin/ablation_and_no_verifier/sample_0404/images/final_selected.png,add light morning mist,[],[],False,True
swin,405,90e11aa7c36c64f2,949,0,949,700,True,True,0.6313948631286621,0.3686051368713379,0.6516115069389343,0.3483884930610657,data/nips2017/images/90e11aa7c36c64f2.png,outputs/nips2017/nips2017_selected_20260714_195944/swin/ablation_and_no_verifier/sample_0405/images/final_selected.png,coated in fine sugar,[],[],False,True
swin,406,90f5385a77a49f77,703,904,703,974,True,True,0.6954878568649292,0.3045121431350708,0.5960298180580139,0.4039701819419861,data/nips2017/images/90f5385a77a49f77.png,outputs/nips2017/nips2017_selected_20260714_195944/swin/ablation_and_no_verifier/sample_0406/images/final_selected.png,place in sunlit meadow,[],[],False,True
swin,407,91d18b353d5b3be2,930,25,930,599,True,True,0.7021781206130981,0.29782187938690186,0.45996028184890747,0.5400397181510925,data/nips2017/images/91d18b353d5b3be2.png,outputs/nips2017/nips2017_selected_20260714_195944/swin/ablation_and_no_verifier/sample_0407/images/final_selected.png,a photo of French loaf in the background,[930],"[""french loaf""]",False,True
swin,408,92c3f5e99d8ac862,663,361,663,698,True,True,0.48325037956237793,0.5167496204376221,0.4277949333190918,0.5722050666809082,data/nips2017/images/92c3f5e99d8ac862.png,outputs/nips2017/nips2017_selected_20260714_195944/swin/ablation_and_no_verifier/sample_0408/images/final_selected.png,covered in pale moss,[],[],False,True
swin,409,92c73d668e2cd3ce,858,581,858,538,True,True,0.8877784013748169,0.1122215986251831,0.8202832937240601,0.17971670627593994,data/nips2017/images/92c73d668e2cd3ce.png,outputs/nips2017/nips2017_selected_20260714_195944/swin/ablation_and_no_verifier/sample_0409/images/final_selected.png,change lighting to dusk,[],[],False,True
swin,410,92dbb18dd447fd75,489,193,489,498,True,True,0.5283132791519165,0.4716867208480835,0.630099892616272,0.369900107383728,data/nips2017/images/92dbb18dd447fd75.png,outputs/nips2017/nips2017_selected_20260714_195944/swin/ablation_and_no_verifier/sample_0410/images/final_selected.png,change lighting to dusk,[],[],False,True
swin,412,95d1a6be6786190f,890,982,890,615,True,True,0.8740700483322144,0.12592995166778564,0.8584423661231995,0.14155763387680054,data/nips2017/images/95d1a6be6786190f.png,outputs/nips2017/nips2017_selected_20260714_195944/swin/ablation_and_no_verifier/sample_0412/images/final_selected.png,apply soft afternoon light,[],[],False,True
swin,413,95d6a4087f394d8b,749,540,749,395,True,True,0.7610170841217041,0.2389829158782959,0.48902761936187744,0.5109723806381226,data/nips2017/images/95d6a4087f394d8b.png,outputs/nips2017/nips2017_selected_20260714_195944/swin/ablation_and_no_verifier/sample_0413/images/final_selected.png,coated in pale dust,[],[],False,True
swin,414,95fbd20d0aaf319a,825,299,825,649,True,True,0.7893664836883545,0.2106335163116455,0.7244264483451843,0.2755735516548157,data/nips2017/images/95fbd20d0aaf319a.png,outputs/nips2017/nips2017_selected_20260714_195944/swin/ablation_and_no_verifier/sample_0414/images/final_selected.png,place in dry desert,[],[],False,True
swin,415,96e77c20bf94ecb1,817,517,817,436,True,True,0.8960679173469543,0.10393208265304565,0.8237662315368652,0.17623376846313477,data/nips2017/images/96e77c20bf94ecb1.png,outputs/nips2017/nips2017_selected_20260714_195944/swin/ablation_and_no_verifier/sample_0415/images/final_selected.png,place in open desert,[],[],False,True
swin,418,114c98c078c5aab0,49,107,49,50,True,True,0.8169314861297607,0.18306851387023926,0.63818359375,0.36181640625,data/nips2017/images/114c98c078c5aab0.png,outputs/nips2017/nips2017_selected_20260714_195944/swin/ablation_and_no_verifier/sample_0418/images/final_selected.png,coated in wet algae,[],[],False,True
swin,419,121c87c3c822e2c5,458,385,458,908,True,True,0.9317378997802734,0.06826210021972656,0.9276882410049438,0.07231175899505615,data/nips2017/images/121c87c3c822e2c5.png,outputs/nips2017/nips2017_selected_20260714_195944/swin/ablation_and_no_verifier/sample_0419/images/final_selected.png,add light morning mist,[],[],False,True
swin,420,128fca690a11f68c,97,784,97,139,True,True,0.8453317880630493,0.15466821193695068,0.7634156942367554,0.23658430576324463,data/nips2017/images/128fca690a11f68c.png,outputs/nips2017/nips2017_selected_20260714_195944/swin/ablation_and_no_verifier/sample_0420/images/final_selected.png,coated in damp moss,[],[],False,True
swin,421,0134ba03294509a1,981,354,981,862,True,True,0.915385365486145,0.08461463451385498,0.9246314764022827,0.07536852359771729,data/nips2017/images/0134ba03294509a1.png,outputs/nips2017/nips2017_selected_20260714_195944/swin/ablation_and_no_verifier/sample_0421/images/final_selected.png,shift background to dusk,[],[],False,True
swin,422,134bfd93a04b88b2,580,961,580,978,True,True,0.35483506321907043,0.6451649367809296,0.5852513313293457,0.4147486686706543,data/nips2017/images/134bfd93a04b88b2.png,outputs/nips2017/nips2017_selected_20260714_195944/swin/ablation_and_no_verifier/sample_0422/images/final_selected.png,place in arid desert,[],[],False,True
swin,423,137ab6ca314e9e35,619,555,619,624,True,True,0.08489678800106049,0.9151032119989395,0.3210912048816681,0.6789087951183319,data/nips2017/images/137ab6ca314e9e35.png,outputs/nips2017/nips2017_selected_20260714_195944/swin/ablation_and_no_verifier/sample_0423/images/final_selected.png,place in antique study,[],[],False,True
swin,424,143c74a57326fd40,421,422,421,974,True,True,0.43091902136802673,0.5690809786319733,0.39948415756225586,0.6005158424377441,data/nips2017/images/143c74a57326fd40.png,outputs/nips2017/nips2017_selected_20260714_195944/swin/ablation_and_no_verifier/sample_0424/images/final_selected.png,coated in aged copper,[],[],False,True
swin,425,172f992e1a0ebbc3,565,491,565,829,True,True,0.7535701394081116,0.24642986059188843,0.4335912764072418,0.5664087235927582,data/nips2017/images/172f992e1a0ebbc3.png,outputs/nips2017/nips2017_selected_20260714_195944/swin/ablation_and_no_verifier/sample_0425/images/final_selected.png,coated in dull chrome,[],[],False,True
swin,426,184a160b32ff4c72,517,716,517,554,True,True,0.8203694224357605,0.1796305775642395,0.8335314393043518,0.1664685606956482,data/nips2017/images/184a160b32ff4c72.png,outputs/nips2017/nips2017_selected_20260714_195944/swin/ablation_and_no_verifier/sample_0426/images/final_selected.png,add light mist,[],[],False,True
swin,427,207fd3b5def218d1,990,278,990,980,True,True,0.899666428565979,0.100333571434021,0.9245692491531372,0.07543075084686279,data/nips2017/images/207fd3b5def218d1.png,outputs/nips2017/nips2017_selected_20260714_195944/swin/ablation_and_no_verifier/sample_0427/images/final_selected.png,introduce gentle mist,[],[],False,True
swin,428,0212aa8aa912ee45,326,415,326,989,True,True,0.7581316828727722,0.24186831712722778,0.7320792078971863,0.2679207921028137,data/nips2017/images/0212aa8aa912ee45.png,outputs/nips2017/nips2017_selected_20260714_195944/swin/ablation_and_no_verifier/sample_0428/images/final_selected.png,coated in fine dust,[],[],False,True
swin,429,218e02b6cfa0466e,698,216,698,480,True,True,0.8602651357650757,0.13973486423492432,0.6593593955039978,0.3406406044960022,data/nips2017/images/218e02b6cfa0466e.png,outputs/nips2017/nips2017_selected_20260714_195944/swin/ablation_and_no_verifier/sample_0429/images/final_selected.png,coated in aged stone,[],[],False,True
swin,430,225e06c2dfa68a62,881,944,881,634,True,True,0.8423411846160889,0.15765881538391113,0.7496615052223206,0.25033849477767944,data/nips2017/images/225e06c2dfa68a62.png,outputs/nips2017/nips2017_selected_20260714_195944/swin/ablation_and_no_verifier/sample_0430/images/final_selected.png,place in workshop setting,[],[],False,True
swin,431,228fec6cab5f560d,973,930,973,109,True,True,0.8213717937469482,0.17862820625305176,0.4028644561767578,0.5971355438232422,data/nips2017/images/228fec6cab5f560d.png,outputs/nips2017/nips2017_selected_20260714_195944/swin/ablation_and_no_verifier/sample_0431/images/final_selected.png,covered in fine silt,[],[],False,True
swin,432,229fbe790098d2e5,480,575,480,526,True,True,0.46627277135849,0.53372722864151,0.7402560710906982,0.25974392890930176,data/nips2017/images/229fbe790098d2e5.png,outputs/nips2017/nips2017_selected_20260714_195944/swin/ablation_and_no_verifier/sample_0432/images/final_selected.png,place in modern office,[],[],False,True
swin,433,232c22314e21f764,114,903,114,329,True,True,0.4205823540687561,0.5794176459312439,0.4833694100379944,0.5166305899620056,data/nips2017/images/232c22314e21f764.png,outputs/nips2017/nips2017_selected_20260714_195944/swin/ablation_and_no_verifier/sample_0433/images/final_selected.png,coated in fine sand,[],[],False,True
swin,434,263c7bcd59502625,479,650,479,581,True,True,0.9154791235923767,0.08452087640762329,0.8557733297348022,0.14422667026519775,data/nips2017/images/263c7bcd59502625.png,outputs/nips2017/nips2017_selected_20260714_195944/swin/ablation_and_no_verifier/sample_0434/images/final_selected.png,a photo of car wheel in the background,[479],"[""car wheel""]",False,True
swin,435,00312c7e7196baf4,326,219,326,322,True,True,0.5860062837600708,0.4139937162399292,0.6345152258872986,0.3654847741127014,data/nips2017/images/00312c7e7196baf4.png,outputs/nips2017/nips2017_selected_20260714_195944/swin/ablation_and_no_verifier/sample_0435/images/final_selected.png,a photo of lycaenid in the background,[326],"[""lycaenid""]",False,True
swin,437,315e55af9615abd2,346,105,346,730,True,True,0.7442446947097778,0.25575530529022217,0.46767863631248474,0.5323213636875153,data/nips2017/images/315e55af9615abd2.png,outputs/nips2017/nips2017_selected_20260714_195944/swin/ablation_and_no_verifier/sample_0437/images/final_selected.png,coated in mud,[],[],False,True
swin,438,319e8b63d6a194aa,825,528,825,996,True,True,0.49879759550094604,0.501202404499054,0.5724790096282959,0.4275209903717041,data/nips2017/images/319e8b63d6a194aa.png,outputs/nips2017/nips2017_selected_20260714_195944/swin/ablation_and_no_verifier/sample_0438/images/final_selected.png,covered in pale moss,[],[],False,True
swin,439,328d99215b19c8c7,805,925,805,450,True,True,0.7236592769622803,0.2763407230377197,0.9129217267036438,0.0870782732963562,data/nips2017/images/328d99215b19c8c7.png,outputs/nips2017/nips2017_selected_20260714_195944/swin/ablation_and_no_verifier/sample_0439/images/final_selected.png,shift to stadium seating,[],[],False,True
swin,440,330b9cb3cd80c88b,533,430,533,911,True,True,0.37054377794265747,0.6294562220573425,0.4222664535045624,0.5777335464954376,data/nips2017/images/330b9cb3cd80c88b.png,outputs/nips2017/nips2017_selected_20260714_195944/swin/ablation_and_no_verifier/sample_0440/images/final_selected.png,coated in fine silt,[],[],False,True
swin,441,335e604bbe3eec78,311,686,311,428,True,True,0.5578160881996155,0.4421839118003845,0.46891331672668457,0.5310866832733154,data/nips2017/images/335e604bbe3eec78.png,outputs/nips2017/nips2017_selected_20260714_195944/swin/ablation_and_no_verifier/sample_0441/images/final_selected.png,a photo of grasshopper in the background,[311],"[""grasshopper""]",False,True
swin,442,346c5575b60194c3,948,624,948,950,True,True,0.8469294905662537,0.15307050943374634,0.7948546409606934,0.20514535903930664,data/nips2017/images/346c5575b60194c3.png,outputs/nips2017/nips2017_selected_20260714_195944/swin/ablation_and_no_verifier/sample_0442/images/final_selected.png,change lighting to golden hour,[],[],False,True
swin,443,348ac56def3ccd35,915,532,915,853,True,True,0.5656731724739075,0.43432682752609253,0.5845898389816284,0.4154101610183716,data/nips2017/images/348ac56def3ccd35.png,outputs/nips2017/nips2017_selected_20260714_195944/swin/ablation_and_no_verifier/sample_0443/images/final_selected.png,covered in woven reeds,[],[],False,True
swin,444,362e4ac62cf888f4,572,35,572,828,True,True,0.5641422271728516,0.43585777282714844,0.5327596664428711,0.4672403335571289,data/nips2017/images/362e4ac62cf888f4.png,outputs/nips2017/nips2017_selected_20260714_195944/swin/ablation_and_no_verifier/sample_0444/images/final_selected.png,coated in pale jade,[],[],False,True
swin,445,393d40f3a6a79400,327,845,327,112,True,True,0.39539259672164917,0.6046074032783508,0.37354934215545654,0.6264506578445435,data/nips2017/images/393d40f3a6a79400.png,outputs/nips2017/nips2017_selected_20260714_195944/swin/ablation_and_no_verifier/sample_0445/images/final_selected.png,a photo of starfish in the background,[327],"[""starfish""]",False,True
swin,446,405dd60729a8c18d,847,495,847,562,True,True,0.9251450300216675,0.07485496997833252,0.831119954586029,0.16888004541397095,data/nips2017/images/405dd60729a8c18d.png,outputs/nips2017/nips2017_selected_20260714_195944/swin/ablation_and_no_verifier/sample_0446/images/final_selected.png,introduce light drizzle,[],[],False,True
swin,447,408bae58c26a8076,132,760,132,144,True,True,0.8862587213516235,0.11374127864837646,0.832190990447998,0.16780900955200195,data/nips2017/images/408bae58c26a8076.png,outputs/nips2017/nips2017_selected_20260714_195944/swin/ablation_and_no_verifier/sample_0447/images/final_selected.png,change light to golden hour,[],[],False,True
swin,448,411c5d79017077f4,81,676,81,80,True,True,0.9545291662216187,0.04547083377838135,0.9277722835540771,0.07222771644592285,data/nips2017/images/411c5d79017077f4.png,outputs/nips2017/nips2017_selected_20260714_195944/swin/ablation_and_no_verifier/sample_0448/images/final_selected.png,a photo of ptarmigan in the background,[81],"[""ptarmigan""]",False,True
swin,449,0411ca972e637297,967,696,967,968,True,True,0.9564246535301208,0.04357534646987915,0.872148334980011,0.127851665019989,data/nips2017/images/0411ca972e637297.png,outputs/nips2017/nips2017_selected_20260714_195944/swin/ablation_and_no_verifier/sample_0449/images/final_selected.png,shift to twilight setting,[],[],False,True
swin,451,446b24f903b488fc,143,838,143,119,True,True,0.7896503210067749,0.2103496789932251,0.7909454703330994,0.20905452966690063,data/nips2017/images/446b24f903b488fc.png,outputs/nips2017/nips2017_selected_20260714_195944/swin/ablation_and_no_verifier/sample_0451/images/final_selected.png,coated in wet algae,[],[],False,True
swin,452,446f75fdea0e1da0,921,200,921,692,True,True,0.715912938117981,0.28408706188201904,0.8041081428527832,0.1958918571472168,data/nips2017/images/446f75fdea0e1da0.png,outputs/nips2017/nips2017_selected_20260714_195944/swin/ablation_and_no_verifier/sample_0452/images/final_selected.png,a photo of book jacket in the background,[921],"[""book jacket""]",False,True
swin,453,448a738f6dcba07e,562,415,562,554,True,True,0.7052493095397949,0.2947506904602051,0.6912707090377808,0.30872929096221924,data/nips2017/images/448a738f6dcba07e.png,outputs/nips2017/nips2017_selected_20260714_195944/swin/ablation_and_no_verifier/sample_0453/images/final_selected.png,a photo of fountain in the background,[562],"[""fountain""]",False,True
swin,454,477bf90e7413df23,541,835,541,524,True,True,0.8113822937011719,0.18861770629882812,0.6091275215148926,0.3908724784851074,data/nips2017/images/477bf90e7413df23.png,outputs/nips2017/nips2017_selected_20260714_195944/swin/ablation_and_no_verifier/sample_0454/images/final_selected.png,covered in polished brass,[458],"[""brass""]",False,True
swin,455,490df9e021386d29,404,350,404,565,True,True,0.8777213096618652,0.12227869033813477,0.33984196186065674,0.6601580381393433,data/nips2017/images/490df9e021386d29.png,outputs/nips2017/nips2017_selected_20260714_195944/swin/ablation_and_no_verifier/sample_0455/images/final_selected.png,coated in oxidized copper,[],[],False,True
swin,456,493e327b171ab0c3,830,855,830,422,True,True,0.868340015411377,0.13165998458862305,0.7718698382377625,0.22813016176223755,data/nips2017/images/493e327b171ab0c3.png,outputs/nips2017/nips2017_selected_20260714_195944/swin/ablation_and_no_verifier/sample_0456/images/final_selected.png,dim the ambient light,[],[],False,True
swin,457,506b87b78daa499c,820,243,820,847,True,True,0.8028582334518433,0.19714176654815674,0.6501885056495667,0.34981149435043335,data/nips2017/images/506b87b78daa499c.png,outputs/nips2017/nips2017_selected_20260714_195944/swin/ablation_and_no_verifier/sample_0457/images/final_selected.png,move to open field,[],[],False,True
swin,458,510e5062fef4a993,630,292,630,884,True,True,0.03015759401023388,0.9698424059897661,0.3196413218975067,0.6803586781024933,data/nips2017/images/510e5062fef4a993.png,outputs/nips2017/nips2017_selected_20260714_195944/swin/ablation_and_no_verifier/sample_0458/images/final_selected.png,place in stone corridor,[],[],False,True
swin,459,513b3032ed1f388c,113,541,113,974,True,True,0.7395164370536804,0.2604835629463196,0.7210819721221924,0.2789180278778076,data/nips2017/images/513b3032ed1f388c.png,outputs/nips2017/nips2017_selected_20260714_195944/swin/ablation_and_no_verifier/sample_0459/images/final_selected.png,a photo of snail in the background,[113],"[""snail""]",False,True
swin,463,542c07e8bf8e283c,144,705,144,99,True,True,0.40386199951171875,0.5961380004882812,0.19043153524398804,0.809568464756012,data/nips2017/images/542c07e8bf8e283c.png,outputs/nips2017/nips2017_selected_20260714_195944/swin/ablation_and_no_verifier/sample_0463/images/final_selected.png,coated in pale stone,[],[],False,True
swin,464,0546b47c13f154d3,107,317,107,885,True,True,0.6785292625427246,0.3214707374572754,0.7374202013015747,0.2625797986984253,data/nips2017/images/0546b47c13f154d3.png,outputs/nips2017/nips2017_selected_20260714_195944/swin/ablation_and_no_verifier/sample_0464/images/final_selected.png,coated in pale silk,[],[],False,True
swin,465,556d8b457b94c285,746,377,746,795,True,True,0.8500754237174988,0.14992457628250122,0.8494768142700195,0.15052318572998047,data/nips2017/images/556d8b457b94c285.png,outputs/nips2017/nips2017_selected_20260714_195944/swin/ablation_and_no_verifier/sample_0465/images/final_selected.png,a photo of puck in the background,[746],"[""puck""]",False,True
swin,466,558a7b66b78ba65b,421,667,421,884,True,True,0.7319521903991699,0.2680478096008301,0.5670336484909058,0.43296635150909424,data/nips2017/images/558a7b66b78ba65b.png,outputs/nips2017/nips2017_selected_20260714_195944/swin/ablation_and_no_verifier/sample_0466/images/final_selected.png,a photo of bannister in the background,[421],"[""bannister""]",False,True
swin,467,564de663adeb8cd5,557,132,557,428,True,True,0.6927492618560791,0.3072507381439209,0.7177438735961914,0.2822561264038086,data/nips2017/images/564de663adeb8cd5.png,outputs/nips2017/nips2017_selected_20260714_195944/swin/ablation_and_no_verifier/sample_0467/images/final_selected.png,a photo of flagpole in the background,[557],"[""flagpole""]",False,True
swin,469,588bd41c9aa5a81b,533,153,533,721,True,True,0.16563312709331512,0.8343668729066849,0.04907553270459175,0.9509244672954082,data/nips2017/images/588bd41c9aa5a81b.png,outputs/nips2017/nips2017_selected_20260714_195944/swin/ablation_and_no_verifier/sample_0469/images/final_selected.png,coated in fine linen,[],[],False,True
swin,471,602f2c3749d6021e,746,105,746,332,True,True,0.9736354351043701,0.026364564895629883,0.960566520690918,0.03943347930908203,data/nips2017/images/602f2c3749d6021e.png,outputs/nips2017/nips2017_selected_20260714_195944/swin/ablation_and_no_verifier/sample_0471/images/final_selected.png,add subtle ambient haze,[],[],False,True
swin,472,604b54a3b7424d9b,938,429,938,706,True,True,0.5997055768966675,0.4002944231033325,0.6330350041389465,0.36696499586105347,data/nips2017/images/604b54a3b7424d9b.png,outputs/nips2017/nips2017_selected_20260714_195944/swin/ablation_and_no_verifier/sample_0472/images/final_selected.png,shift setting to covered patio,[706],"[""patio""]",True,False
swin,473,611f453c4bb616b9,309,64,309,307,True,True,0.7287248373031616,0.2712751626968384,0.5428364872932434,0.4571635127067566,data/nips2017/images/611f453c4bb616b9.png,outputs/nips2017/nips2017_selected_20260714_195944/swin/ablation_and_no_verifier/sample_0473/images/final_selected.png,coated in fine silt,[],[],False,True
swin,474,619a9d0eb2acdd82,884,842,884,818,True,True,0.8449274301528931,0.15507256984710693,0.800804078578949,0.19919592142105103,data/nips2017/images/619a9d0eb2acdd82.png,outputs/nips2017/nips2017_selected_20260714_195944/swin/ablation_and_no_verifier/sample_0474/images/final_selected.png,dim the ambient light,[],[],False,True
swin,476,634d7f18d098cccb,538,765,538,884,True,True,0.848473072052002,0.15152692794799805,0.6319422721862793,0.3680577278137207,data/nips2017/images/634d7f18d098cccb.png,outputs/nips2017/nips2017_selected_20260714_195944/swin/ablation_and_no_verifier/sample_0476/images/final_selected.png,covered in aged patina,[],[],False,True
swin,479,659ca4ac6cc57e89,777,589,777,60,True,True,0.6678842306137085,0.3321157693862915,0.4724215269088745,0.5275784730911255,data/nips2017/images/659ca4ac6cc57e89.png,outputs/nips2017/nips2017_selected_20260714_195944/swin/ablation_and_no_verifier/sample_0479/images/final_selected.png,covered in fine sand,[],[],False,True
swin,480,668bc83a884d24f9,2,390,2,973,True,True,0.46577689051628113,0.5342231094837189,0.3388514518737793,0.6611485481262207,data/nips2017/images/668bc83a884d24f9.png,outputs/nips2017/nips2017_selected_20260714_195944/swin/ablation_and_no_verifier/sample_0480/images/final_selected.png,covered in pale algae,[],[],False,True
swin,481,686ea4ec999364ff,458,553,458,974,True,True,0.7698020339012146,0.2301979660987854,0.8338822722434998,0.16611772775650024,data/nips2017/images/686ea4ec999364ff.png,outputs/nips2017/nips2017_selected_20260714_195944/swin/ablation_and_no_verifier/sample_0481/images/final_selected.png,introduce light mist,[],[],False,True
swin,482,694e7617a4878041,883,719,883,974,True,True,0.8262689113616943,0.17373108863830566,0.7414093017578125,0.2585906982421875,data/nips2017/images/694e7617a4878041.png,outputs/nips2017/nips2017_selected_20260714_195944/swin/ablation_and_no_verifier/sample_0482/images/final_selected.png,a photo of vase in the background,[883],"[""vase""]",False,True
swin,483,696f0f6bea562bf8,853,266,853,912,True,True,0.14876669645309448,0.8512333035469055,0.3399675786495209,0.6600324213504791,data/nips2017/images/696f0f6bea562bf8.png,outputs/nips2017/nips2017_selected_20260714_195944/swin/ablation_and_no_verifier/sample_0483/images/final_selected.png,shift background to moorland,[],[],False,True
swin,484,707bce947d54bcd8,946,940,946,397,True,True,0.5449025630950928,0.4550974369049072,0.3010249137878418,0.6989750862121582,data/nips2017/images/707bce947d54bcd8.png,outputs/nips2017/nips2017_selected_20260714_195944/swin/ablation_and_no_verifier/sample_0484/images/final_selected.png,coated in pale dust,[],[],False,True
swin,485,0707f3dfb7c29f5c,605,739,605,631,True,True,0.42518705129623413,0.5748129487037659,0.587216854095459,0.412783145904541,data/nips2017/images/0707f3dfb7c29f5c.png,outputs/nips2017/nips2017_selected_20260714_195944/swin/ablation_and_no_verifier/sample_0485/images/final_selected.png,a photo of iPod in the background,[605],"[""ipod""]",False,True
swin,486,741fc1a3fc08731d,792,399,792,974,True,True,0.7839500904083252,0.2160499095916748,0.7077555656433105,0.29224443435668945,data/nips2017/images/741fc1a3fc08731d.png,outputs/nips2017/nips2017_selected_20260714_195944/swin/ablation_and_no_verifier/sample_0486/images/final_selected.png,a photo of shovel in the background,[792],"[""shovel""]",False,True
swin,487,749ed3502293d019,474,577,474,911,True,True,0.8022460341453552,0.19775396585464478,0.8573932647705078,0.1426067352294922,data/nips2017/images/749ed3502293d019.png,outputs/nips2017/nips2017_selected_20260714_195944/swin/ablation_and_no_verifier/sample_0487/images/final_selected.png,a photo of cardigan in the background,"[264,474]","[""cardigan"",""cardigan""]",False,True
swin,489,795f5aef9bef8134,825,28,825,975,True,True,0.5444607138633728,0.4555392861366272,0.590309739112854,0.409690260887146,data/nips2017/images/795f5aef9bef8134.png,outputs/nips2017/nips2017_selected_20260714_195944/swin/ablation_and_no_verifier/sample_0489/images/final_selected.png,covered in moss,[],[],False,True
swin,490,796e23f8dbf9a7a2,606,834,606,786,True,True,0.9462671279907227,0.053732872009277344,0.6271718740463257,0.3728281259536743,data/nips2017/images/796e23f8dbf9a7a2.png,outputs/nips2017/nips2017_selected_20260714_195944/swin/ablation_and_no_verifier/sample_0490/images/final_selected.png,a photo of iron in the background,[606],"[""iron""]",False,True
swin,491,820ae900a943d605,887,700,887,406,True,True,0.7999364137649536,0.2000635862350464,0.8824566602706909,0.11754333972930908,data/nips2017/images/820ae900a943d605.png,outputs/nips2017/nips2017_selected_20260714_195944/swin/ablation_and_no_verifier/sample_0491/images/final_selected.png,place in stone hall,[],[],False,True
swin,492,821aae58dc96b4b2,340,574,340,206,True,True,0.6862626075744629,0.3137373924255371,0.45664241909980774,0.5433575809001923,data/nips2017/images/821aae58dc96b4b2.png,outputs/nips2017/nips2017_selected_20260714_195944/swin/ablation_and_no_verifier/sample_0492/images/final_selected.png,coated in fine moss,[],[],False,True
swin,494,828ade8df2d14c45,887,987,887,406,True,True,0.2149939239025116,0.7850060760974884,0.3889414370059967,0.6110585629940033,data/nips2017/images/828ade8df2d14c45.png,outputs/nips2017/nips2017_selected_20260714_195944/swin/ablation_and_no_verifier/sample_0494/images/final_selected.png,shift to grand nave,[579],"[""grand piano""]",False,True
swin,496,858ec91996beb034,685,961,685,634,True,True,0.7207696437835693,0.27923035621643066,0.502232551574707,0.49776744842529297,data/nips2017/images/858ec91996beb034.png,outputs/nips2017/nips2017_selected_20260714_195944/swin/ablation_and_no_verifier/sample_0496/images/final_selected.png,place in dusty attic,[],[],False,True
swin,497,864fffaf7a83b3f4,580,372,580,738,True,True,0.7059613466262817,0.29403865337371826,0.7517397999763489,0.24826020002365112,data/nips2017/images/864fffaf7a83b3f4.png,outputs/nips2017/nips2017_selected_20260714_195944/swin/ablation_and_no_verifier/sample_0497/images/final_selected.png,introduce light drizzle,[],[],False,True
swin,498,868af4a2e614f5ac,717,466,717,974,True,True,0.9415895938873291,0.0584104061126709,0.9094933867454529,0.09050661325454712,data/nips2017/images/868af4a2e614f5ac.png,outputs/nips2017/nips2017_selected_20260714_195944/swin/ablation_and_no_verifier/sample_0498/images/final_selected.png,add slight haze,[],[],False,True
swin,499,869adfbad4e38261,591,865,591,728,True,True,0.6369833946228027,0.36301660537719727,0.8873701095581055,0.11262989044189453,data/nips2017/images/869adfbad4e38261.png,outputs/nips2017/nips2017_selected_20260714_195944/swin/ablation_and_no_verifier/sample_0499/images/final_selected.png,place in sunlit meadow,[],[],False,True
swin,500,871c99d5658c3189,955,586,955,951,True,True,0.7374293208122253,0.26257067918777466,0.7176240682601929,0.28237593173980713,data/nips2017/images/871c99d5658c3189.png,outputs/nips2017/nips2017_selected_20260714_195944/swin/ablation_and_no_verifier/sample_0500/images/final_selected.png,change light to golden hour,[],[],False,True
swin,502,891fe6baf8896b77,324,534,324,325,True,True,0.8659018278121948,0.13409817218780518,0.5601406097412109,0.43985939025878906,data/nips2017/images/891fe6baf8896b77.png,outputs/nips2017/nips2017_selected_20260714_195944/swin/ablation_and_no_verifier/sample_0502/images/final_selected.png,change lighting to golden hour,[],[],False,True
swin,503,911aebf30626ce02,874,730,874,460,True,True,0.6905733942985535,0.30942660570144653,0.8515543937683105,0.14844560623168945,data/nips2017/images/911aebf30626ce02.png,outputs/nips2017/nips2017_selected_20260714_195944/swin/ablation_and_no_verifier/sample_0503/images/final_selected.png,introduce light mist,[],[],False,True
swin,505,938ada2f2bfa2b68,843,917,843,463,True,True,0.3647390604019165,0.6352609395980835,0.5660426020622253,0.43395739793777466,data/nips2017/images/938ada2f2bfa2b68.png,outputs/nips2017/nips2017_selected_20260714_195944/swin/ablation_and_no_verifier/sample_0505/images/final_selected.png,a photo of swing in the background,[843],"[""swing""]",False,True
swin,506,1394faa319bd353c,609,506,609,436,True,True,0.8336504101753235,0.1663495898246765,0.9114024639129639,0.08859753608703613,data/nips2017/images/1394faa319bd353c.png,outputs/nips2017/nips2017_selected_20260714_195944/swin/ablation_and_no_verifier/sample_0506/images/final_selected.png,place in rocky canyon,[],[],False,True
swin,507,1461ed9402248ddc,513,724,513,776,True,True,0.7025914192199707,0.2974085807800293,0.6835956573486328,0.3164043426513672,data/nips2017/images/1461ed9402248ddc.png,outputs/nips2017/nips2017_selected_20260714_195944/swin/ablation_and_no_verifier/sample_0507/images/final_selected.png,coated in aged brass,[458],"[""brass""]",False,True
swin,508,1478a0fc99a988db,775,927,775,794,True,True,0.5616481304168701,0.4383518695831299,0.811127781867981,0.18887221813201904,data/nips2017/images/1478a0fc99a988db.png,outputs/nips2017/nips2017_selected_20260714_195944/swin/ablation_and_no_verifier/sample_0508/images/final_selected.png,place in sunlit meadow,[],[],False,True
swin,509,1685d066f8070081,978,360,978,354,True,True,0.2499513328075409,0.7500486671924591,0.43528735637664795,0.564712643623352,data/nips2017/images/1685d066f8070081.png,outputs/nips2017/nips2017_selected_20260714_195944/swin/ablation_and_no_verifier/sample_0509/images/final_selected.png,shift to arid plains,[],[],False,True
swin,510,1733cbc68a2ae05d,555,891,555,974,True,True,0.9206736087799072,0.07932639122009277,0.9107429385185242,0.08925706148147583,data/nips2017/images/1733cbc68a2ae05d.png,outputs/nips2017/nips2017_selected_20260714_195944/swin/ablation_and_no_verifier/sample_0510/images/final_selected.png,add light haze,[],[],False,True
swin,511,2153d9869fb5a9ef,644,941,644,749,True,True,0.22497668862342834,0.7750233113765717,0.39165136218070984,0.6083486378192902,data/nips2017/images/2153d9869fb5a9ef.png,outputs/nips2017/nips2017_selected_20260714_195944/swin/ablation_and_no_verifier/sample_0511/images/final_selected.png,place on aged parchment,[],[],False,True
swin,512,2842a69bf5b14526,879,756,879,964,True,True,0.8145376443862915,0.1854623556137085,0.754258394241333,0.245741605758667,data/nips2017/images/2842a69bf5b14526.png,outputs/nips2017/nips2017_selected_20260714_195944/swin/ablation_and_no_verifier/sample_0512/images/final_selected.png,coated in aged parchment,[],[],False,True
swin,513,2891f4aa2279d369,470,404,470,644,True,True,0.9288747310638428,0.07112526893615723,0.9203131794929504,0.07968682050704956,data/nips2017/images/2891f4aa2279d369.png,outputs/nips2017/nips2017_selected_20260714_195944/swin/ablation_and_no_verifier/sample_0513/images/final_selected.png,diffuse soft daylight,[],[],False,True
swin,515,3228a465697fb2cf,839,921,839,970,True,True,0.3797134757041931,0.6202865242958069,0.3642643690109253,0.6357356309890747,data/nips2017/images/3228a465697fb2cf.png,outputs/nips2017/nips2017_selected_20260714_195944/swin/ablation_and_no_verifier/sample_0515/images/final_selected.png,place in alpine meadow,[],[],False,True
swin,516,3302a8c24caf20f4,703,547,703,562,True,True,0.4445682764053345,0.5554317235946655,0.4274458885192871,0.5725541114807129,data/nips2017/images/3302a8c24caf20f4.png,outputs/nips2017/nips2017_selected_20260714_195944/swin/ablation_and_no_verifier/sample_0516/images/final_selected.png,place scene near fountain,[562],"[""fountain""]",True,False
swin,517,3617bfc5d06bc196,884,553,884,538,True,True,0.8671441078186035,0.13285589218139648,0.790992021560669,0.20900797843933105,data/nips2017/images/3617bfc5d06bc196.png,outputs/nips2017/nips2017_selected_20260714_195944/swin/ablation_and_no_verifier/sample_0517/images/final_selected.png,shift to twilight setting,[],[],False,True
swin,518,3692f6967c632fee,805,568,805,974,True,True,0.3685973882675171,0.6314026117324829,0.6792738437652588,0.3207261562347412,data/nips2017/images/3692f6967c632fee.png,outputs/nips2017/nips2017_selected_20260714_195944/swin/ablation_and_no_verifier/sample_0518/images/final_selected.png,a photo of soccer ball in the background,[805],"[""soccer ball""]",False,True
swin,519,3841b33c9797cbf1,908,952,908,479,True,True,0.6916865706443787,0.30831342935562134,0.5003123879432678,0.4996876120567322,data/nips2017/images/3841b33c9797cbf1.png,outputs/nips2017/nips2017_selected_20260714_195944/swin/ablation_and_no_verifier/sample_0519/images/final_selected.png,coated in polished chrome,[],[],False,True
swin,520,4053a6a3d0e63c01,391,459,391,0,True,True,0.7552266120910645,0.24477338790893555,0.6010928153991699,0.3989071846008301,data/nips2017/images/4053a6a3d0e63c01.png,outputs/nips2017/nips2017_selected_20260714_195944/swin/ablation_and_no_verifier/sample_0520/images/final_selected.png,coated in iridescent sheen,[],[],False,True
swin,521,4146a745f9b2f3cb,50,417,50,49,True,True,0.84147047996521,0.15852952003479004,0.4773736298084259,0.5226263701915741,data/nips2017/images/4146a745f9b2f3cb.png,outputs/nips2017/nips2017_selected_20260714_195944/swin/ablation_and_no_verifier/sample_0521/images/final_selected.png,covered in mossy patina,[],[],False,True
swin,522,4227a6e105cc0588,970,140,970,979,True,True,0.4796273708343506,0.5203726291656494,0.5317304134368896,0.46826958656311035,data/nips2017/images/4227a6e105cc0588.png,outputs/nips2017/nips2017_selected_20260714_195944/swin/ablation_and_no_verifier/sample_0522/images/final_selected.png,a photo of alp in the background,[970],"[""alp""]",False,True
swin,523,04546cc5e537d7cd,425,648,425,984,True,True,0.7795100212097168,0.2204899787902832,0.7674804925918579,0.2325195074081421,data/nips2017/images/04546cc5e537d7cd.png,outputs/nips2017/nips2017_selected_20260714_195944/swin/ablation_and_no_verifier/sample_0523/images/final_selected.png,add gentle haze,[],[],False,True
swin,524,4572c8986c28343b,436,534,436,974,True,True,0.9646466970443726,0.03535330295562744,0.9544956684112549,0.04550433158874512,data/nips2017/images/4572c8986c28343b.png,outputs/nips2017/nips2017_selected_20260714_195944/swin/ablation_and_no_verifier/sample_0524/images/final_selected.png,add light mist,[],[],False,True
swin,525,5021e7da00bf43b2,479,936,479,974,True,True,0.9122022986412048,0.08779770135879517,0.8809036612510681,0.11909633874893188,data/nips2017/images/5021e7da00bf43b2.png,outputs/nips2017/nips2017_selected_20260714_195944/swin/ablation_and_no_verifier/sample_0525/images/final_selected.png,add light mist,[],[],False,True
swin,526,5191cfba868056a5,970,792,970,671,True,True,0.6613008975982666,0.3386991024017334,0.6271059513092041,0.3728940486907959,data/nips2017/images/5191cfba868056a5.png,outputs/nips2017/nips2017_selected_20260714_195944/swin/ablation_and_no_verifier/sample_0526/images/final_selected.png,a photo of alp in the background,[970],"[""alp""]",False,True
swin,527,5224fec9ba33b50d,603,531,603,690,True,True,0.7949038743972778,0.20509612560272217,0.44367626309394836,0.5563237369060516,data/nips2017/images/5224fec9ba33b50d.png,outputs/nips2017/nips2017_selected_20260714_195944/swin/ablation_and_no_verifier/sample_0527/images/final_selected.png,coated in rough canvas,[],[],False,True
swin,528,5292f5b36a0789fa,853,794,853,884,True,True,0.830852210521698,0.169147789478302,0.6824245452880859,0.31757545471191406,data/nips2017/images/5292f5b36a0789fa.png,outputs/nips2017/nips2017_selected_20260714_195944/swin/ablation_and_no_verifier/sample_0528/images/final_selected.png,change light to dusk,[],[],False,True
swin,529,5528f7330399485f,73,211,73,77,True,True,0.6560795307159424,0.3439204692840576,0.46024399995803833,0.5397560000419617,data/nips2017/images/5528f7330399485f.png,outputs/nips2017/nips2017_selected_20260714_195944/swin/ablation_and_no_verifier/sample_0529/images/final_selected.png,coated in fine ash,[],[],False,True
swin,530,5792d4a42d2a82c8,987,418,987,190,True,True,0.8455342054367065,0.15446579456329346,0.837648868560791,0.16235113143920898,data/nips2017/images/5792d4a42d2a82c8.png,outputs/nips2017/nips2017_selected_20260714_195944/swin/ablation_and_no_verifier/sample_0530/images/final_selected.png,add gentle haze,[],[],False,True
swin,531,05817a675e7506d1,672,753,672,843,True,True,0.7628209590911865,0.23717904090881348,0.9128990173339844,0.08710098266601562,data/nips2017/images/05817a675e7506d1.png,outputs/nips2017/nips2017_selected_20260714_195944/swin/ablation_and_no_verifier/sample_0531/images/final_selected.png,place in open field,[],[],False,True
swin,532,6314b953a2f66e36,310,773,310,312,True,True,0.8408076763153076,0.15919232368469238,0.8033498525619507,0.19665014743804932,data/nips2017/images/6314b953a2f66e36.png,outputs/nips2017/nips2017_selected_20260714_195944/swin/ablation_and_no_verifier/sample_0532/images/final_selected.png,place in mossy ground,[],[],False,True
swin,533,6374e7e35ad90f50,38,770,38,41,True,True,0.7446457147598267,0.25535428524017334,0.6432879567146301,0.3567120432853699,data/nips2017/images/6374e7e35ad90f50.png,outputs/nips2017/nips2017_selected_20260714_195944/swin/ablation_and_no_verifier/sample_0533/images/final_selected.png,add subtle haze,[],[],False,True
swin,534,6609c25b3314b5b3,511,877,511,717,True,True,0.8130465745925903,0.18695342540740967,0.605597198009491,0.39440280199050903,data/nips2017/images/6609c25b3314b5b3.png,outputs/nips2017/nips2017_selected_20260714_195944/swin/ablation_and_no_verifier/sample_0534/images/final_selected.png,change lighting to golden hour,[],[],False,True
swin,535,6612fd36e6dd9534,308,865,308,316,True,True,0.8791593909263611,0.12084060907363892,0.8250808715820312,0.17491912841796875,data/nips2017/images/6612fd36e6dd9534.png,outputs/nips2017/nips2017_selected_20260714_195944/swin/ablation_and_no_verifier/sample_0535/images/final_selected.png,change lighting to dusk,[],[],False,True
swin,536,6711e27733cfd050,717,732,717,436,True,True,0.8622682690620422,0.13773173093795776,0.8083682060241699,0.19163179397583008,data/nips2017/images/6711e27733cfd050.png,outputs/nips2017/nips2017_selected_20260714_195944/swin/ablation_and_no_verifier/sample_0536/images/final_selected.png,place near sunlit field,[],[],False,True
swin,537,6740e1e89b5bbab4,980,684,980,38,True,True,0.3397674560546875,0.6602325439453125,0.3807756304740906,0.6192243695259094,data/nips2017/images/6740e1e89b5bbab4.png,outputs/nips2017/nips2017_selected_20260714_195944/swin/ablation_and_no_verifier/sample_0537/images/final_selected.png,coated in obsidian dust,[],[],False,True
swin,538,6841e385fe79177f,829,832,829,536,True,True,0.6641053557395935,0.3358946442604065,0.4486597776412964,0.5513402223587036,data/nips2017/images/6841e385fe79177f.png,outputs/nips2017/nips2017_selected_20260714_195944/swin/ablation_and_no_verifier/sample_0538/images/final_selected.png,a photo of streetcar in the background,[829],"[""streetcar""]",False,True
swin,539,6896a8b78f404dc8,979,74,979,977,True,True,0.6570385098457336,0.34296149015426636,0.7112792730331421,0.2887207269668579,data/nips2017/images/6896a8b78f404dc8.png,outputs/nips2017/nips2017_selected_20260714_195944/swin/ablation_and_no_verifier/sample_0539/images/final_selected.png,covered in fine silt,[],[],False,True
swin,540,6898f889c17f8e16,887,729,887,501,True,True,0.8463990092277527,0.15360099077224731,0.7664350271224976,0.23356497287750244,data/nips2017/images/6898f889c17f8e16.png,outputs/nips2017/nips2017_selected_20260714_195944/swin/ablation_and_no_verifier/sample_0540/images/final_selected.png,covered in aged velvet,[885],"[""velvet""]",False,True
swin,541,7060ae82e5b96a77,521,494,521,729,True,True,0.18584740161895752,0.8141525983810425,0.3413570523262024,0.6586429476737976,data/nips2017/images/7060ae82e5b96a77.png,outputs/nips2017/nips2017_selected_20260714_195944/swin/ablation_and_no_verifier/sample_0541/images/final_selected.png,place in bright kitchen,[],[],False,True
swin,542,7069a117c92d27a4,545,185,545,408,True,True,0.4415397047996521,0.5584602952003479,0.3808266520500183,0.6191733479499817,data/nips2017/images/7069a117c92d27a4.png,outputs/nips2017/nips2017_selected_20260714_195944/swin/ablation_and_no_verifier/sample_0542/images/final_selected.png,place in bright garage,[],[],False,True
swin,543,7278c2b63080f08c,348,286,348,169,True,True,0.9058210253715515,0.09417897462844849,0.8588285446166992,0.14117145538330078,data/nips2017/images/7278c2b63080f08c.png,outputs/nips2017/nips2017_selected_20260714_195944/swin/ablation_and_no_verifier/sample_0543/images/final_selected.png,add soft afternoon haze,[],[],False,True
swin,544,7368fe0ff47343a0,964,446,964,923,True,True,0.7874139547348022,0.21258604526519775,0.7721611261367798,0.22783887386322021,data/nips2017/images/7368fe0ff47343a0.png,outputs/nips2017/nips2017_selected_20260714_195944/swin/ablation_and_no_verifier/sample_0544/images/final_selected.png,coated in fine dust,[],[],False,True
swin,545,7506caf0a49c3951,78,723,78,994,True,True,0.7641980648040771,0.23580193519592285,0.4996834397315979,0.5003165602684021,data/nips2017/images/7506caf0a49c3951.png,outputs/nips2017/nips2017_selected_20260714_195944/swin/ablation_and_no_verifier/sample_0545/images/final_selected.png,add slight humidity,[],[],False,True
swin,547,7529b42e71769777,476,617,476,974,True,True,0.9064711928367615,0.09352880716323853,0.8617501258850098,0.13824987411499023,data/nips2017/images/7529b42e71769777.png,outputs/nips2017/nips2017_selected_20260714_195944/swin/ablation_and_no_verifier/sample_0547/images/final_selected.png,add subtle haze,[],[],False,True
swin,548,7700d0ba053dc4bd,936,291,936,990,True,True,0.7997483015060425,0.20025169849395752,0.7385623455047607,0.26143765449523926,data/nips2017/images/7700d0ba053dc4bd.png,outputs/nips2017/nips2017_selected_20260714_195944/swin/ablation_and_no_verifier/sample_0548/images/final_selected.png,place in sunlit field,[],[],False,True
swin,549,8094d4088a08cf09,440,614,440,850,True,True,0.7073974609375,0.2926025390625,0.6268597841262817,0.37314021587371826,data/nips2017/images/8094d4088a08cf09.png,outputs/nips2017/nips2017_selected_20260714_195944/swin/ablation_and_no_verifier/sample_0549/images/final_selected.png,coated in rough burlap,[],[],False,True
swin,550,8749fd2540a0cb01,832,447,832,698,True,True,0.8444581031799316,0.15554189682006836,0.8064087629318237,0.19359123706817627,data/nips2017/images/8749fd2540a0cb01.png,outputs/nips2017/nips2017_selected_20260714_195944/swin/ablation_and_no_verifier/sample_0550/images/final_selected.png,place in open field,[],[],False,True
swin,551,8764eecf6e898c7f,483,710,483,698,True,True,0.8536869287490845,0.14631307125091553,0.7941043376922607,0.20589566230773926,data/nips2017/images/8764eecf6e898c7f.png,outputs/nips2017/nips2017_selected_20260714_195944/swin/ablation_and_no_verifier/sample_0551/images/final_selected.png,introduce light drizzle,[],[],False,True
swin,552,8800cff23fade16a,531,313,531,504,True,True,0.34530073404312134,0.6546992659568787,0.47012078762054443,0.5298792123794556,data/nips2017/images/8800cff23fade16a.png,outputs/nips2017/nips2017_selected_20260714_195944/swin/ablation_and_no_verifier/sample_0552/images/final_selected.png,a photo of digital watch in the background,[531],"[""digital watch""]",False,True
swin,553,8805b0b20d808c49,703,926,703,608,True,True,0.3362370729446411,0.6637629270553589,0.7421408295631409,0.25785917043685913,data/nips2017/images/8805b0b20d808c49.png,outputs/nips2017/nips2017_selected_20260714_195944/swin/ablation_and_no_verifier/sample_0553/images/final_selected.png,place in open field,[],[],False,True
swin,554,8859efd46fab37ff,922,598,922,749,True,True,0.9134881496429443,0.08651185035705566,0.8385343551635742,0.16146564483642578,data/nips2017/images/8859efd46fab37ff.png,outputs/nips2017/nips2017_selected_20260714_195944/swin/ablation_and_no_verifier/sample_0554/images/final_selected.png,dim the ambient light,[],[],False,True
swin,555,9226b783cfb770bd,825,33,825,972,True,True,0.779751181602478,0.22024881839752197,0.6308420896530151,0.36915791034698486,data/nips2017/images/9226b783cfb770bd.png,outputs/nips2017/nips2017_selected_20260714_195944/swin/ablation_and_no_verifier/sample_0555/images/final_selected.png,place in dry canyon,[],[],False,True
swin,556,9311a098cfb4b946,820,191,820,565,True,True,0.8954439163208008,0.10455608367919922,0.8821119666099548,0.11788803339004517,data/nips2017/images/9311a098cfb4b946.png,outputs/nips2017/nips2017_selected_20260714_195944/swin/ablation_and_no_verifier/sample_0556/images/final_selected.png,a photo of steam locomotive in the background,[820],"[""steam locomotive""]",False,True
swin,557,9429f0d1ad2283df,437,463,437,733,True,True,0.8485735058784485,0.1514264941215515,0.6034155488014221,0.3965844511985779,data/nips2017/images/9429f0d1ad2283df.png,outputs/nips2017/nips2017_selected_20260714_195944/swin/ablation_and_no_verifier/sample_0557/images/final_selected.png,coated in weathered stone,[],[],False,True
swin,558,9455bd672cb9e4bd,521,581,521,651,True,True,0.7641226649284363,0.23587733507156372,0.7078969478607178,0.2921030521392822,data/nips2017/images/9455bd672cb9e4bd.png,outputs/nips2017/nips2017_selected_20260714_195944/swin/ablation_and_no_verifier/sample_0558/images/final_selected.png,place in bright kitchen,[],[],False,True
swin,559,9594ef7e0fc79ea8,402,114,402,835,True,True,0.9282070994377136,0.07179290056228638,0.45577365159988403,0.544226348400116,data/nips2017/images/9594ef7e0fc79ea8.png,outputs/nips2017/nips2017_selected_20260714_195944/swin/ablation_and_no_verifier/sample_0559/images/final_selected.png,coated in matte black,[],[],False,True
swin,560,9876fe92d003c9d4,912,356,912,979,True,True,0.9061059355735779,0.09389406442642212,0.6095256805419922,0.3904743194580078,data/nips2017/images/9876fe92d003c9d4.png,outputs/nips2017/nips2017_selected_20260714_195944/swin/ablation_and_no_verifier/sample_0560/images/final_selected.png,coated in mossy green,[],[],False,True
swin,561,11954d93a7051cb5,22,502,22,21,True,True,0.6928358674049377,0.30716413259506226,0.5196719169616699,0.4803280830383301,data/nips2017/images/11954d93a7051cb5.png,outputs/nips2017/nips2017_selected_20260714_195944/swin/ablation_and_no_verifier/sample_0561/images/final_selected.png,coated in dark patina,[],[],False,True
swin,562,13810fcac72f12ba,875,71,875,974,True,True,0.9574646949768066,0.04253530502319336,0.9292854070663452,0.07071459293365479,data/nips2017/images/13810fcac72f12ba.png,outputs/nips2017/nips2017_selected_20260714_195944/swin/ablation_and_no_verifier/sample_0562/images/final_selected.png,add subtle atmospheric haze,[],[],False,True
swin,563,16179baa1513c701,94,504,94,95,True,True,0.8906893730163574,0.10931062698364258,0.7404865026473999,0.2595134973526001,data/nips2017/images/16179baa1513c701.png,outputs/nips2017/nips2017_selected_20260714_195944/swin/ablation_and_no_verifier/sample_0563/images/final_selected.png,change lighting to golden hour,[],[],False,True
swin,566,22712d0324d43ef2,897,846,897,923,True,True,0.7640622854232788,0.2359377145767212,0.3111651539802551,0.6888348460197449,data/nips2017/images/22712d0324d43ef2.png,outputs/nips2017/nips2017_selected_20260714_195944/swin/ablation_and_no_verifier/sample_0566/images/final_selected.png,coated in pale quartz,[],[],False,True
swin,567,24159caf9c5e92be,707,742,707,528,True,True,0.8217982053756714,0.1782017946243286,0.6070401668548584,0.3929598331451416,data/nips2017/images/24159caf9c5e92be.png,outputs/nips2017/nips2017_selected_20260714_195944/swin/ablation_and_no_verifier/sample_0567/images/final_selected.png,coated in aged patina,[],[],False,True
swin,568,24312de5c34473c0,873,819,873,519,True,True,0.8199640512466431,0.18003594875335693,0.649684727191925,0.35031527280807495,data/nips2017/images/24312de5c34473c0.png,outputs/nips2017/nips2017_selected_20260714_195944/swin/ablation_and_no_verifier/sample_0568/images/final_selected.png,covered in pale marble,[],[],False,True
swin,569,24726d9054e9d78f,544,454,544,112,True,True,0.7911299467086792,0.2088700532913208,0.8133782148361206,0.1866217851638794,data/nips2017/images/24726d9054e9d78f.png,outputs/nips2017/nips2017_selected_20260714_195944/swin/ablation_and_no_verifier/sample_0569/images/final_selected.png,place in rustic kitchen,[],[],False,True
swin,570,29279d12ed3e29ff,457,327,457,834,True,True,0.1570654958486557,0.8429345041513443,0.3788444697856903,0.6211555302143097,data/nips2017/images/29279d12ed3e29ff.png,outputs/nips2017/nips2017_selected_20260714_195944/swin/ablation_and_no_verifier/sample_0570/images/final_selected.png,place scene near marble columns,[],[],False,True
swin,571,33197fa6ae88508a,847,29,847,586,True,True,0.8363397121429443,0.16366028785705566,0.668699324131012,0.33130067586898804,data/nips2017/images/33197fa6ae88508a.png,outputs/nips2017/nips2017_selected_20260714_195944/swin/ablation_and_no_verifier/sample_0571/images/final_selected.png,coated in matte grey,[],[],False,True
swin,573,38546e7d7136c2ab,599,113,599,698,True,True,0.0930173397064209,0.9069826602935791,0.2869608402252197,0.7130391597747803,data/nips2017/images/38546e7d7136c2ab.png,outputs/nips2017/nips2017_selected_20260714_195944/swin/ablation_and_no_verifier/sample_0573/images/final_selected.png,place in sunlit atrium,[],[],False,True
swin,574,43694caa12d5f823,978,756,978,974,True,True,0.2997024357318878,0.7002975642681122,0.5790323615074158,0.42096763849258423,data/nips2017/images/43694caa12d5f823.png,outputs/nips2017/nips2017_selected_20260714_195944/swin/ablation_and_no_verifier/sample_0574/images/final_selected.png,introduce gentle haze,[],[],False,True
swin,575,44982b98ba192bb7,321,410,321,318,True,True,0.7941282987594604,0.20587170124053955,0.868787944316864,0.131212055683136,data/nips2017/images/44982b98ba192bb7.png,outputs/nips2017/nips2017_selected_20260714_195944/swin/ablation_and_no_verifier/sample_0575/images/final_selected.png,a photo of admiral in the background,[321],"[""admiral""]",False,True
swin,576,45315ea51da415ab,355,188,355,974,True,True,0.7866488695144653,0.21335113048553467,0.7267167568206787,0.2732832431793213,data/nips2017/images/45315ea51da415ab.png,outputs/nips2017/nips2017_selected_20260714_195944/swin/ablation_and_no_verifier/sample_0576/images/final_selected.png,change light to dusk,[],[],False,True
swin,577,48762c2cd2ed47e1,754,307,754,624,True,True,0.6762529611587524,0.32374703884124756,0.5985807180404663,0.4014192819595337,data/nips2017/images/48762c2cd2ed47e1.png,outputs/nips2017/nips2017_selected_20260714_195944/swin/ablation_and_no_verifier/sample_0577/images/final_selected.png,place in quiet study,[],[],False,True
swin,578,53211f8a1b131de6,945,577,945,329,True,True,0.6447634696960449,0.3552365303039551,0.5797556042671204,0.42024439573287964,data/nips2017/images/53211f8a1b131de6.png,outputs/nips2017/nips2017_selected_20260714_195944/swin/ablation_and_no_verifier/sample_0578/images/final_selected.png,coated in fine dust,[],[],False,True
swin,579,54153d17b11b495c,656,550,656,974,True,True,0.9375321269035339,0.062467873096466064,0.8764715194702148,0.12352848052978516,data/nips2017/images/54153d17b11b495c.png,outputs/nips2017/nips2017_selected_20260714_195944/swin/ablation_and_no_verifier/sample_0579/images/final_selected.png,add light drizzle,[],[],False,True
swin,581,55512a6c2a45e2e8,927,386,927,521,True,True,0.7630234956741333,0.2369765043258667,0.869529128074646,0.130470871925354,data/nips2017/images/55512a6c2a45e2e8.png,outputs/nips2017/nips2017_selected_20260714_195944/swin/ablation_and_no_verifier/sample_0581/images/final_selected.png,place in rustic kitchen,[],[],False,True
swin,582,58420b727fcab02b,137,167,137,99,True,True,0.8506572246551514,0.14934277534484863,0.7832019329071045,0.2167980670928955,data/nips2017/images/58420b727fcab02b.png,outputs/nips2017/nips2017_selected_20260714_195944/swin/ablation_and_no_verifier/sample_0582/images/final_selected.png,add gentle sunlight,[],[],False,True
swin,584,60566d5680497389,472,543,472,979,True,True,0.5066962242126465,0.4933037757873535,0.2685984969139099,0.7314015030860901,data/nips2017/images/60566d5680497389.png,outputs/nips2017/nips2017_selected_20260714_195944/swin/ablation_and_no_verifier/sample_0584/images/final_selected.png,a photo of canoe in the background,[472],"[""canoe""]",False,True
swin,586,62949c357e429690,972,115,972,500,True,True,0.8081251978874207,0.19187480211257935,0.7723835706710815,0.22761642932891846,data/nips2017/images/62949c357e429690.png,outputs/nips2017/nips2017_selected_20260714_195944/swin/ablation_and_no_verifier/sample_0586/images/final_selected.png,place in arid canyon,[],[],False,True
swin,588,67967c9db11151e0,251,819,251,275,True,True,0.87356036901474,0.12643963098526,0.7965778708457947,0.20342212915420532,data/nips2017/images/67967c9db11151e0.png,outputs/nips2017/nips2017_selected_20260714_195944/swin/ablation_and_no_verifier/sample_0588/images/final_selected.png,add soft afternoon light,[],[],False,True
swin,589,68274b8293271807,833,578,833,974,True,True,0.8786280155181885,0.12137198448181152,0.8543536067008972,0.14564639329910278,data/nips2017/images/68274b8293271807.png,outputs/nips2017/nips2017_selected_20260714_195944/swin/ablation_and_no_verifier/sample_0589/images/final_selected.png,add light mist,[],[],False,True
swin,590,69788a29e7436808,309,49,309,107,True,True,0.7174226641654968,0.2825773358345032,0.8181332945823669,0.18186670541763306,data/nips2017/images/69788a29e7436808.png,outputs/nips2017/nips2017_selected_20260714_195944/swin/ablation_and_no_verifier/sample_0590/images/final_selected.png,a photo of bee in the background,[309],"[""bee""]",False,True
swin,591,69854b68476d5068,892,732,892,624,True,True,0.5774637460708618,0.4225362539291382,0.7911463379859924,0.20885366201400757,data/nips2017/images/69854b68476d5068.png,outputs/nips2017/nips2017_selected_20260714_195944/swin/ablation_and_no_verifier/sample_0591/images/final_selected.png,shift to grand library,"[579,624]","[""grand piano"",""library""]",True,False
swin,592,73064ceb466612d5,718,672,718,978,True,True,0.4527791738510132,0.5472208261489868,0.37311214208602905,0.626887857913971,data/nips2017/images/73064ceb466612d5.png,outputs/nips2017/nips2017_selected_20260714_195944/swin/ablation_and_no_verifier/sample_0592/images/final_selected.png,place in calm bay,[],[],False,True
swin,593,73728c249317ccb9,847,144,847,820,True,True,0.8937128782272339,0.10628712177276611,0.39619380235671997,0.60380619764328,data/nips2017/images/73728c249317ccb9.png,outputs/nips2017/nips2017_selected_20260714_195944/swin/ablation_and_no_verifier/sample_0593/images/final_selected.png,coated in oxidized copper,[],[],False,True
swin,594,74355a8c878b6814,874,621,874,820,True,True,0.7737043499946594,0.22629565000534058,0.861659049987793,0.13834095001220703,data/nips2017/images/74355a8c878b6814.png,outputs/nips2017/nips2017_selected_20260714_195944/swin/ablation_and_no_verifier/sample_0594/images/final_selected.png,introduce light mist,[],[],False,True
swin,595,78059d1afd7b9fea,57,247,57,59,True,True,0.8258284330368042,0.1741715669631958,0.7176830768585205,0.2823169231414795,data/nips2017/images/78059d1afd7b9fea.png,outputs/nips2017/nips2017_selected_20260714_195944/swin/ablation_and_no_verifier/sample_0595/images/final_selected.png,coated in mossy patina,[],[],False,True
swin,596,82179b1d313e0e23,829,901,829,547,True,True,0.7556580901145935,0.2443419098854065,0.6475533246994019,0.35244667530059814,data/nips2017/images/82179b1d313e0e23.png,outputs/nips2017/nips2017_selected_20260714_195944/swin/ablation_and_no_verifier/sample_0596/images/final_selected.png,a photo of streetcar in the background,[829],"[""streetcar""]",False,True
swin,597,83896b9fb7e9c2f8,536,546,536,517,True,True,0.8838781714439392,0.11612182855606079,0.8601588010787964,0.1398411989212036,data/nips2017/images/83896b9fb7e9c2f8.png,outputs/nips2017/nips2017_selected_20260714_195944/swin/ablation_and_no_verifier/sample_0597/images/final_selected.png,apply soft afternoon haze,[],[],False,True
swin,598,87937b805302f958,417,872,417,818,True,True,0.6733344793319702,0.3266655206680298,0.5299306511878967,0.47006934881210327,data/nips2017/images/87937b805302f958.png,outputs/nips2017/nips2017_selected_20260714_195944/swin/ablation_and_no_verifier/sample_0598/images/final_selected.png,covered in fine dust,[],[],False,True
swin,599,93394c1f9c4c0053,319,882,319,974,True,True,0.8664282560348511,0.13357174396514893,0.8734400868415833,0.12655991315841675,data/nips2017/images/93394c1f9c4c0053.png,outputs/nips2017/nips2017_selected_20260714_195944/swin/ablation_and_no_verifier/sample_0599/images/final_selected.png,add soft haze,[],[],False,True
swin,600,093402dc35f59027,733,112,733,974,True,True,0.5078699588775635,0.4921300411224365,0.6510776281356812,0.34892237186431885,data/nips2017/images/093402dc35f59027.png,outputs/nips2017/nips2017_selected_20260714_195944/swin/ablation_and_no_verifier/sample_0600/images/final_selected.png,add soft haze,[],[],False,True
swin,601,97025d82ec9860dc,675,573,675,654,True,True,0.9308562278747559,0.06914377212524414,0.8041329383850098,0.19586706161499023,data/nips2017/images/97025d82ec9860dc.png,outputs/nips2017/nips2017_selected_20260714_195944/swin/ablation_and_no_verifier/sample_0601/images/final_selected.png,a photo of moving van in the background,[675],"[""moving van""]",False,True
swin,602,97151fe7a0a6e2e3,733,227,733,557,True,True,0.7785403728485107,0.22145962715148926,0.8123944997787476,0.18760550022125244,data/nips2017/images/97151fe7a0a6e2e3.png,outputs/nips2017/nips2017_selected_20260714_195944/swin/ablation_and_no_verifier/sample_0602/images/final_selected.png,introduce light mist,[],[],False,True
swin,603,126175abfdcb1a21,470,485,470,624,True,True,0.4946841299533844,0.5053158700466156,0.4892622232437134,0.5107377767562866,data/nips2017/images/126175abfdcb1a21.png,outputs/nips2017/nips2017_selected_20260714_195944/swin/ablation_and_no_verifier/sample_0603/images/final_selected.png,shift to aged library,[624],"[""library""]",True,False
swin,604,200285e90078210b,441,740,441,499,True,True,0.380876362323761,0.619123637676239,0.6518739461898804,0.34812605381011963,data/nips2017/images/200285e90078210b.png,outputs/nips2017/nips2017_selected_20260714_195944/swin/ablation_and_no_verifier/sample_0604/images/final_selected.png,place in warm kitchen,[],[],False,True
swin,606,212476b1b58a0cfe,511,696,511,970,True,True,0.8591352701187134,0.14086472988128662,0.8017171621322632,0.19828283786773682,data/nips2017/images/212476b1b58a0cfe.png,outputs/nips2017/nips2017_selected_20260714_195944/swin/ablation_and_no_verifier/sample_0606/images/final_selected.png,add gentle morning mist,[],[],False,True
swin,608,324278ff7f22b4eb,497,302,497,442,True,True,0.43554800748825073,0.5644519925117493,0.49545636773109436,0.5045436322689056,data/nips2017/images/324278ff7f22b4eb.png,outputs/nips2017/nips2017_selected_20260714_195944/swin/ablation_and_no_verifier/sample_0608/images/final_selected.png,a photo of church in the background,[497],"[""church""]",False,True
swin,609,348618ddbde3a39c,385,459,385,386,True,True,0.5642399787902832,0.4357600212097168,0.6858528852462769,0.31414711475372314,data/nips2017/images/348618ddbde3a39c.png,outputs/nips2017/nips2017_selected_20260714_195944/swin/ablation_and_no_verifier/sample_0609/images/final_selected.png,place in dry savanna,[],[],False,True
swin,611,398720b8f19d5b84,696,699,696,600,True,True,0.6065423488616943,0.39345765113830566,0.5315802097320557,0.46841979026794434,data/nips2017/images/398720b8f19d5b84.png,outputs/nips2017/nips2017_selected_20260714_195944/swin/ablation_and_no_verifier/sample_0611/images/final_selected.png,place in sunlit studio,[],[],False,True
swin,612,412311ea17528b7c,763,439,763,974,True,True,0.7276884913444519,0.2723115086555481,0.4358712434768677,0.5641287565231323,data/nips2017/images/412311ea17528b7c.png,outputs/nips2017/nips2017_selected_20260714_195944/swin/ablation_and_no_verifier/sample_0612/images/final_selected.png,coated in aged patina,[],[],False,True
swin,615,582663fe666aac9c,922,927,922,964,True,True,0.5751935243606567,0.42480647563934326,0.4506950080394745,0.5493049919605255,data/nips2017/images/582663fe666aac9c.png,outputs/nips2017/nips2017_selected_20260714_195944/swin/ablation_and_no_verifier/sample_0615/images/final_selected.png,covered in aged vellum,[],[],False,True
swin,616,589319c64adf5fce,698,587,698,974,True,True,0.8400263786315918,0.1599736213684082,0.7429564595222473,0.2570435404777527,data/nips2017/images/589319c64adf5fce.png,outputs/nips2017/nips2017_selected_20260714_195944/swin/ablation_and_no_verifier/sample_0616/images/final_selected.png,a photo of palace in the background,[698],"[""palace""]",False,True
swin,617,607702d7ef44d081,864,346,864,717,True,True,0.8329893350601196,0.16701066493988037,0.812872052192688,0.187127947807312,data/nips2017/images/607702d7ef44d081.png,outputs/nips2017/nips2017_selected_20260714_195944/swin/ablation_and_no_verifier/sample_0617/images/final_selected.png,a photo of tow truck in the background,[864],"[""tow truck""]",False,True
swin,618,648231d9393250fd,547,649,547,733,True,True,0.13693442940711975,0.8630655705928802,0.19748203456401825,0.8025179654359818,data/nips2017/images/648231d9393250fd.png,outputs/nips2017/nips2017_selected_20260714_195944/swin/ablation_and_no_verifier/sample_0618/images/final_selected.png,place in open field,[],[],False,True
swin,619,715335d5ddfca1f2,480,914,480,799,True,True,0.7121200561523438,0.28787994384765625,0.77211993932724,0.22788006067276,data/nips2017/images/715335d5ddfca1f2.png,outputs/nips2017/nips2017_selected_20260714_195944/swin/ablation_and_no_verifier/sample_0619/images/final_selected.png,a photo of cash machine in the background,[480],"[""cash machine""]",False,True
swin,621,740981d161a38bad,571,148,571,412,True,True,0.1946435570716858,0.8053564429283142,0.4422377943992615,0.5577622056007385,data/nips2017/images/740981d161a38bad.png,outputs/nips2017/nips2017_selected_20260714_195944/swin/ablation_and_no_verifier/sample_0621/images/final_selected.png,place in sunlit alleyway,[],[],False,True
swin,622,789417c091011f53,344,176,344,347,True,True,0.559351921081543,0.44064807891845703,0.512033998966217,0.48796600103378296,data/nips2017/images/789417c091011f53.png,outputs/nips2017/nips2017_selected_20260714_195944/swin/ablation_and_no_verifier/sample_0622/images/final_selected.png,a photo of hippopotamus in the background,[344],"[""hippopotamus""]",False,True
swin,623,803450d936b35ebb,933,257,933,930,True,True,0.7050517201423645,0.2949482798576355,0.4948067367076874,0.5051932632923126,data/nips2017/images/803450d936b35ebb.png,outputs/nips2017/nips2017_selected_20260714_195944/swin/ablation_and_no_verifier/sample_0623/images/final_selected.png,coated in fine dust,[],[],False,True
swin,624,943274babd06a662,668,677,668,498,True,True,0.8770993947982788,0.12290060520172119,0.9272943735122681,0.07270562648773193,data/nips2017/images/943274babd06a662.png,outputs/nips2017/nips2017_selected_20260714_195944/swin/ablation_and_no_verifier/sample_0624/images/final_selected.png,change lighting to dusk,[],[],False,True
swin,625,957529a2abaa0581,882,647,882,974,True,True,0.8826625347137451,0.11733746528625488,0.766326367855072,0.23367363214492798,data/nips2017/images/957529a2abaa0581.png,outputs/nips2017/nips2017_selected_20260714_195944/swin/ablation_and_no_verifier/sample_0625/images/final_selected.png,add soft afternoon haze,[],[],False,True
swin,626,979757e16b67ac7e,322,797,322,111,True,True,0.8511017560958862,0.14889824390411377,0.7261002063751221,0.27389979362487793,data/nips2017/images/979757e16b67ac7e.png,outputs/nips2017/nips2017_selected_20260714_195944/swin/ablation_and_no_verifier/sample_0626/images/final_selected.png,introduce soft mist,[],[],False,True
swin,628,1484479b7630af0a,701,903,701,417,True,True,0.5826438069343567,0.4173561930656433,0.4657328724861145,0.5342671275138855,data/nips2017/images/1484479b7630af0a.png,outputs/nips2017/nips2017_selected_20260714_195944/swin/ablation_and_no_verifier/sample_0628/images/final_selected.png,a photo of parachute in the background,[701],"[""parachute""]",False,True
swin,629,2200794c59b1808e,310,213,310,328,True,True,0.5880791544914246,0.41192084550857544,0.4830127954483032,0.5169872045516968,data/nips2017/images/2200794c59b1808e.png,outputs/nips2017/nips2017_selected_20260714_195944/swin/ablation_and_no_verifier/sample_0629/images/final_selected.png,coated in fine dust,[],[],False,True
swin,630,05437214d1ba9580,809,117,809,925,True,True,0.6337382793426514,0.36626172065734863,0.5129915475845337,0.4870084524154663,data/nips2017/images/05437214d1ba9580.png,outputs/nips2017/nips2017_selected_20260714_195944/swin/ablation_and_no_verifier/sample_0630/images/final_selected.png,coated in pale ceramic,[],[],False,True
swin,631,5973419efd52f783,624,794,624,762,True,True,0.8552091121673584,0.1447908878326416,0.5244323015213013,0.47556769847869873,data/nips2017/images/5973419efd52f783.png,outputs/nips2017/nips2017_selected_20260714_195944/swin/ablation_and_no_verifier/sample_0631/images/final_selected.png,shift to twilight setting,[],[],False,True
swin,632,7453471febf1db6f,594,89,594,557,True,True,0.9172565937042236,0.08274340629577637,0.89109206199646,0.10890793800354004,data/nips2017/images/7453471febf1db6f.png,outputs/nips2017/nips2017_selected_20260714_195944/swin/ablation_and_no_verifier/sample_0632/images/final_selected.png,introduce gentle haze,[],[],False,True
swin,633,8020698d79dc39f2,854,953,854,498,True,True,0.6559664011001587,0.3440335988998413,0.6768496632575989,0.3231503367424011,data/nips2017/images/8020698d79dc39f2.png,outputs/nips2017/nips2017_selected_20260714_195944/swin/ablation_and_no_verifier/sample_0633/images/final_selected.png,place scene in grand hall,[579],"[""grand piano""]",False,True
swin,634,8090736c8299ab28,979,893,979,972,True,True,0.16390487551689148,0.8360951244831085,0.29786187410354614,0.7021381258964539,data/nips2017/images/8090736c8299ab28.png,outputs/nips2017/nips2017_selected_20260714_195944/swin/ablation_and_no_verifier/sample_0634/images/final_selected.png,a photo of valley in the background,[979],"[""valley""]",False,True
swin,635,8400742ba78ac009,970,670,970,979,True,True,0.5676058530807495,0.4323941469192505,0.6667308211326599,0.3332691788673401,data/nips2017/images/8400742ba78ac009.png,outputs/nips2017/nips2017_selected_20260714_195944/swin/ablation_and_no_verifier/sample_0635/images/final_selected.png,introduce soft haze,[],[],False,True
swin,636,8868879c2acd5d9e,321,129,321,322,True,True,0.852764904499054,0.14723509550094604,0.6283396482467651,0.37166035175323486,data/nips2017/images/8868879c2acd5d9e.png,outputs/nips2017/nips2017_selected_20260714_195944/swin/ablation_and_no_verifier/sample_0636/images/final_selected.png,coated in fine dust,[],[],False,True
swin,637,9534108b0e8dceb1,646,821,646,940,True,True,0.7906100749969482,0.20938992500305176,0.7884624004364014,0.21153759956359863,data/nips2017/images/9534108b0e8dceb1.png,outputs/nips2017/nips2017_selected_20260714_195944/swin/ablation_and_no_verifier/sample_0637/images/final_selected.png,introduce soft mist,[],[],False,True
swin,638,23955512cd0e1191,475,741,475,436,True,True,0.5383375287055969,0.4616624712944031,0.578926682472229,0.421073317527771,data/nips2017/images/23955512cd0e1191.png,outputs/nips2017/nips2017_selected_20260714_195944/swin/ablation_and_no_verifier/sample_0638/images/final_selected.png,coated in satin chrome,[],[],False,True
swin,640,49591319edeb6b3a,308,415,308,300,True,True,0.8306536674499512,0.16934633255004883,0.667699933052063,0.332300066947937,data/nips2017/images/49591319edeb6b3a.png,outputs/nips2017/nips2017_selected_20260714_195944/swin/ablation_and_no_verifier/sample_0640/images/final_selected.png,coated in fine dust,[],[],False,True
swin,641,54666421b4a6998f,919,758,919,412,True,True,0.5064050555229187,0.4935949444770813,0.6506487131118774,0.34935128688812256,data/nips2017/images/54666421b4a6998f.png,outputs/nips2017/nips2017_selected_20260714_195944/swin/ablation_and_no_verifier/sample_0641/images/final_selected.png,a photo of street sign in the background,[919],"[""street sign""]",False,True
swin,643,76886996d4ab4614,974,762,974,980,True,True,0.3301117420196533,0.6698882579803467,0.3804503381252289,0.6195496618747711,data/nips2017/images/76886996d4ab4614.png,outputs/nips2017/nips2017_selected_20260714_195944/swin/ablation_and_no_verifier/sample_0643/images/final_selected.png,change light to dusk,[],[],False,True
swin,644,80177288cda51d95,640,604,640,974,True,True,0.906258225440979,0.093741774559021,0.8645990490913391,0.1354009509086609,data/nips2017/images/80177288cda51d95.png,outputs/nips2017/nips2017_selected_20260714_195944/swin/ablation_and_no_verifier/sample_0644/images/final_selected.png,add light mist,[],[],False,True
swin,645,81804435ad51df95,436,240,436,974,True,True,0.8938606977462769,0.10613930225372314,0.8973310589790344,0.10266894102096558,data/nips2017/images/81804435ad51df95.png,outputs/nips2017/nips2017_selected_20260714_195944/swin/ablation_and_no_verifier/sample_0645/images/final_selected.png,add light mist,[],[],False,True
swin,646,84640859ee739095,719,579,719,332,True,True,0.798888087272644,0.20111191272735596,0.755574107170105,0.24442589282989502,data/nips2017/images/84640859ee739095.png,outputs/nips2017/nips2017_selected_20260714_195944/swin/ablation_and_no_verifier/sample_0646/images/final_selected.png,add subtle mist,[],[],False,True
swin,648,89119361e9d9e02d,480,472,480,743,True,True,0.23881205916404724,0.7611879408359528,0.6122819185256958,0.3877180814743042,data/nips2017/images/89119361e9d9e02d.png,outputs/nips2017/nips2017_selected_20260714_195944/swin/ablation_and_no_verifier/sample_0648/images/final_selected.png,place in tiled corridor,[],[],False,True
swin,649,93114736f072d6d3,616,762,616,964,True,True,0.6454775333404541,0.3545224666595459,0.7066586017608643,0.29334139823913574,data/nips2017/images/93114736f072d6d3.png,outputs/nips2017/nips2017_selected_20260714_195944/swin/ablation_and_no_verifier/sample_0649/images/final_selected.png,a photo of knot in the background,[616],"[""knot""]",False,True
swin,650,150249123e81930d,922,484,922,762,True,True,0.47124791145324707,0.5287520885467529,0.567494809627533,0.43250519037246704,data/nips2017/images/150249123e81930d.png,outputs/nips2017/nips2017_selected_20260714_195944/swin/ablation_and_no_verifier/sample_0650/images/final_selected.png,place in rustic tavern,[],[],False,True
swin,651,217597258ac12258,582,804,582,974,True,True,0.772834062576294,0.22716593742370605,0.8047001361846924,0.19529986381530762,data/nips2017/images/217597258ac12258.png,outputs/nips2017/nips2017_selected_20260714_195944/swin/ablation_and_no_verifier/sample_0651/images/final_selected.png,a photo of grocery store in the background,[582],"[""grocery store""]",False,True
swin,652,303781188f1b3b27,476,338,476,718,True,True,0.7501909732818604,0.24980902671813965,0.7190438508987427,0.2809561491012573,data/nips2017/images/303781188f1b3b27.png,outputs/nips2017/nips2017_selected_20260714_195944/swin/ablation_and_no_verifier/sample_0652/images/final_selected.png,a photo of carousel in the background,[476],"[""carousel""]",False,True
swin,653,493694833dc23399,537,834,537,680,True,True,0.8806435465812683,0.11935645341873169,0.8630480766296387,0.13695192337036133,data/nips2017/images/493694833dc23399.png,outputs/nips2017/nips2017_selected_20260714_195944/swin/ablation_and_no_verifier/sample_0653/images/final_selected.png,add light haze,[],[],False,True
swin,655,692016122b9e07a6,959,122,959,488,True,True,0.4881288707256317,0.5118711292743683,0.5894643664360046,0.41053563356399536,data/nips2017/images/692016122b9e07a6.png,outputs/nips2017/nips2017_selected_20260714_195944/swin/ablation_and_no_verifier/sample_0655/images/final_selected.png,coated in golden sheen,[],[],False,True
swin,656,784232355d49601b,326,160,326,815,True,True,0.8668513298034668,0.1331486701965332,0.8950257301330566,0.10497426986694336,data/nips2017/images/784232355d49601b.png,outputs/nips2017/nips2017_selected_20260714_195944/swin/ablation_and_no_verifier/sample_0656/images/final_selected.png,introduce soft mist,[],[],False,True
swin,657,4063377442ea93d3,595,813,595,984,True,True,0.8852918744087219,0.11470812559127808,0.8754982352256775,0.12450176477432251,data/nips2017/images/4063377442ea93d3.png,outputs/nips2017/nips2017_selected_20260714_195944/swin/ablation_and_no_verifier/sample_0657/images/final_selected.png,add hazy sunlight,[],[],False,True
swin,658,6217866896fbe2b7,698,866,698,663,True,True,0.8453879952430725,0.1546120047569275,0.8969128727912903,0.10308712720870972,data/nips2017/images/6217866896fbe2b7.png,outputs/nips2017/nips2017_selected_20260714_195944/swin/ablation_and_no_verifier/sample_0658/images/final_selected.png,place in arid desert,[],[],False,True
swin,659,8555611998ea426a,990,496,990,820,True,True,0.924575924873352,0.07542407512664795,0.8901379704475403,0.10986202955245972,data/nips2017/images/8555611998ea426a.png,outputs/nips2017/nips2017_selected_20260714_195944/swin/ablation_and_no_verifier/sample_0659/images/final_selected.png,introduce gentle mist,[],[],False,True
swin,660,8724748782cb6c31,75,646,75,312,True,True,0.49698543548583984,0.5030145645141602,0.5968363881111145,0.4031636118888855,data/nips2017/images/8724748782cb6c31.png,outputs/nips2017/nips2017_selected_20260714_195944/swin/ablation_and_no_verifier/sample_0660/images/final_selected.png,a photo of black widow in the background,[75],"[""black widow""]",False,True
swin,661,65251969959ce0e6,937,836,937,945,True,True,0.5273388624191284,0.4726611375808716,0.47783470153808594,0.5221652984619141,data/nips2017/images/65251969959ce0e6.png,outputs/nips2017/nips2017_selected_20260714_195944/swin/ablation_and_no_verifier/sample_0661/images/final_selected.png,a photo of broccoli in the background,[937],"[""broccoli""]",False,True
swin,663,55599050147071cc,472,961,472,974,True,True,0.7642495632171631,0.23575043678283691,0.6876146793365479,0.31238532066345215,data/nips2017/images/55599050147071cc.png,outputs/nips2017/nips2017_selected_20260714_195944/swin/ablation_and_no_verifier/sample_0663/images/final_selected.png,a photo of canoe in the background,[472],"[""canoe""]",False,True
swin,665,a00c8d22e63497c4,430,891,430,543,True,True,0.9036206007003784,0.09637939929962158,0.7854734659194946,0.21452653408050537,data/nips2017/images/a00c8d22e63497c4.png,outputs/nips2017/nips2017_selected_20260714_195944/swin/ablation_and_no_verifier/sample_0665/images/final_selected.png,a photo of basketball in the background,[430],"[""basketball""]",False,True
swin,667,a3c4dd88edacb575,399,350,399,885,True,True,0.5913862586021423,0.40861374139785767,0.6655772924423218,0.3344227075576782,data/nips2017/images/a3c4dd88edacb575.png,outputs/nips2017/nips2017_selected_20260714_195944/swin/ablation_and_no_verifier/sample_0667/images/final_selected.png,coated in matte silk,[],[],False,True
swin,668,a3c651cf20ee2d34,640,560,640,646,True,True,0.42695170640945435,0.5730482935905457,0.551776647567749,0.448223352432251,data/nips2017/images/a3c651cf20ee2d34.png,outputs/nips2017/nips2017_selected_20260714_195944/swin/ablation_and_no_verifier/sample_0668/images/final_selected.png,a photo of manhole cover in the background,[640],"[""manhole cover""]",False,True
swin,669,a4f718e554dd18dd,975,94,975,977,True,True,0.5778492093086243,0.42215079069137573,0.6911361813545227,0.3088638186454773,data/nips2017/images/a4f718e554dd18dd.png,outputs/nips2017/nips2017_selected_20260714_195944/swin/ablation_and_no_verifier/sample_0669/images/final_selected.png,covered in fine silt,[],[],False,True
swin,670,a7f9b28e30d19d85,661,698,661,820,True,True,0.9203216433525085,0.07967835664749146,0.9267531037330627,0.07324689626693726,data/nips2017/images/a7f9b28e30d19d85.png,outputs/nips2017/nips2017_selected_20260714_195944/swin/ablation_and_no_verifier/sample_0670/images/final_selected.png,add light mist,[],[],False,True
swin,671,a8c3363bbcc7015c,738,839,738,580,True,True,0.6542090773582458,0.34579092264175415,0.705267071723938,0.294732928276062,data/nips2017/images/a8c3363bbcc7015c.png,outputs/nips2017/nips2017_selected_20260714_195944/swin/ablation_and_no_verifier/sample_0671/images/final_selected.png,move to indoor conservatory,[],[],False,True
swin,672,a8dd9ba15f7b817b,805,739,805,429,True,True,0.7584185600280762,0.24158143997192383,0.6651565432548523,0.3348434567451477,data/nips2017/images/a8dd9ba15f7b817b.png,outputs/nips2017/nips2017_selected_20260714_195944/swin/ablation_and_no_verifier/sample_0672/images/final_selected.png,a photo of soccer ball in the background,[805],"[""soccer ball""]",False,True
swin,673,a8fca010774a1187,828,809,828,677,True,True,0.8456614017486572,0.15433859825134277,0.8523877859115601,0.14761221408843994,data/nips2017/images/a8fca010774a1187.png,outputs/nips2017/nips2017_selected_20260714_195944/swin/ablation_and_no_verifier/sample_0673/images/final_selected.png,place in warm sunlight,[],[],False,True
swin,674,a8fe76c687b00e33,597,118,597,891,True,True,0.855472207069397,0.14452779293060303,0.8555944561958313,0.1444055438041687,data/nips2017/images/a8fe76c687b00e33.png,outputs/nips2017/nips2017_selected_20260714_195944/swin/ablation_and_no_verifier/sample_0674/images/final_selected.png,introduce faint morning mist,[],[],False,True
swin,676,a33af1b9f8b8a81b,879,666,879,614,True,True,0.5545743703842163,0.4454256296157837,0.7286154627799988,0.2713845372200012,data/nips2017/images/a33af1b9f8b8a81b.png,outputs/nips2017/nips2017_selected_20260714_195944/swin/ablation_and_no_verifier/sample_0676/images/final_selected.png,a photo of umbrella in the background,[879],"[""umbrella""]",False,True
swin,677,a64ae1acd9d09a87,130,82,130,129,True,True,0.7011000514030457,0.29889994859695435,0.6080312728881836,0.3919687271118164,data/nips2017/images/a64ae1acd9d09a87.png,outputs/nips2017/nips2017_selected_20260714_195944/swin/ablation_and_no_verifier/sample_0677/images/final_selected.png,coated in pale dust,[],[],False,True
swin,678,a70b1cda0776cba6,142,118,142,141,True,True,0.5388875603675842,0.46111243963241577,0.6534144878387451,0.3465855121612549,data/nips2017/images/a70b1cda0776cba6.png,outputs/nips2017/nips2017_selected_20260714_195944/swin/ablation_and_no_verifier/sample_0678/images/final_selected.png,coated in damp moss,[],[],False,True
swin,679,a74f197288b10a0d,807,747,807,449,True,True,0.8851502537727356,0.1148497462272644,0.8593863248825073,0.14061367511749268,data/nips2017/images/a74f197288b10a0d.png,outputs/nips2017/nips2017_selected_20260714_195944/swin/ablation_and_no_verifier/sample_0679/images/final_selected.png,change lighting to dusk,[],[],False,True
swin,680,a84ead15406596ce,479,936,479,535,True,True,0.6524968147277832,0.3475031852722168,0.7267104983329773,0.2732895016670227,data/nips2017/images/a84ead15406596ce.png,outputs/nips2017/nips2017_selected_20260714_195944/swin/ablation_and_no_verifier/sample_0680/images/final_selected.png,a photo of car wheel in the background,[479],"[""car wheel""]",False,True
swin,681,a90d9627e2145090,425,721,425,979,True,True,0.03221937641501427,0.9677806235849857,0.21485094726085663,0.7851490527391434,data/nips2017/images/a90d9627e2145090.png,outputs/nips2017/nips2017_selected_20260714_195944/swin/ablation_and_no_verifier/sample_0681/images/final_selected.png,set scene to rolling hills,[],[],False,True
swin,682,a92ab9e5fb9c5d64,628,456,628,814,True,True,0.7768105268478394,0.22318947315216064,0.5002800226211548,0.4997199773788452,data/nips2017/images/a92ab9e5fb9c5d64.png,outputs/nips2017/nips2017_selected_20260714_195944/swin/ablation_and_no_verifier/sample_0682/images/final_selected.png,coated in polished chrome,[],[],False,True
swin,683,a92babc0a6436d3b,759,654,759,622,True,True,0.9454788565635681,0.054521143436431885,0.9107954502105713,0.08920454978942871,data/nips2017/images/a92babc0a6436d3b.png,outputs/nips2017/nips2017_selected_20260714_195944/swin/ablation_and_no_verifier/sample_0683/images/final_selected.png,a photo of reflex camera in the background,[759],"[""reflex camera""]",False,True
swin,685,a187afb98f295057,120,754,120,980,True,True,0.7133306264877319,0.28666937351226807,0.5852371454238892,0.41476285457611084,data/nips2017/images/a187afb98f295057.png,outputs/nips2017/nips2017_selected_20260714_195944/swin/ablation_and_no_verifier/sample_0685/images/final_selected.png,introduce light mist,[],[],False,True
swin,686,a193f7ae7d550a82,737,630,737,838,True,True,0.858228325843811,0.14177167415618896,0.8684670925140381,0.13153290748596191,data/nips2017/images/a193f7ae7d550a82.png,outputs/nips2017/nips2017_selected_20260714_195944/swin/ablation_and_no_verifier/sample_0686/images/final_selected.png,a photo of pop bottle in the background,[737],"[""pop bottle""]",False,True
swin,687,a414ccf5c51454e0,829,865,829,758,True,True,0.9073038101196289,0.0926961898803711,0.7382619976997375,0.26173800230026245,data/nips2017/images/a414ccf5c51454e0.png,outputs/nips2017/nips2017_selected_20260714_195944/swin/ablation_and_no_verifier/sample_0687/images/final_selected.png,change lighting to dusk,[],[],False,True
swin,688,a777db736ecdfb65,325,55,325,314,True,True,0.8026066422462463,0.19739335775375366,0.48843640089035034,0.5115635991096497,data/nips2017/images/a777db736ecdfb65.png,outputs/nips2017/nips2017_selected_20260714_195944/swin/ablation_and_no_verifier/sample_0688/images/final_selected.png,coated in pale gold,[],[],False,True
swin,689,a5949b0719d3ea77,980,472,980,972,True,True,0.0945945531129837,0.9054054468870163,0.2702460289001465,0.7297539710998535,data/nips2017/images/a5949b0719d3ea77.png,outputs/nips2017/nips2017_selected_20260714_195944/swin/ablation_and_no_verifier/sample_0689/images/final_selected.png,a photo of volcano in the background,[980],"[""volcano""]",False,True
swin,690,a6535c039bfeba2c,535,291,535,456,True,True,0.8282846212387085,0.1717153787612915,0.7804981470108032,0.21950185298919678,data/nips2017/images/a6535c039bfeba2c.png,outputs/nips2017/nips2017_selected_20260714_195944/swin/ablation_and_no_verifier/sample_0690/images/final_selected.png,place in dark studio,[],[],False,True
swin,691,a7151de51c2f1d0b,344,213,344,49,True,True,0.5324296355247498,0.46757036447525024,0.402795672416687,0.597204327583313,data/nips2017/images/a7151de51c2f1d0b.png,outputs/nips2017/nips2017_selected_20260714_195944/swin/ablation_and_no_verifier/sample_0691/images/final_selected.png,coated in wet clay,[],[],False,True
swin,692,a8631b077e74f7aa,479,485,479,535,True,True,0.902794361114502,0.09720563888549805,0.8220354318618774,0.17796456813812256,data/nips2017/images/a8631b077e74f7aa.png,outputs/nips2017/nips2017_selected_20260714_195944/swin/ablation_and_no_verifier/sample_0692/images/final_selected.png,add light mist,[],[],False,True
swin,693,a033832d9ff8913b,100,356,100,974,True,True,0.8309589624404907,0.16904103755950928,0.8835013508796692,0.11649864912033081,data/nips2017/images/a033832d9ff8913b.png,outputs/nips2017/nips2017_selected_20260714_195944/swin/ablation_and_no_verifier/sample_0693/images/final_selected.png,add light haze,[],[],False,True
swin,694,a97274c7e80a1764,865,925,865,684,True,True,0.7486345767974854,0.25136542320251465,0.7076213955879211,0.29237860441207886,data/nips2017/images/a97274c7e80a1764.png,outputs/nips2017/nips2017_selected_20260714_195944/swin/ablation_and_no_verifier/sample_0694/images/final_selected.png,coated in aged wood,[],[],False,True
swin,695,a482985ca1e77960,890,469,890,974,True,True,0.8813216686248779,0.11867833137512207,0.8770096898078918,0.12299031019210815,data/nips2017/images/a482985ca1e77960.png,outputs/nips2017/nips2017_selected_20260714_195944/swin/ablation_and_no_verifier/sample_0695/images/final_selected.png,coated in fine sand,[],[],False,True
swin,696,a920691cf2d50f79,946,951,946,328,True,True,0.8316231966018677,0.16837680339813232,0.8480490446090698,0.15195095539093018,data/nips2017/images/a920691cf2d50f79.png,outputs/nips2017/nips2017_selected_20260714_195944/swin/ablation_and_no_verifier/sample_0696/images/final_selected.png,add soft haze,[],[],False,True
swin,697,a52570066ecc61fd,975,582,975,984,True,True,0.6145658493041992,0.3854341506958008,0.7026124000549316,0.29738759994506836,data/nips2017/images/a52570066ecc61fd.png,outputs/nips2017/nips2017_selected_20260714_195944/swin/ablation_and_no_verifier/sample_0697/images/final_selected.png,a photo of lakeside in the background,[975],"[""lakeside""]",False,True
swin,698,aa4e1cf9cb6e7801,895,839,895,974,True,True,0.9372900724411011,0.06270992755889893,0.9468715190887451,0.05312848091125488,data/nips2017/images/aa4e1cf9cb6e7801.png,outputs/nips2017/nips2017_selected_20260714_195944/swin/ablation_and_no_verifier/sample_0698/images/final_selected.png,add light mist,[],[],False,True
swin,699,aa07ba1587ec047e,468,899,468,656,True,True,0.8144257068634033,0.18557429313659668,0.8176242709159851,0.1823757290840149,data/nips2017/images/aa07ba1587ec047e.png,outputs/nips2017/nips2017_selected_20260714_195944/swin/ablation_and_no_verifier/sample_0699/images/final_selected.png,coated in brushed aluminum,[],[],False,True
swin,700,aa90f93ed6fae139,309,827,309,316,True,True,0.4184558391571045,0.5815441608428955,0.521594762802124,0.478405237197876,data/nips2017/images/aa90f93ed6fae139.png,outputs/nips2017/nips2017_selected_20260714_195944/swin/ablation_and_no_verifier/sample_0700/images/final_selected.png,coated in fine pollen,[],[],False,True
swin,701,ab3fef142d031784,656,736,656,436,True,True,0.9089697003364563,0.0910302996635437,0.8352620601654053,0.16473793983459473,data/nips2017/images/ab3fef142d031784.png,outputs/nips2017/nips2017_selected_20260714_195944/swin/ablation_and_no_verifier/sample_0701/images/final_selected.png,add light mist,[],[],False,True
swin,702,ab42aa5e9745c214,581,590,581,859,True,True,0.914936900138855,0.08506309986114502,0.8971613645553589,0.10283863544464111,data/nips2017/images/ab42aa5e9745c214.png,outputs/nips2017/nips2017_selected_20260714_195944/swin/ablation_and_no_verifier/sample_0702/images/final_selected.png,add soft haze,[],[],False,True
swin,703,ab8329c28d8538c3,468,12,468,436,True,True,0.8730396032333374,0.1269603967666626,0.6229178309440613,0.3770821690559387,data/nips2017/images/ab8329c28d8538c3.png,outputs/nips2017/nips2017_selected_20260714_195944/swin/ablation_and_no_verifier/sample_0703/images/final_selected.png,a photo of cab in the background,[468],"[""cab""]",False,True
swin,704,abd121ef53a69ef8,239,334,239,232,True,True,0.6899586915969849,0.31004130840301514,0.5355461835861206,0.4644538164138794,data/nips2017/images/abd121ef53a69ef8.png,outputs/nips2017/nips2017_selected_20260714_195944/swin/ablation_and_no_verifier/sample_0704/images/final_selected.png,a photo of Bernese mountain dog in the background,[239],"[""bernese mountain dog""]",False,True
swin,705,abe9504895f6e8dd,565,606,565,574,True,True,0.9062280654907227,0.09377193450927734,0.9028834104537964,0.09711658954620361,data/nips2017/images/abe9504895f6e8dd.png,outputs/nips2017/nips2017_selected_20260714_195944/swin/ablation_and_no_verifier/sample_0705/images/final_selected.png,introduce light mist,[],[],False,True
swin,706,ac2a8a4777dbe746,895,45,895,404,True,True,0.9272886514663696,0.07271134853363037,0.8319861888885498,0.1680138111114502,data/nips2017/images/ac2a8a4777dbe746.png,outputs/nips2017/nips2017_selected_20260714_195944/swin/ablation_and_no_verifier/sample_0706/images/final_selected.png,change lighting to dusk,[],[],False,True
swin,707,ac295a63ac9d2cd7,692,863,692,574,True,True,0.9263551235198975,0.07364487648010254,0.9233623147010803,0.07663768529891968,data/nips2017/images/ac295a63ac9d2cd7.png,outputs/nips2017/nips2017_selected_20260714_195944/swin/ablation_and_no_verifier/sample_0707/images/final_selected.png,a photo of packet in the background,[692],"[""packet""]",False,True
swin,709,acd99e9b7128395a,858,752,858,538,True,True,0.8859433531761169,0.11405664682388306,0.8394314646720886,0.16056853532791138,data/nips2017/images/acd99e9b7128395a.png,outputs/nips2017/nips2017_selected_20260714_195944/swin/ablation_and_no_verifier/sample_0709/images/final_selected.png,change lighting to dusk,[],[],False,True
swin,710,ad43e858c614db4d,967,70,967,809,True,True,0.4352801442146301,0.5647198557853699,0.488699734210968,0.511300265789032,data/nips2017/images/ad43e858c614db4d.png,outputs/nips2017/nips2017_selected_20260714_195944/swin/ablation_and_no_verifier/sample_0710/images/final_selected.png,coated in rough linen,[],[],False,True
swin,711,ad333e5d6953cbbf,632,296,632,479,True,True,0.774777889251709,0.22522211074829102,0.7497715950012207,0.2502284049987793,data/nips2017/images/ad333e5d6953cbbf.png,outputs/nips2017/nips2017_selected_20260714_195944/swin/ablation_and_no_verifier/sample_0711/images/final_selected.png,coated in polished chrome,[],[],False,True
swin,712,adcf48b42266309d,504,588,504,969,True,True,0.7955976724624634,0.20440232753753662,0.8028402328491211,0.1971597671508789,data/nips2017/images/adcf48b42266309d.png,outputs/nips2017/nips2017_selected_20260714_195944/swin/ablation_and_no_verifier/sample_0712/images/final_selected.png,add soft haze,[],[],False,True
swin,713,ae24c23192976a40,751,887,751,974,True,True,0.9480208158493042,0.0519791841506958,0.9051174521446228,0.0948825478553772,data/nips2017/images/ae24c23192976a40.png,outputs/nips2017/nips2017_selected_20260714_195944/swin/ablation_and_no_verifier/sample_0713/images/final_selected.png,add light haze,[],[],False,True
swin,714,ae78688b32986638,912,878,912,646,True,True,0.6268472075462341,0.37315279245376587,0.5239385962486267,0.4760614037513733,data/nips2017/images/ae78688b32986638.png,outputs/nips2017/nips2017_selected_20260714_195944/swin/ablation_and_no_verifier/sample_0714/images/final_selected.png,coated in pale moss,[],[],False,True
swin,716,af543b5f19ed1b1d,39,390,39,974,True,True,0.9293497204780579,0.07065027952194214,0.9103935956954956,0.0896064043045044,data/nips2017/images/af543b5f19ed1b1d.png,outputs/nips2017/nips2017_selected_20260714_195944/swin/ablation_and_no_verifier/sample_0716/images/final_selected.png,introduce light haze,[],[],False,True
swin,717,af3736cca01a2d28,317,765,317,316,True,True,0.5098979473114014,0.49010205268859863,0.7071048021316528,0.29289519786834717,data/nips2017/images/af3736cca01a2d28.png,outputs/nips2017/nips2017_selected_20260714_195944/swin/ablation_and_no_verifier/sample_0717/images/final_selected.png,place in sunlit meadow,[],[],False,True
swin,718,afa0f88aaab03427,544,2,544,54,True,True,0.6116759181022644,0.3883240818977356,0.4811799228191376,0.5188200771808624,data/nips2017/images/afa0f88aaab03427.png,outputs/nips2017/nips2017_selected_20260714_195944/swin/ablation_and_no_verifier/sample_0718/images/final_selected.png,place in dry earth,[],[],False,True
swin,719,afb0233b2e0545c4,580,958,580,646,True,True,0.5147497653961182,0.48525023460388184,0.643097996711731,0.35690200328826904,data/nips2017/images/afb0233b2e0545c4.png,outputs/nips2017/nips2017_selected_20260714_195944/swin/ablation_and_no_verifier/sample_0719/images/final_selected.png,shift to open field,[],[],False,True
swin,720,afe045d68f1a60d0,989,955,989,489,True,True,0.8256828188896179,0.17431718111038208,0.7154136896133423,0.2845863103866577,data/nips2017/images/afe045d68f1a60d0.png,outputs/nips2017/nips2017_selected_20260714_195944/swin/ablation_and_no_verifier/sample_0720/images/final_selected.png,coated in velvet sheen,[885],"[""velvet""]",False,True
swin,721,b0bb1ea9bcc45800,844,455,844,438,True,True,0.3687742352485657,0.6312257647514343,0.7520302534103394,0.24796974658966064,data/nips2017/images/b0bb1ea9bcc45800.png,outputs/nips2017/nips2017_selected_20260714_195944/swin/ablation_and_no_verifier/sample_0721/images/final_selected.png,place in sterile lab,[],[],False,True
swin,722,b0e0e06e647b478f,483,914,483,663,True,True,0.8165715932846069,0.18342840671539307,0.8492137789726257,0.15078622102737427,data/nips2017/images/b0e0e06e647b478f.png,outputs/nips2017/nips2017_selected_20260714_195944/swin/ablation_and_no_verifier/sample_0722/images/final_selected.png,place in arid plains,[],[],False,True
swin,723,b1bf532ce2c4c3a1,874,556,874,846,True,True,0.9000626802444458,0.0999373197555542,0.8987647891044617,0.10123521089553833,data/nips2017/images/b1bf532ce2c4c3a1.png,outputs/nips2017/nips2017_selected_20260714_195944/swin/ablation_and_no_verifier/sample_0723/images/final_selected.png,apply soft afternoon haze,[],[],False,True
swin,724,b1e69e9c3d740f4c,3,832,3,33,True,True,0.7998079061508179,0.20019209384918213,0.5885244607925415,0.4114755392074585,data/nips2017/images/b1e69e9c3d740f4c.png,outputs/nips2017/nips2017_selected_20260714_195944/swin/ablation_and_no_verifier/sample_0724/images/final_selected.png,place in deep blue abyss,[],[],False,True
swin,725,b2a7e558f1a3ff16,619,535,619,818,True,True,0.6874514818191528,0.31254851818084717,0.5297552347183228,0.47024476528167725,data/nips2017/images/b2a7e558f1a3ff16.png,outputs/nips2017/nips2017_selected_20260714_195944/swin/ablation_and_no_verifier/sample_0725/images/final_selected.png,a photo of lampshade in the background,[619],"[""lampshade""]",False,True
swin,726,b02b553998809e17,703,846,703,738,True,True,0.7203090190887451,0.2796909809112549,0.48761439323425293,0.5123856067657471,data/nips2017/images/b02b553998809e17.png,outputs/nips2017/nips2017_selected_20260714_195944/swin/ablation_and_no_verifier/sample_0726/images/final_selected.png,coated in weathered stone,[],[],False,True
swin,727,b3ba6f0352a29b2d,751,562,751,817,True,True,0.9023022651672363,0.09769773483276367,0.8140385150909424,0.18596148490905762,data/nips2017/images/b3ba6f0352a29b2d.png,outputs/nips2017/nips2017_selected_20260714_195944/swin/ablation_and_no_verifier/sample_0727/images/final_selected.png,a photo of racer in the background,[751],"[""racer""]",False,True
swin,728,b3c384a2d1a391c0,630,455,630,706,True,True,-0.021362975239753723,1.0213629752397537,0.05287546664476395,0.947124533355236,data/nips2017/images/b3c384a2d1a391c0.png,outputs/nips2017/nips2017_selected_20260714_195944/swin/ablation_and_no_verifier/sample_0728/images/final_selected.png,place in sunlit patio,[706],"[""patio""]",True,False
swin,729,b3f200c672c5ca4f,975,274,975,979,True,True,0.5377095937728882,0.4622904062271118,0.6156896352767944,0.38431036472320557,data/nips2017/images/b3f200c672c5ca4f.png,outputs/nips2017/nips2017_selected_20260714_195944/swin/ablation_and_no_verifier/sample_0729/images/final_selected.png,shift to rolling hills,[],[],False,True
swin,730,b6c6a5b7829fbc9b,472,505,472,975,True,True,0.8415490984916687,0.1584509015083313,0.8827611207962036,0.11723887920379639,data/nips2017/images/b6c6a5b7829fbc9b.png,outputs/nips2017/nips2017_selected_20260714_195944/swin/ablation_and_no_verifier/sample_0730/images/final_selected.png,place scene near reeds,[],[],False,True
swin,731,b7d9e1d8cf1d7912,518,484,518,802,True,True,0.8753020763397217,0.12469792366027832,0.8945642709732056,0.10543572902679443,data/nips2017/images/b7d9e1d8cf1d7912.png,outputs/nips2017/nips2017_selected_20260714_195944/swin/ablation_and_no_verifier/sample_0731/images/final_selected.png,introduce light drizzle,[],[],False,True
swin,732,b11fa0f292c0178f,701,900,701,947,True,True,0.11397025734186172,0.8860297426581383,0.30218347907066345,0.6978165209293365,data/nips2017/images/b11fa0f292c0178f.png,outputs/nips2017/nips2017_selected_20260714_195944/swin/ablation_and_no_verifier/sample_0732/images/final_selected.png,a photo of parachute in the background,[701],"[""parachute""]",False,True
swin,733,b19e2df06dbcccd9,672,815,672,974,True,True,0.5934360027313232,0.40656399726867676,0.6772294044494629,0.3227705955505371,data/nips2017/images/b19e2df06dbcccd9.png,outputs/nips2017/nips2017_selected_20260714_195944/swin/ablation_and_no_verifier/sample_0733/images/final_selected.png,introduce light mist,[],[],False,True
swin,734,b48febf2b989205b,759,634,759,974,True,True,0.8659050464630127,0.1340949535369873,0.7967996001243591,0.20320039987564087,data/nips2017/images/b48febf2b989205b.png,outputs/nips2017/nips2017_selected_20260714_195944/swin/ablation_and_no_verifier/sample_0734/images/final_selected.png,add soft morning mist,[],[],False,True
swin,735,b58e8d136aff5a50,624,564,624,454,True,True,0.7193106412887573,0.2806893587112427,0.8273810148239136,0.17261898517608643,data/nips2017/images/b58e8d136aff5a50.png,outputs/nips2017/nips2017_selected_20260714_195944/swin/ablation_and_no_verifier/sample_0735/images/final_selected.png,a photo of library in the background,[624],"[""library""]",False,True
swin,739,b89dbfcc49dcf156,888,466,888,663,True,True,0.7506622672080994,0.24933773279190063,0.7213577032089233,0.27864229679107666,data/nips2017/images/b89dbfcc49dcf156.png,outputs/nips2017/nips2017_selected_20260714_195944/swin/ablation_and_no_verifier/sample_0739/images/final_selected.png,place in arid canyon,[],[],False,True
swin,741,b239b5b3e1642f3b,913,745,913,975,True,True,0.5953075885772705,0.4046924114227295,0.7002044916152954,0.2997955083847046,data/nips2017/images/b239b5b3e1642f3b.png,outputs/nips2017/nips2017_selected_20260714_195944/swin/ablation_and_no_verifier/sample_0741/images/final_selected.png,a photo of wreck in the background,[913],"[""wreck""]",False,True
swin,742,b0619a61cf135f5e,984,419,984,595,True,True,0.678945779800415,0.32105422019958496,0.6684912443161011,0.3315087556838989,data/nips2017/images/b0619a61cf135f5e.png,outputs/nips2017/nips2017_selected_20260714_195944/swin/ablation_and_no_verifier/sample_0742/images/final_selected.png,coated in fine dust,[],[],False,True
swin,745,b5548ecffa20aac8,933,107,933,923,True,True,0.8101816773414612,0.18981832265853882,0.7408504486083984,0.25914955139160156,data/nips2017/images/b5548ecffa20aac8.png,outputs/nips2017/nips2017_selected_20260714_195944/swin/ablation_and_no_verifier/sample_0745/images/final_selected.png,a photo of cheeseburger in the background,[933],"[""cheeseburger""]",False,True
swin,746,b8596bba57a73794,351,40,351,348,True,True,0.568047285079956,0.43195271492004395,0.33596545457839966,0.6640345454216003,data/nips2017/images/b8596bba57a73794.png,outputs/nips2017/nips2017_selected_20260714_195944/swin/ablation_and_no_verifier/sample_0746/images/final_selected.png,coated in fine moss,[],[],False,True
swin,747,b9310b9080c06e4f,866,268,866,701,True,True,0.8906341195106506,0.10936588048934937,0.8003370761871338,0.1996629238128662,data/nips2017/images/b9310b9080c06e4f.png,outputs/nips2017/nips2017_selected_20260714_195944/swin/ablation_and_no_verifier/sample_0747/images/final_selected.png,place in dry field,[],[],False,True
swin,748,b217644382dcd864,511,707,511,974,True,True,0.9751085638999939,0.024891436100006104,0.9590632915496826,0.04093670845031738,data/nips2017/images/b217644382dcd864.png,outputs/nips2017/nips2017_selected_20260714_195944/swin/ablation_and_no_verifier/sample_0748/images/final_selected.png,introduce soft haze,[],[],False,True
swin,749,ba4b978112a20be1,971,15,971,203,True,True,0.7528667449951172,0.2471332550048828,0.48913338780403137,0.5108666121959686,data/nips2017/images/ba4b978112a20be1.png,outputs/nips2017/nips2017_selected_20260714_195944/swin/ablation_and_no_verifier/sample_0749/images/final_selected.png,coated in iridescent sheen,[],[],False,True
swin,750,ba4508962af69d90,672,826,672,915,True,True,0.7633750438690186,0.23662495613098145,0.3025323152542114,0.6974676847457886,data/nips2017/images/ba4508962af69d90.png,outputs/nips2017/nips2017_selected_20260714_195944/swin/ablation_and_no_verifier/sample_0750/images/final_selected.png,coated in weathered canvas,[],[],False,True
swin,751,baeb1300832574aa,971,659,971,980,True,True,0.7633818984031677,0.23661810159683228,0.7795153856277466,0.22048461437225342,data/nips2017/images/baeb1300832574aa.png,outputs/nips2017/nips2017_selected_20260714_195944/swin/ablation_and_no_verifier/sample_0751/images/final_selected.png,introduce soft mist,[],[],False,True
swin,752,bb03be3702584eeb,671,623,671,444,True,True,0.9676943421363831,0.03230565786361694,0.6403545141220093,0.3596454858779907,data/nips2017/images/bb03be3702584eeb.png,outputs/nips2017/nips2017_selected_20260714_195944/swin/ablation_and_no_verifier/sample_0752/images/final_selected.png,coated in dark bronze,[],[],False,True
swin,753,bb6fcb4a52b4fc0f,734,509,734,656,True,True,0.9206092357635498,0.0793907642364502,0.7417608499526978,0.25823915004730225,data/nips2017/images/bb6fcb4a52b4fc0f.png,outputs/nips2017/nips2017_selected_20260714_195944/swin/ablation_and_no_verifier/sample_0753/images/final_selected.png,coated in matte grey,[],[],False,True
swin,754,bb748281da5e8681,347,693,347,958,True,True,0.42859917879104614,0.5714008212089539,0.32069677114486694,0.6793032288551331,data/nips2017/images/bb748281da5e8681.png,outputs/nips2017/nips2017_selected_20260714_195944/swin/ablation_and_no_verifier/sample_0754/images/final_selected.png,coated in damp moss,[],[],False,True
swin,755,bba5c56cc3eb07c9,920,593,920,561,True,True,0.3538949489593506,0.6461050510406494,0.48058265447616577,0.5194173455238342,data/nips2017/images/bba5c56cc3eb07c9.png,outputs/nips2017/nips2017_selected_20260714_195944/swin/ablation_and_no_verifier/sample_0755/images/final_selected.png,shift to industrial setting,[],[],False,True
swin,756,bc7dff0960bb3335,442,764,442,497,True,True,0.6969112157821655,0.3030887842178345,0.7291817665100098,0.27081823348999023,data/nips2017/images/bc7dff0960bb3335.png,outputs/nips2017/nips2017_selected_20260714_195944/swin/ablation_and_no_verifier/sample_0756/images/final_selected.png,change lighting to dusk,[],[],False,True
swin,757,bc9a5e01c02e759e,922,17,922,749,True,True,0.7848163843154907,0.21518361568450928,0.791178822517395,0.20882117748260498,data/nips2017/images/bc9a5e01c02e759e.png,outputs/nips2017/nips2017_selected_20260714_195944/swin/ablation_and_no_verifier/sample_0757/images/final_selected.png,place in warm wood setting,[],[],False,True
swin,758,bd3617fcc985fe31,832,60,832,698,True,True,0.8939211964607239,0.10607880353927612,0.5296255946159363,0.4703744053840637,data/nips2017/images/bd3617fcc985fe31.png,outputs/nips2017/nips2017_selected_20260714_195944/swin/ablation_and_no_verifier/sample_0758/images/final_selected.png,covered in verdigris patina,[],[],False,True
swin,759,be1c43056c5d0085,144,435,144,975,True,True,0.4223978519439697,0.5776021480560303,0.3845077455043793,0.6154922544956207,data/nips2017/images/be1c43056c5d0085.png,outputs/nips2017/nips2017_selected_20260714_195944/swin/ablation_and_no_verifier/sample_0759/images/final_selected.png,a photo of pelican in the background,[144],"[""pelican""]",False,True
swin,760,be9a3bea2989a0b4,717,676,717,436,True,True,0.9152995347976685,0.08470046520233154,0.911774218082428,0.08822578191757202,data/nips2017/images/be9a3bea2989a0b4.png,outputs/nips2017/nips2017_selected_20260714_195944/swin/ablation_and_no_verifier/sample_0760/images/final_selected.png,place in open field,[],[],False,True
swin,761,be95f5be87f6fadd,458,602,458,406,True,True,0.5020602941513062,0.49793970584869385,0.6504007577896118,0.3495992422103882,data/nips2017/images/be95f5be87f6fadd.png,outputs/nips2017/nips2017_selected_20260714_195944/swin/ablation_and_no_verifier/sample_0761/images/final_selected.png,place in dimly lit hall,[],[],False,True
swin,762,be97d1e63c32043e,94,229,94,723,True,True,0.582261860370636,0.417738139629364,0.48638075590133667,0.5136192440986633,data/nips2017/images/be97d1e63c32043e.png,outputs/nips2017/nips2017_selected_20260714_195944/swin/ablation_and_no_verifier/sample_0762/images/final_selected.png,a photo of hummingbird in the background,[94],"[""hummingbird""]",False,True
swin,763,be5543dc68f0b970,779,635,779,912,True,True,0.010082609951496124,0.9899173900485039,0.22852568328380585,0.7714743167161942,data/nips2017/images/be5543dc68f0b970.png,outputs/nips2017/nips2017_selected_20260714_195944/swin/ablation_and_no_verifier/sample_0763/images/final_selected.png,place near dirt track,[],[],False,True
swin,764,beb3e55c385feb12,814,880,814,975,True,True,0.5503672361373901,0.44963276386260986,0.7932309508323669,0.20676904916763306,data/nips2017/images/beb3e55c385feb12.png,outputs/nips2017/nips2017_selected_20260714_195944/swin/ablation_and_no_verifier/sample_0764/images/final_selected.png,place in calm bay,[],[],False,True
swin,765,becf3b004177ded6,985,456,985,489,True,True,0.6528956294059753,0.34710437059402466,0.5881868600845337,0.4118131399154663,data/nips2017/images/becf3b004177ded6.png,outputs/nips2017/nips2017_selected_20260714_195944/swin/ablation_and_no_verifier/sample_0765/images/final_selected.png,introduce light frost,[],[],False,True
swin,766,bfb2aaf48d7fc08c,978,952,978,967,True,True,0.2343091070652008,0.7656908929347992,0.4163419008255005,0.5836580991744995,data/nips2017/images/bfb2aaf48d7fc08c.png,outputs/nips2017/nips2017_selected_20260714_195944/swin/ablation_and_no_verifier/sample_0766/images/final_selected.png,coated in wet pebbles,[],[],False,True
swin,768,c02ff39fe5832f4b,904,674,904,498,True,True,0.6976335048675537,0.3023664951324463,0.7346527576446533,0.2653472423553467,data/nips2017/images/c02ff39fe5832f4b.png,outputs/nips2017/nips2017_selected_20260714_195944/swin/ablation_and_no_verifier/sample_0768/images/final_selected.png,place in urban plaza,[],[],False,True
swin,769,c3cf76709c87255b,675,223,675,407,True,True,0.8922407031059265,0.10775929689407349,0.7857558727264404,0.21424412727355957,data/nips2017/images/c3cf76709c87255b.png,outputs/nips2017/nips2017_selected_20260714_195944/swin/ablation_and_no_verifier/sample_0769/images/final_selected.png,change lighting to dusk,[],[],False,True
swin,770,c3e9a84e039df3ce,468,764,468,436,True,True,0.7835707068443298,0.21642929315567017,0.5993130803108215,0.40068691968917847,data/nips2017/images/c3e9a84e039df3ce.png,outputs/nips2017/nips2017_selected_20260714_195944/swin/ablation_and_no_verifier/sample_0770/images/final_selected.png,coated in polished chrome,[],[],False,True
swin,771,c3f452167c39302f,295,921,295,294,True,True,0.4388834834098816,0.5611165165901184,0.4577454924583435,0.5422545075416565,data/nips2017/images/c3f452167c39302f.png,outputs/nips2017/nips2017_selected_20260714_195944/swin/ablation_and_no_verifier/sample_0771/images/final_selected.png,a photo of American black bear in the background,[295],"[""american black bear""]",False,True
swin,772,c5c9d17672ff88ce,457,265,457,854,True,True,0.4789910912513733,0.5210089087486267,0.3425522744655609,0.6574477255344391,data/nips2017/images/c5c9d17672ff88ce.png,outputs/nips2017/nips2017_selected_20260714_195944/swin/ablation_and_no_verifier/sample_0772/images/final_selected.png,covered in velvet,[885],"[""velvet""]",False,True
swin,773,c5f5e09f4f5fd41a,403,420,403,724,True,True,0.5547488927841187,0.44525110721588135,0.5158806443214417,0.48411935567855835,data/nips2017/images/c5f5e09f4f5fd41a.png,outputs/nips2017/nips2017_selected_20260714_195944/swin/ablation_and_no_verifier/sample_0773/images/final_selected.png,a photo of aircraft carrier in the background,[403],"[""aircraft carrier""]",False,True
swin,774,c6b5f6c1d79dffc6,582,651,582,943,True,True,0.8661433458328247,0.1338566541671753,0.8693578243255615,0.13064217567443848,data/nips2017/images/c6b5f6c1d79dffc6.png,outputs/nips2017/nips2017_selected_20260714_195944/swin/ablation_and_no_verifier/sample_0774/images/final_selected.png,apply soft afternoon haze,[],[],False,True
swin,775,c6e0d2ab3bbf4a3e,705,837,705,974,True,True,0.9319535493850708,0.0680464506149292,0.9256945848464966,0.07430541515350342,data/nips2017/images/c6e0d2ab3bbf4a3e.png,outputs/nips2017/nips2017_selected_20260714_195944/swin/ablation_and_no_verifier/sample_0775/images/final_selected.png,a photo of passenger car in the background,[705],"[""passenger car""]",False,True
swin,776,c7d0c73d636300f5,829,800,829,705,True,True,0.926160454750061,0.07383954524993896,0.9175854921340942,0.08241450786590576,data/nips2017/images/c7d0c73d636300f5.png,outputs/nips2017/nips2017_selected_20260714_195944/swin/ablation_and_no_verifier/sample_0776/images/final_selected.png,introduce light drizzle,[],[],False,True
swin,777,c8abefc975e94b10,874,674,874,974,True,True,0.7149642705917358,0.28503572940826416,0.7708421349525452,0.22915786504745483,data/nips2017/images/c8abefc975e94b10.png,outputs/nips2017/nips2017_selected_20260714_195944/swin/ablation_and_no_verifier/sample_0777/images/final_selected.png,introduce light drizzle,[],[],False,True
swin,778,c9ddfb1043177de8,974,116,974,980,True,True,0.8685922622680664,0.1314077377319336,0.8040888905525208,0.19591110944747925,data/nips2017/images/c9ddfb1043177de8.png,outputs/nips2017/nips2017_selected_20260714_195944/swin/ablation_and_no_verifier/sample_0778/images/final_selected.png,a photo of geyser in the background,[974],"[""geyser""]",False,True
swin,779,c10f6e0689efbc1c,887,296,887,738,True,True,0.6288896799087524,0.37111032009124756,0.7852741479873657,0.21472585201263428,data/nips2017/images/c10f6e0689efbc1c.png,outputs/nips2017/nips2017_selected_20260714_195944/swin/ablation_and_no_verifier/sample_0779/images/final_selected.png,a photo of vestment in the background,[887],"[""vestment""]",False,True
swin,780,c17d39b1eba4cc03,668,731,668,437,True,True,0.8387922048568726,0.16120779514312744,0.769099235534668,0.23090076446533203,data/nips2017/images/c17d39b1eba4cc03.png,outputs/nips2017/nips2017_selected_20260714_195944/swin/ablation_and_no_verifier/sample_0780/images/final_selected.png,a photo of mosque in the background,[668],"[""mosque""]",False,True
swin,781,c25da85d5d62b000,403,218,403,978,True,True,0.15734988451004028,0.8426501154899597,0.24008560180664062,0.7599143981933594,data/nips2017/images/c25da85d5d62b000.png,outputs/nips2017/nips2017_selected_20260714_195944/swin/ablation_and_no_verifier/sample_0781/images/final_selected.png,a photo of aircraft carrier in the background,[403],"[""aircraft carrier""]",False,True
swin,782,c27e3bde18fba21b,322,127,322,325,True,True,0.8226765990257263,0.17732340097427368,0.84763503074646,0.15236496925354004,data/nips2017/images/c27e3bde18fba21b.png,outputs/nips2017/nips2017_selected_20260714_195944/swin/ablation_and_no_verifier/sample_0782/images/final_selected.png,shift to twilight hour,[],[],False,True
swin,783,c35cd0d5673ec1db,962,366,962,945,True,True,0.32908856868743896,0.670911431312561,0.5561920404434204,0.4438079595565796,data/nips2017/images/c35cd0d5673ec1db.png,outputs/nips2017/nips2017_selected_20260714_195944/swin/ablation_and_no_verifier/sample_0783/images/final_selected.png,place in rustic kitchen,[],[],False,True
swin,784,c036b20afde859b7,280,507,280,272,True,True,0.6044278740882874,0.39557212591171265,0.5514487028121948,0.4485512971878052,data/nips2017/images/c036b20afde859b7.png,outputs/nips2017/nips2017_selected_20260714_195944/swin/ablation_and_no_verifier/sample_0784/images/final_selected.png,a photo of grey fox in the background,[280],"[""grey fox""]",False,True
swin,785,c42c88890b5fc86d,670,111,670,974,True,True,0.9108811020851135,0.08911889791488647,0.9252442121505737,0.07475578784942627,data/nips2017/images/c42c88890b5fc86d.png,outputs/nips2017/nips2017_selected_20260714_195944/swin/ablation_and_no_verifier/sample_0785/images/final_selected.png,add light mist,[],[],False,True
swin,786,c47ca11294a9aefe,546,118,546,634,True,True,0.5715444087982178,0.4284555912017822,0.5319713354110718,0.4680286645889282,data/nips2017/images/c47ca11294a9aefe.png,outputs/nips2017/nips2017_selected_20260714_195944/swin/ablation_and_no_verifier/sample_0786/images/final_selected.png,place in dusty attic,[],[],False,True
swin,787,c83cfca4bc9dd3c7,695,729,695,835,True,True,0.9010054469108582,0.09899455308914185,0.6326383948326111,0.3673616051673889,data/nips2017/images/c83cfca4bc9dd3c7.png,outputs/nips2017/nips2017_selected_20260714_195944/swin/ablation_and_no_verifier/sample_0787/images/final_selected.png,a photo of padlock in the background,[695],"[""padlock""]",False,True
swin,789,c96c3eab644075d3,347,299,347,345,True,True,0.7454187870025635,0.2545812129974365,0.6937773823738098,0.3062226176261902,data/nips2017/images/c96c3eab644075d3.png,outputs/nips2017/nips2017_selected_20260714_195944/swin/ablation_and_no_verifier/sample_0789/images/final_selected.png,shift to twilight meadow,[],[],False,True
swin,790,c98a8640dcfaa5e0,746,846,746,450,True,True,0.7196148633956909,0.2803851366043091,0.7931421995162964,0.2068578004837036,data/nips2017/images/c98a8640dcfaa5e0.png,outputs/nips2017/nips2017_selected_20260714_195944/swin/ablation_and_no_verifier/sample_0790/images/final_selected.png,shift to stadium seating,[],[],False,True
swin,791,c135b139d293f7f2,346,490,346,354,True,True,0.6613593697547913,0.33864063024520874,0.21172530949115753,0.7882746905088425,data/nips2017/images/c135b139d293f7f2.png,outputs/nips2017/nips2017_selected_20260714_195944/swin/ablation_and_no_verifier/sample_0791/images/final_selected.png,coated in wet clay,[],[],False,True
swin,793,c609f86fa706bb9e,112,888,112,114,True,True,0.7190887928009033,0.2809112071990967,0.8206641674041748,0.1793358325958252,data/nips2017/images/c609f86fa706bb9e.png,outputs/nips2017/nips2017_selected_20260714_195944/swin/ablation_and_no_verifier/sample_0793/images/final_selected.png,place on rough stone,[],[],False,True
swin,794,c755f3b0f89028fc,565,826,565,569,True,True,0.9245818257331848,0.07541817426681519,0.8810087442398071,0.11899125576019287,data/nips2017/images/c755f3b0f89028fc.png,outputs/nips2017/nips2017_selected_20260714_195944/swin/ablation_and_no_verifier/sample_0794/images/final_selected.png,add hazy sunlight,[],[],False,True
swin,795,c777da68bec01dcd,486,583,486,889,True,True,0.831813633441925,0.16818636655807495,0.6717863082885742,0.3282136917114258,data/nips2017/images/c777da68bec01dcd.png,outputs/nips2017/nips2017_selected_20260714_195944/swin/ablation_and_no_verifier/sample_0795/images/final_selected.png,dim the ambient light,[],[],False,True
swin,796,c4824f023903731a,737,816,737,648,True,True,0.8363173604011536,0.16368263959884644,0.8110897541046143,0.18891024589538574,data/nips2017/images/c4824f023903731a.png,outputs/nips2017/nips2017_selected_20260714_195944/swin/ablation_and_no_verifier/sample_0796/images/final_selected.png,a photo of pop bottle in the background,[737],"[""pop bottle""]",False,True
swin,797,c9302f3b2b0452e4,883,891,883,787,True,True,0.537815511226654,0.46218448877334595,0.5425453186035156,0.4574546813964844,data/nips2017/images/c9302f3b2b0452e4.png,outputs/nips2017/nips2017_selected_20260714_195944/swin/ablation_and_no_verifier/sample_0797/images/final_selected.png,a photo of vase in the background,[883],"[""vase""]",False,True
swin,798,c43077b2283479be,13,764,13,94,True,True,0.5494464039802551,0.4505535960197449,0.5767768025398254,0.42322319746017456,data/nips2017/images/c43077b2283479be.png,outputs/nips2017/nips2017_selected_20260714_195944/swin/ablation_and_no_verifier/sample_0798/images/final_selected.png,coated in soft moss,[],[],False,True
swin,799,c66310d8b709d6d5,762,105,762,532,True,True,0.8266512155532837,0.1733487844467163,0.7594614624977112,0.24053853750228882,data/nips2017/images/c66310d8b709d6d5.png,outputs/nips2017/nips2017_selected_20260714_195944/swin/ablation_and_no_verifier/sample_0799/images/final_selected.png,shift to stone hall,[],[],False,True
swin,800,c96358fe7b8eaf28,705,491,705,598,True,True,0.9517149925231934,0.04828500747680664,0.8697754144668579,0.1302245855331421,data/nips2017/images/c96358fe7b8eaf28.png,outputs/nips2017/nips2017_selected_20260714_195944/swin/ablation_and_no_verifier/sample_0800/images/final_selected.png,dim the ambient light,[],[],False,True
swin,801,c135337ca7a575ae,347,177,347,345,True,True,0.521604061126709,0.478395938873291,0.5914010405540466,0.40859895944595337,data/nips2017/images/c135337ca7a575ae.png,outputs/nips2017/nips2017_selected_20260714_195944/swin/ablation_and_no_verifier/sample_0801/images/final_selected.png,coated in dark moss,[],[],False,True
swin,802,c179282bd977c6e0,671,104,671,870,True,True,0.636404275894165,0.36359572410583496,0.8731300830841064,0.12686991691589355,data/nips2017/images/c179282bd977c6e0.png,outputs/nips2017/nips2017_selected_20260714_195944/swin/ablation_and_no_verifier/sample_0802/images/final_selected.png,place in sunlit meadow,[],[],False,True
swin,803,c663670c06c06ea4,908,902,908,807,True,True,0.8069930672645569,0.19300693273544312,0.605648398399353,0.394351601600647,data/nips2017/images/c663670c06c06ea4.png,outputs/nips2017/nips2017_selected_20260714_195944/swin/ablation_and_no_verifier/sample_0803/images/final_selected.png,coated in polished chrome,[],[],False,True
swin,804,c819099fed6f0d73,961,776,961,930,True,True,0.6926496028900146,0.30735039710998535,0.5980522036552429,0.4019477963447571,data/nips2017/images/c819099fed6f0d73.png,outputs/nips2017/nips2017_selected_20260714_195944/swin/ablation_and_no_verifier/sample_0804/images/final_selected.png,a photo of dough in the background,[961],"[""dough""]",False,True
swin,807,ca50e3535eb6396c,555,928,555,974,True,True,0.903426468372345,0.09657353162765503,0.847055196762085,0.15294480323791504,data/nips2017/images/ca50e3535eb6396c.png,outputs/nips2017/nips2017_selected_20260714_195944/swin/ablation_and_no_verifier/sample_0807/images/final_selected.png,a photo of fire engine in the background,[555],"[""fire engine""]",False,True
swin,808,cb63df64516985c1,634,771,634,912,True,True,0.16268301010131836,0.8373169898986816,0.44430288672447205,0.555697113275528,data/nips2017/images/cb63df64516985c1.png,outputs/nips2017/nips2017_selected_20260714_195944/swin/ablation_and_no_verifier/sample_0808/images/final_selected.png,place in open field,[],[],False,True
swin,809,cb71a056a8e05bb2,319,940,319,311,True,True,0.7144206166267395,0.2855793833732605,0.6544054746627808,0.34559452533721924,data/nips2017/images/cb71a056a8e05bb2.png,outputs/nips2017/nips2017_selected_20260714_195944/swin/ablation_and_no_verifier/sample_0809/images/final_selected.png,coated in fine dust,[],[],False,True
swin,810,cbaff3255afbe83f,560,852,560,981,True,True,0.8157955408096313,0.18420445919036865,0.803946316242218,0.19605368375778198,data/nips2017/images/cbaff3255afbe83f.png,outputs/nips2017/nips2017_selected_20260714_195944/swin/ablation_and_no_verifier/sample_0810/images/final_selected.png,a photo of football helmet in the background,[560],"[""football helmet""]",False,True
swin,811,cbcb7444cc827812,762,785,762,818,True,True,0.7926738858222961,0.20732611417770386,0.6576204299926758,0.3423795700073242,data/nips2017/images/cbcb7444cc827812.png,outputs/nips2017/nips2017_selected_20260714_195944/swin/ablation_and_no_verifier/sample_0811/images/final_selected.png,a photo of restaurant in the background,[762],"[""restaurant""]",False,True
swin,812,cc8d850717026796,661,790,661,980,True,True,0.9510380625724792,0.04896193742752075,0.7476209402084351,0.25237905979156494,data/nips2017/images/cc8d850717026796.png,outputs/nips2017/nips2017_selected_20260714_195944/swin/ablation_and_no_verifier/sample_0812/images/final_selected.png,coated in dark patina,[],[],False,True
swin,813,cc13c2bc5cdd1f44,559,740,559,516,True,True,0.9038130044937134,0.09618699550628662,0.5716266632080078,0.4283733367919922,data/nips2017/images/cc13c2bc5cdd1f44.png,outputs/nips2017/nips2017_selected_20260714_195944/swin/ablation_and_no_verifier/sample_0813/images/final_selected.png,coated in aged canvas,[],[],False,True
swin,814,cc283b8f7f46fbf0,573,961,573,525,True,True,0.7401434183120728,0.25985658168792725,0.8509417772293091,0.14905822277069092,data/nips2017/images/cc283b8f7f46fbf0.png,outputs/nips2017/nips2017_selected_20260714_195944/swin/ablation_and_no_verifier/sample_0814/images/final_selected.png,place scene near quarry,[],[],False,True
swin,815,cc43200264a62126,980,589,980,970,True,True,0.2834260165691376,0.7165739834308624,0.5231842994689941,0.47681570053100586,data/nips2017/images/cc43200264a62126.png,outputs/nips2017/nips2017_selected_20260714_195944/swin/ablation_and_no_verifier/sample_0815/images/final_selected.png,place near icy fjord,[],[],False,True
swin,816,ccbcaf10176e78e0,922,857,922,692,True,True,0.5816919803619385,0.4183080196380615,0.627449631690979,0.372550368309021,data/nips2017/images/ccbcaf10176e78e0.png,outputs/nips2017/nips2017_selected_20260714_195944/swin/ablation_and_no_verifier/sample_0816/images/final_selected.png,covered in parchment texture,[],[],False,True
swin,818,cd40b0e46c9da574,661,738,661,405,True,True,0.9032958745956421,0.09670412540435791,0.8968803882598877,0.1031196117401123,data/nips2017/images/cd40b0e46c9da574.png,outputs/nips2017/nips2017_selected_20260714_195944/swin/ablation_and_no_verifier/sample_0818/images/final_selected.png,add light mist,[],[],False,True
swin,819,ce05236afebb173d,535,509,535,671,True,True,0.7970883250236511,0.20291167497634888,0.7897598147392273,0.2102401852607727,data/nips2017/images/ce05236afebb173d.png,outputs/nips2017/nips2017_selected_20260714_195944/swin/ablation_and_no_verifier/sample_0819/images/final_selected.png,shift to dusty trail,[],[],False,True
swin,820,cebd45d7200f6111,70,946,70,327,True,True,0.391246497631073,0.608753502368927,0.32035133242607117,0.6796486675739288,data/nips2017/images/cebd45d7200f6111.png,outputs/nips2017/nips2017_selected_20260714_195944/swin/ablation_and_no_verifier/sample_0820/images/final_selected.png,coated in pale dust,[],[],False,True
swin,821,cec46dbd1fa3473a,897,245,897,688,True,True,0.8391690254211426,0.16083097457885742,0.5151307582855225,0.48486924171447754,data/nips2017/images/cec46dbd1fa3473a.png,outputs/nips2017/nips2017_selected_20260714_195944/swin/ablation_and_no_verifier/sample_0821/images/final_selected.png,coated in polished chrome,[],[],False,True
swin,822,cfab8f880da31ad8,540,307,540,517,True,True,0.9138748049736023,0.0861251950263977,0.7065719962120056,0.2934280037879944,data/nips2017/images/cfab8f880da31ad8.png,outputs/nips2017/nips2017_selected_20260714_195944/swin/ablation_and_no_verifier/sample_0822/images/final_selected.png,coated in oxidized copper,[],[],False,True
swin,823,d0c6c29954f0380b,430,95,430,643,True,True,0.9305485486984253,0.06945145130157471,0.7711303234100342,0.22886967658996582,data/nips2017/images/d0c6c29954f0380b.png,outputs/nips2017/nips2017_selected_20260714_195944/swin/ablation_and_no_verifier/sample_0823/images/final_selected.png,coated in worn leather,[],[],False,True
swin,824,d0fe8afb55c3c7cd,497,777,497,442,True,True,0.8077104687690735,0.1922895312309265,0.5887476205825806,0.41125237941741943,data/nips2017/images/d0fe8afb55c3c7cd.png,outputs/nips2017/nips2017_selected_20260714_195944/swin/ablation_and_no_verifier/sample_0824/images/final_selected.png,covered in aged stone,[],[],False,True
swin,825,d1a723656dc08b5e,821,813,821,718,True,True,0.8337148427963257,0.16628515720367432,0.7586978077888489,0.24130219221115112,data/nips2017/images/d1a723656dc08b5e.png,outputs/nips2017/nips2017_selected_20260714_195944/swin/ablation_and_no_verifier/sample_0825/images/final_selected.png,introduce light mist,[],[],False,True
swin,826,d02adcb9140880a1,915,782,915,970,True,True,0.46639183163642883,0.5336081683635712,0.48719578981399536,0.5128042101860046,data/nips2017/images/d02adcb9140880a1.png,outputs/nips2017/nips2017_selected_20260714_195944/swin/ablation_and_no_verifier/sample_0826/images/final_selected.png,a photo of yurt in the background,[915],"[""yurt""]",False,True
swin,827,d2cc2eabfc7bf54a,555,720,555,517,True,True,0.6885427236557007,0.3114572763442993,0.33289599418640137,0.6671040058135986,data/nips2017/images/d2cc2eabfc7bf54a.png,outputs/nips2017/nips2017_selected_20260714_195944/swin/ablation_and_no_verifier/sample_0827/images/final_selected.png,a photo of fire engine in the background,[555],"[""fire engine""]",False,True
swin,828,d2d2b255935f0aae,947,431,947,995,True,True,0.638668417930603,0.361331582069397,0.6206682920455933,0.37933170795440674,data/nips2017/images/d2d2b255935f0aae.png,outputs/nips2017/nips2017_selected_20260714_195944/swin/ablation_and_no_verifier/sample_0828/images/final_selected.png,a photo of mushroom in the background,[947],"[""mushroom""]",False,True
swin,829,d2d6ae6e0b8a0c31,985,600,985,885,True,True,0.41225001215934753,0.5877499878406525,0.4436054825782776,0.5563945174217224,data/nips2017/images/d2d6ae6e0b8a0c31.png,outputs/nips2017/nips2017_selected_20260714_195944/swin/ablation_and_no_verifier/sample_0829/images/final_selected.png,coated in pale silk,[],[],False,True
swin,830,d3a88c50958b1b5f,976,999,976,972,True,True,0.8503384590148926,0.14966154098510742,0.7975919246673584,0.2024080753326416,data/nips2017/images/d3a88c50958b1b5f.png,outputs/nips2017/nips2017_selected_20260714_195944/swin/ablation_and_no_verifier/sample_0830/images/final_selected.png,introduce soft haze,[],[],False,True
swin,832,d4c817db6be62b71,94,163,94,95,True,True,0.8252192735671997,0.1747807264328003,0.6748428344726562,0.32515716552734375,data/nips2017/images/d4c817db6be62b71.png,outputs/nips2017/nips2017_selected_20260714_195944/swin/ablation_and_no_verifier/sample_0832/images/final_selected.png,a photo of hummingbird in the background,[94],"[""hummingbird""]",False,True
swin,833,d5d5f843f100328c,885,537,885,911,True,True,0.6734826564788818,0.32651734352111816,0.6826332211494446,0.3173667788505554,data/nips2017/images/d5d5f843f100328c.png,outputs/nips2017/nips2017_selected_20260714_195944/swin/ablation_and_no_verifier/sample_0833/images/final_selected.png,place near marble floor,[],[],False,True
swin,834,d6d42f8a1f6b4460,665,373,665,870,True,True,0.7268002033233643,0.27319979667663574,0.614326000213623,0.38567399978637695,data/nips2017/images/d6d42f8a1f6b4460.png,outputs/nips2017/nips2017_selected_20260714_195944/swin/ablation_and_no_verifier/sample_0834/images/final_selected.png,a photo of moped in the background,[665],"[""moped""]",False,True
swin,835,d6d192c5786f29f5,472,829,472,974,True,True,0.6171361207962036,0.3828638792037964,0.6877700090408325,0.3122299909591675,data/nips2017/images/d6d192c5786f29f5.png,outputs/nips2017/nips2017_selected_20260714_195944/swin/ablation_and_no_verifier/sample_0835/images/final_selected.png,introduce light mist,[],[],False,True
swin,836,d6eac6858474111c,322,249,322,952,True,True,0.9362785816192627,0.0637214183807373,0.8250133991241455,0.1749866008758545,data/nips2017/images/d6eac6858474111c.png,outputs/nips2017/nips2017_selected_20260714_195944/swin/ablation_and_no_verifier/sample_0836/images/final_selected.png,introduce light mist,[],[],False,True
swin,837,d7c1d1632cf0acc7,403,872,403,536,True,True,0.778978705406189,0.22102129459381104,0.4634166359901428,0.5365833640098572,data/nips2017/images/d7c1d1632cf0acc7.png,outputs/nips2017/nips2017_selected_20260714_195944/swin/ablation_and_no_verifier/sample_0837/images/final_selected.png,a photo of aircraft carrier in the background,[403],"[""aircraft carrier""]",False,True
swin,838,d7c8008bf74f2324,814,671,814,975,True,True,0.5610719919204712,0.4389280080795288,0.49558496475219727,0.5044150352478027,data/nips2017/images/d7c8008bf74f2324.png,outputs/nips2017/nips2017_selected_20260714_195944/swin/ablation_and_no_verifier/sample_0838/images/final_selected.png,a photo of speedboat in the background,[814],"[""speedboat""]",False,True
swin,839,d7d5b34ea0a0ffcf,877,969,877,879,True,True,0.9213210344314575,0.07867896556854248,0.8303036689758301,0.16969633102416992,data/nips2017/images/d7d5b34ea0a0ffcf.png,outputs/nips2017/nips2017_selected_20260714_195944/swin/ablation_and_no_verifier/sample_0839/images/final_selected.png,shift to twilight setting,[],[],False,True
swin,840,d7d8fc1442a82a8e,21,845,21,94,True,True,0.5896952152252197,0.4103047847747803,0.5929374694824219,0.4070625305175781,data/nips2017/images/d7d8fc1442a82a8e.png,outputs/nips2017/nips2017_selected_20260714_195944/swin/ablation_and_no_verifier/sample_0840/images/final_selected.png,coated in dark moss,[],[],False,True
swin,841,d7de327bbf412965,489,659,489,422,True,True,0.7932714819908142,0.2067285180091858,0.6764296889305115,0.3235703110694885,data/nips2017/images/d7de327bbf412965.png,outputs/nips2017/nips2017_selected_20260714_195944/swin/ablation_and_no_verifier/sample_0841/images/final_selected.png,a photo of chainlink fence in the background,[489],"[""chainlink fence""]",False,True
swin,842,d7ffed8f21024a14,751,921,751,974,True,True,0.8964991569519043,0.1035008430480957,0.9063316583633423,0.09366834163665771,data/nips2017/images/d7ffed8f21024a14.png,outputs/nips2017/nips2017_selected_20260714_195944/swin/ablation_and_no_verifier/sample_0842/images/final_selected.png,a photo of racer in the background,[751],"[""racer""]",False,True
swin,844,d9da4e5ef53d5e8b,640,486,640,576,True,True,0.0779663622379303,0.9220336377620697,0.5130603313446045,0.4869396686553955,data/nips2017/images/d9da4e5ef53d5e8b.png,outputs/nips2017/nips2017_selected_20260714_195944/swin/ablation_and_no_verifier/sample_0844/images/final_selected.png,place in cobblestone alley,[],[],False,True
swin,845,d9f624188d16fe93,39,601,39,46,True,True,0.8814690113067627,0.1185309886932373,0.9284439086914062,0.07155609130859375,data/nips2017/images/d9f624188d16fe93.png,outputs/nips2017/nips2017_selected_20260714_195944/swin/ablation_and_no_verifier/sample_0845/images/final_selected.png,place in dry scrubland,[],[],False,True
swin,846,d12aad0d18252b40,324,38,324,990,True,True,0.2733594477176666,0.7266405522823334,0.1954730600118637,0.8045269399881363,data/nips2017/images/d12aad0d18252b40.png,outputs/nips2017/nips2017_selected_20260714_195944/swin/ablation_and_no_verifier/sample_0846/images/final_selected.png,coated in pale moss,[],[],False,True
swin,847,d016b3204e7ca96e,791,777,791,436,True,True,0.953298807144165,0.04670119285583496,0.6858174800872803,0.3141825199127197,data/nips2017/images/d016b3204e7ca96e.png,outputs/nips2017/nips2017_selected_20260714_195944/swin/ablation_and_no_verifier/sample_0847/images/final_selected.png,coated in polished chrome,[],[],False,True
swin,848,d23fd2119c4f5dec,328,122,328,973,True,True,0.5047155618667603,0.49528443813323975,0.4077261984348297,0.5922738015651703,data/nips2017/images/d23fd2119c4f5dec.png,outputs/nips2017/nips2017_selected_20260714_195944/swin/ablation_and_no_verifier/sample_0848/images/final_selected.png,a photo of sea urchin in the background,[328],"[""sea urchin""]",False,True
swin,849,d25df1a8259d3fdf,160,832,160,226,True,True,0.8978116512298584,0.1021883487701416,0.8589380383491516,0.1410619616508484,data/nips2017/images/d25df1a8259d3fdf.png,outputs/nips2017/nips2017_selected_20260714_195944/swin/ablation_and_no_verifier/sample_0849/images/final_selected.png,shift to twilight setting,[],[],False,True
swin,850,d0029b3675b792ae,789,901,789,706,True,True,0.3475969135761261,0.6524030864238739,0.7944786548614502,0.2055213451385498,data/nips2017/images/d0029b3675b792ae.png,outputs/nips2017/nips2017_selected_20260714_195944/swin/ablation_and_no_verifier/sample_0850/images/final_selected.png,place in sunlit courtyard,[],[],False,True
swin,851,d34c51d7523e9c0f,646,654,646,975,True,True,0.7127659320831299,0.2872340679168701,0.7055190801620483,0.29448091983795166,data/nips2017/images/d34c51d7523e9c0f.png,outputs/nips2017/nips2017_selected_20260714_195944/swin/ablation_and_no_verifier/sample_0851/images/final_selected.png,a photo of maze in the background,[646],"[""maze""]",False,True
swin,852,d47c9aabecda0e12,985,198,985,854,True,True,0.717002272605896,0.282997727394104,0.814950704574585,0.18504929542541504,data/nips2017/images/d47c9aabecda0e12.png,outputs/nips2017/nips2017_selected_20260714_195944/swin/ablation_and_no_verifier/sample_0852/images/final_selected.png,change lighting to golden hour,[],[],False,True
swin,854,d67b326ef48bb7b7,873,545,873,663,True,True,0.8970831632614136,0.10291683673858643,0.852802038192749,0.14719796180725098,data/nips2017/images/d67b326ef48bb7b7.png,outputs/nips2017/nips2017_selected_20260714_195944/swin/ablation_and_no_verifier/sample_0854/images/final_selected.png,introduce light drizzle,[],[],False,True
swin,855,d72f34526e12fd83,441,324,441,706,True,True,0.24348783493041992,0.7565121650695801,0.37764471769332886,0.6223552823066711,data/nips2017/images/d72f34526e12fd83.png,outputs/nips2017/nips2017_selected_20260714_195944/swin/ablation_and_no_verifier/sample_0855/images/final_selected.png,a photo of beer glass in the background,[441],"[""beer glass""]",False,True
swin,856,d77af00930283f4b,900,648,900,821,True,True,0.8801827430725098,0.11981725692749023,0.8479235172271729,0.15207648277282715,data/nips2017/images/d77af00930283f4b.png,outputs/nips2017/nips2017_selected_20260714_195944/swin/ablation_and_no_verifier/sample_0856/images/final_selected.png,introduce light drizzle,[],[],False,True
swin,857,d97c1f3f1c211d1a,978,466,978,327,True,True,0.11257690191268921,0.8874230980873108,0.36369583010673523,0.6363041698932648,data/nips2017/images/d97c1f3f1c211d1a.png,outputs/nips2017/nips2017_selected_20260714_195944/swin/ablation_and_no_verifier/sample_0857/images/final_selected.png,covered in warm sand,[],[],False,True
swin,858,d392f0639c17f396,807,589,807,525,True,True,0.8117012977600098,0.18829870223999023,0.7577635049819946,0.24223649501800537,data/nips2017/images/d392f0639c17f396.png,outputs/nips2017/nips2017_selected_20260714_195944/swin/ablation_and_no_verifier/sample_0858/images/final_selected.png,change lighting to dusk,[],[],False,True
swin,859,d531a31add433f46,763,768,763,764,True,True,0.769823431968689,0.23017656803131104,0.7819925546646118,0.21800744533538818,data/nips2017/images/d531a31add433f46.png,outputs/nips2017/nips2017_selected_20260714_195944/swin/ablation_and_no_verifier/sample_0859/images/final_selected.png,shift to museum vault,[884],"[""vault""]",False,True
swin,860,d741b583a123562b,320,791,320,974,True,True,0.8813366293907166,0.11866337060928345,0.8922423124313354,0.10775768756866455,data/nips2017/images/d741b583a123562b.png,outputs/nips2017/nips2017_selected_20260714_195944/swin/ablation_and_no_verifier/sample_0860/images/final_selected.png,add light mist,[],[],False,True
swin,862,d1709eec353a6f93,296,555,296,208,True,True,0.7158449292182922,0.28415507078170776,0.5580127239227295,0.4419872760772705,data/nips2017/images/d1709eec353a6f93.png,outputs/nips2017/nips2017_selected_20260714_195944/swin/ablation_and_no_verifier/sample_0862/images/final_selected.png,coated in wet sheen,[],[],False,True
swin,863,d3551db0b83c8fc0,617,323,617,697,True,True,0.711540699005127,0.28845930099487305,0.6984572410583496,0.3015427589416504,data/nips2017/images/d3551db0b83c8fc0.png,outputs/nips2017/nips2017_selected_20260714_195944/swin/ablation_and_no_verifier/sample_0863/images/final_selected.png,a photo of lab coat in the background,[617],"[""lab coat""]",False,True
swin,864,d6887e8d19a06139,562,44,562,698,True,True,0.8611534833908081,0.1388465166091919,0.7963059544563293,0.20369404554367065,data/nips2017/images/d6887e8d19a06139.png,outputs/nips2017/nips2017_selected_20260714_195944/swin/ablation_and_no_verifier/sample_0864/images/final_selected.png,shift to daytime sun,[],[],False,True
swin,865,d7984e6e1a51b3c4,517,936,517,595,True,True,0.6809725165367126,0.31902748346328735,0.8627716898918152,0.13722831010818481,data/nips2017/images/d7984e6e1a51b3c4.png,outputs/nips2017/nips2017_selected_20260714_195944/swin/ablation_and_no_verifier/sample_0865/images/final_selected.png,place in open field,[],[],False,True
swin,866,d46216d31908163e,895,784,895,908,True,True,0.8757160305976868,0.12428396940231323,0.867173433303833,0.132826566696167,data/nips2017/images/d46216d31908163e.png,outputs/nips2017/nips2017_selected_20260714_195944/swin/ablation_and_no_verifier/sample_0866/images/final_selected.png,change lighting to dusk,[],[],False,True
swin,867,d158837db31ed892,518,803,518,974,True,True,0.9150202870368958,0.08497971296310425,0.9462243318557739,0.053775668144226074,data/nips2017/images/d158837db31ed892.png,outputs/nips2017/nips2017_selected_20260714_195944/swin/ablation_and_no_verifier/sample_0867/images/final_selected.png,shift background to concrete,[],[],False,True
swin,868,d204464fcf15ad99,299,268,299,293,True,True,0.28856104612350464,0.7114389538764954,0.49287331104278564,0.5071266889572144,data/nips2017/images/d204464fcf15ad99.png,outputs/nips2017/nips2017_selected_20260714_195944/swin/ablation_and_no_verifier/sample_0868/images/final_selected.png,place in dry savanna,[],[],False,True
swin,870,d05076189b7fd185,707,764,707,877,True,True,0.9422037601470947,0.05779623985290527,0.6511517763137817,0.34884822368621826,data/nips2017/images/d05076189b7fd185.png,outputs/nips2017/nips2017_selected_20260714_195944/swin/ablation_and_no_verifier/sample_0870/images/final_selected.png,introduce light haze,[],[],False,True
swin,871,d4579363596fbf21,832,888,832,979,True,True,0.29393288493156433,0.7060671150684357,0.36879852414131165,0.6312014758586884,data/nips2017/images/d4579363596fbf21.png,outputs/nips2017/nips2017_selected_20260714_195944/swin/ablation_and_no_verifier/sample_0871/images/final_selected.png,frame with distant hills,[],[],False,True
swin,872,d94940216544b2c5,311,621,311,47,True,True,0.8575485348701477,0.1424514651298523,0.9414023160934448,0.058597683906555176,data/nips2017/images/d94940216544b2c5.png,outputs/nips2017/nips2017_selected_20260714_195944/swin/ablation_and_no_verifier/sample_0872/images/final_selected.png,place in dry scrubland,[],[],False,True
swin,873,d386396825739960,853,226,853,975,True,True,-0.006687244400382042,1.006687244400382,0.23331642150878906,0.7666835784912109,data/nips2017/images/d386396825739960.png,outputs/nips2017/nips2017_selected_20260714_195944/swin/ablation_and_no_verifier/sample_0873/images/final_selected.png,a photo of thatch in the background,[853],"[""thatch""]",False,True
swin,874,da4b3e38b069d735,776,690,776,21,True,True,0.8560627698898315,0.14393723011016846,0.8998736143112183,0.10012638568878174,data/nips2017/images/da4b3e38b069d735.png,outputs/nips2017/nips2017_selected_20260714_195944/swin/ablation_and_no_verifier/sample_0874/images/final_selected.png,add gentle haze,[],[],False,True
swin,875,da4f4d6944d93ae0,734,778,734,751,True,True,0.7466468811035156,0.2533531188964844,0.6082648634910583,0.39173513650894165,data/nips2017/images/da4f4d6944d93ae0.png,outputs/nips2017/nips2017_selected_20260714_195944/swin/ablation_and_no_verifier/sample_0875/images/final_selected.png,a photo of police van in the background,[734],"[""police van""]",False,True
swin,876,da7e65bc80814f37,787,602,787,854,True,True,0.5190322399139404,0.48096776008605957,0.78132164478302,0.21867835521697998,data/nips2017/images/da7e65bc80814f37.png,outputs/nips2017/nips2017_selected_20260714_195944/swin/ablation_and_no_verifier/sample_0876/images/final_selected.png,place in torchlit hall,[],[],False,True
swin,877,da63f2acf683c0a7,133,616,133,50,True,True,0.6384696960449219,0.3615303039550781,0.5801371335983276,0.41986286640167236,data/nips2017/images/da63f2acf683c0a7.png,outputs/nips2017/nips2017_selected_20260714_195944/swin/ablation_and_no_verifier/sample_0877/images/final_selected.png,coated in wet moss,[],[],False,True
swin,878,daa43d65c3b18a84,821,53,821,978,True,True,0.7041502594947815,0.2958497405052185,0.6750220656394958,0.32497793436050415,data/nips2017/images/daa43d65c3b18a84.png,outputs/nips2017/nips2017_selected_20260714_195944/swin/ablation_and_no_verifier/sample_0878/images/final_selected.png,coated in weathered patina,[],[],False,True
swin,879,daa6404780b1af27,637,998,637,571,True,True,0.9547896385192871,0.04521036148071289,0.7098785638809204,0.2901214361190796,data/nips2017/images/daa6404780b1af27.png,outputs/nips2017/nips2017_selected_20260714_195944/swin/ablation_and_no_verifier/sample_0879/images/final_selected.png,coated in weathered paint,[],[],False,True
swin,880,dacb07f80166a7fd,448,107,448,619,True,True,0.9053215980529785,0.09467840194702148,0.8118836879730225,0.18811631202697754,data/nips2017/images/dacb07f80166a7fd.png,outputs/nips2017/nips2017_selected_20260714_195944/swin/ablation_and_no_verifier/sample_0880/images/final_selected.png,introduce light humidity,[],[],False,True
swin,881,dad40e355e4e8e96,654,847,654,436,True,True,0.9321268796920776,0.06787312030792236,0.840397834777832,0.15960216522216797,data/nips2017/images/dad40e355e4e8e96.png,outputs/nips2017/nips2017_selected_20260714_195944/swin/ablation_and_no_verifier/sample_0881/images/final_selected.png,coated in matte paint,[],[],False,True
swin,883,dc12a25cc85ee9cf,646,895,646,964,True,True,0.7453980445861816,0.25460195541381836,0.5091303586959839,0.4908696413040161,data/nips2017/images/dc12a25cc85ee9cf.png,outputs/nips2017/nips2017_selected_20260714_195944/swin/ablation_and_no_verifier/sample_0883/images/final_selected.png,coated in aged parchment,[],[],False,True
swin,884,dcb6b32cd80f2b1f,555,831,555,974,True,True,0.93272864818573,0.06727135181427002,0.9340506196022034,0.06594938039779663,data/nips2017/images/dcb6b32cd80f2b1f.png,outputs/nips2017/nips2017_selected_20260714_195944/swin/ablation_and_no_verifier/sample_0884/images/final_selected.png,add light mist,[],[],False,True
swin,885,dd4d033a9a45552d,391,125,391,33,True,True,0.824644148349762,0.17535585165023804,0.7342418432235718,0.2657581567764282,data/nips2017/images/dd4d033a9a45552d.png,outputs/nips2017/nips2017_selected_20260714_195944/swin/ablation_and_no_verifier/sample_0885/images/final_selected.png,coated in wet algae,[],[],False,True
swin,886,dd722682a9f2b9dd,436,457,436,974,True,True,0.7947366237640381,0.20526337623596191,0.8993520736694336,0.1006479263305664,data/nips2017/images/dd722682a9f2b9dd.png,outputs/nips2017/nips2017_selected_20260714_195944/swin/ablation_and_no_verifier/sample_0886/images/final_selected.png,coated in matte blue,[],[],False,True
swin,887,dd984311bff04342,117,523,117,961,True,True,0.5118138790130615,0.4881861209869385,0.23984165489673615,0.7601583451032639,data/nips2017/images/dd984311bff04342.png,outputs/nips2017/nips2017_selected_20260714_195944/swin/ablation_and_no_verifier/sample_0887/images/final_selected.png,covered in fine silt,[],[],False,True
swin,889,dde33b51c8c152d2,734,968,734,656,True,True,0.8034446239471436,0.19655537605285645,0.6217637062072754,0.3782362937927246,data/nips2017/images/dde33b51c8c152d2.png,outputs/nips2017/nips2017_selected_20260714_195944/swin/ablation_and_no_verifier/sample_0889/images/final_selected.png,a photo of police van in the background,[734],"[""police van""]",False,True
swin,891,de40907c1e2c5515,628,485,628,536,True,True,0.8803732395172119,0.11962676048278809,0.6362683773040771,0.36373162269592285,data/nips2017/images/de40907c1e2c5515.png,outputs/nips2017/nips2017_selected_20260714_195944/swin/ablation_and_no_verifier/sample_0891/images/final_selected.png,a photo of liner in the background,[628],"[""liner""]",False,True
swin,892,df2cd1b82d5dec14,518,413,518,974,True,True,0.8885846138000488,0.11141538619995117,0.9195977449417114,0.08040225505828857,data/nips2017/images/df2cd1b82d5dec14.png,outputs/nips2017/nips2017_selected_20260714_195944/swin/ablation_and_no_verifier/sample_0892/images/final_selected.png,add light mist,[],[],False,True
swin,893,df58f94361c6d105,609,12,609,864,True,True,0.9021474719047546,0.09785252809524536,0.5716192722320557,0.42838072776794434,data/nips2017/images/df58f94361c6d105.png,outputs/nips2017/nips2017_selected_20260714_195944/swin/ablation_and_no_verifier/sample_0893/images/final_selected.png,coated in weathered patina,[],[],False,True
swin,894,df874264566c58a9,741,151,741,698,True,True,0.1187930777668953,0.8812069222331047,0.2917434871196747,0.7082565128803253,data/nips2017/images/df874264566c58a9.png,outputs/nips2017/nips2017_selected_20260714_195944/swin/ablation_and_no_verifier/sample_0894/images/final_selected.png,place in sunlit courtyard,[],[],False,True
swin,895,e0c0f412d78571dc,733,408,733,807,True,True,0.8228811025619507,0.17711889743804932,0.777924656867981,0.22207534313201904,data/nips2017/images/e0c0f412d78571dc.png,outputs/nips2017/nips2017_selected_20260714_195944/swin/ablation_and_no_verifier/sample_0895/images/final_selected.png,introduce light drizzle,[],[],False,True
swin,897,e3a740861f12f49e,819,899,819,595,True,True,0.7231359481811523,0.27686405181884766,0.6711490154266357,0.32885098457336426,data/nips2017/images/e3a740861f12f49e.png,outputs/nips2017/nips2017_selected_20260714_195944/swin/ablation_and_no_verifier/sample_0897/images/final_selected.png,place scene in open field,[],[],False,True
swin,898,e3c3f8889ac99aec,535,896,535,517,True,True,0.8683098554611206,0.1316901445388794,0.7226501703262329,0.2773498296737671,data/nips2017/images/e3c3f8889ac99aec.png,outputs/nips2017/nips2017_selected_20260714_195944/swin/ablation_and_no_verifier/sample_0898/images/final_selected.png,coated in fine dust,[],[],False,True
swin,899,e3f5dbed7bd31314,546,863,546,730,True,True,0.7934021949768066,0.20659780502319336,0.7039651870727539,0.2960348129272461,data/nips2017/images/e3f5dbed7bd31314.png,outputs/nips2017/nips2017_selected_20260714_195944/swin/ablation_and_no_verifier/sample_0899/images/final_selected.png,coated in aged patina,[],[],False,True
swin,900,e5cf220f8144c192,705,440,705,547,True,True,0.8595016002655029,0.14049839973449707,0.6836963891983032,0.3163036108016968,data/nips2017/images/e5cf220f8144c192.png,outputs/nips2017/nips2017_selected_20260714_195944/swin/ablation_and_no_verifier/sample_0900/images/final_selected.png,coated in brushed aluminum,[],[],False,True
swin,901,e5f15610a22098bb,671,574,671,870,True,True,0.551682710647583,0.448317289352417,0.772174596786499,0.22782540321350098,data/nips2017/images/e5f15610a22098bb.png,outputs/nips2017/nips2017_selected_20260714_195944/swin/ablation_and_no_verifier/sample_0901/images/final_selected.png,coated in matte finish,[],[],False,True
swin,902,e6e677a28e3bd6d7,603,159,603,730,True,True,0.7242028713226318,0.27579712867736816,0.7976956367492676,0.20230436325073242,data/nips2017/images/e6e677a28e3bd6d7.png,outputs/nips2017/nips2017_selected_20260714_195944/swin/ablation_and_no_verifier/sample_0902/images/final_selected.png,a photo of horse cart in the background,[603],"[""horse cart""]",False,True
swin,904,e7b61bec5e4ca40e,323,673,323,332,True,True,0.9333806037902832,0.0666193962097168,0.8816350698471069,0.11836493015289307,data/nips2017/images/e7b61bec5e4ca40e.png,outputs/nips2017/nips2017_selected_20260714_195944/swin/ablation_and_no_verifier/sample_0904/images/final_selected.png,introduce light mist,[],[],False,True
swin,905,e7cafac174e90143,525,115,525,975,True,True,0.8706579804420471,0.12934201955795288,0.7511147856712341,0.24888521432876587,data/nips2017/images/e7cafac174e90143.png,outputs/nips2017/nips2017_selected_20260714_195944/swin/ablation_and_no_verifier/sample_0905/images/final_selected.png,coated in rough stone,[],[],False,True
swin,906,e8c6f75ad26bae84,972,928,972,978,True,True,0.5158969759941101,0.4841030240058899,0.651993989944458,0.348006010055542,data/nips2017/images/e8c6f75ad26bae84.png,outputs/nips2017/nips2017_selected_20260714_195944/swin/ablation_and_no_verifier/sample_0906/images/final_selected.png,a photo of cliff in the background,[972],"[""cliff""]",False,True
swin,907,e8c99e0220ab46d2,590,534,590,761,True,True,0.8985240459442139,0.10147595405578613,0.8703926801681519,0.12960731983184814,data/nips2017/images/e8c99e0220ab46d2.png,outputs/nips2017/nips2017_selected_20260714_195944/swin/ablation_and_no_verifier/sample_0907/images/final_selected.png,place in warm sunlight,[],[],False,True
swin,908,e8d5809ee6888f8f,716,640,716,974,True,True,0.6323836445808411,0.36761635541915894,0.7322598695755005,0.2677401304244995,data/nips2017/images/e8d5809ee6888f8f.png,outputs/nips2017/nips2017_selected_20260714_195944/swin/ablation_and_no_verifier/sample_0908/images/final_selected.png,a photo of picket fence in the background,[716],"[""picket fence""]",False,True
swin,909,e9ecdf28dc1d5a85,608,191,608,974,True,True,0.8030067682266235,0.19699323177337646,0.9651124477386475,0.03488755226135254,data/nips2017/images/e9ecdf28dc1d5a85.png,outputs/nips2017/nips2017_selected_20260714_195944/swin/ablation_and_no_verifier/sample_0909/images/final_selected.png,add light mist,[],[],False,True
swin,910,e19a59ad09d18497,442,914,442,698,True,True,0.9335172176361084,0.0664827823638916,0.928338348865509,0.07166165113449097,data/nips2017/images/e19a59ad09d18497.png,outputs/nips2017/nips2017_selected_20260714_195944/swin/ablation_and_no_verifier/sample_0910/images/final_selected.png,introduce light drizzle,[],[],False,True
swin,913,e66d732354c6baf0,300,71,300,974,True,True,0.6843551397323608,0.31564486026763916,0.5481514930725098,0.45184850692749023,data/nips2017/images/e66d732354c6baf0.png,outputs/nips2017/nips2017_selected_20260714_195944/swin/ablation_and_no_verifier/sample_0913/images/final_selected.png,coated in fine dust,[],[],False,True
swin,915,e89d48768917f563,458,307,458,637,True,True,0.8419924974441528,0.15800750255584717,0.5958712100982666,0.4041287899017334,data/nips2017/images/e89d48768917f563.png,outputs/nips2017/nips2017_selected_20260714_195944/swin/ablation_and_no_verifier/sample_0915/images/final_selected.png,coated in aged patina,[],[],False,True
swin,916,e91abe0f1a7a30f4,751,494,751,974,True,True,0.9147050976753235,0.08529490232467651,0.46703436970710754,0.5329656302928925,data/nips2017/images/e91abe0f1a7a30f4.png,outputs/nips2017/nips2017_selected_20260714_195944/swin/ablation_and_no_verifier/sample_0916/images/final_selected.png,a photo of racer in the background,[751],"[""racer""]",False,True
swin,917,e95ef0aeeab7b496,888,859,888,972,True,True,0.7768849730491638,0.22311502695083618,0.7249689102172852,0.27503108978271484,data/nips2017/images/e95ef0aeeab7b496.png,outputs/nips2017/nips2017_selected_20260714_195944/swin/ablation_and_no_verifier/sample_0917/images/final_selected.png,shift to coastal cliffs,[],[],False,True
swin,918,e96d52f9fbe3ca0b,630,434,630,774,True,True,0.9660113453865051,0.03398865461349487,0.6538392305374146,0.34616076946258545,data/nips2017/images/e96d52f9fbe3ca0b.png,outputs/nips2017/nips2017_selected_20260714_195944/swin/ablation_and_no_verifier/sample_0918/images/final_selected.png,a photo of Loafer in the background,[630],"[""loafer""]",False,True
swin,919,e99ceff3e420ef95,830,767,830,974,True,True,0.9329894781112671,0.06701052188873291,0.8760051727294922,0.12399482727050781,data/nips2017/images/e99ceff3e420ef95.png,outputs/nips2017/nips2017_selected_20260714_195944/swin/ablation_and_no_verifier/sample_0919/images/final_selected.png,add subtle haze,[],[],False,True
swin,920,e758de2cbb3d10a0,304,904,304,303,True,True,0.8520156145095825,0.14798438549041748,0.8385193347930908,0.16148066520690918,data/nips2017/images/e758de2cbb3d10a0.png,outputs/nips2017/nips2017_selected_20260714_195944/swin/ablation_and_no_verifier/sample_0920/images/final_selected.png,shift to shadowed woods,[],[],False,True
swin,921,e957c417fcd20c5b,819,790,819,974,True,True,0.7921017408370972,0.20789825916290283,0.754753589630127,0.24524641036987305,data/nips2017/images/e957c417fcd20c5b.png,outputs/nips2017/nips2017_selected_20260714_195944/swin/ablation_and_no_verifier/sample_0921/images/final_selected.png,apply soft haze,[],[],False,True
swin,922,e4941a341ace171a,708,297,708,645,True,True,0.6971761584281921,0.30282384157180786,0.5327741503715515,0.4672258496284485,data/nips2017/images/e4941a341ace171a.png,outputs/nips2017/nips2017_selected_20260714_195944/swin/ablation_and_no_verifier/sample_0922/images/final_selected.png,covered in moss,[],[],False,True
swin,923,e5948d6294eb8ca3,886,675,886,974,True,True,0.8390321731567383,0.16096782684326172,0.8408999443054199,0.15910005569458008,data/nips2017/images/e5948d6294eb8ca3.png,outputs/nips2017/nips2017_selected_20260714_195944/swin/ablation_and_no_verifier/sample_0923/images/final_selected.png,introduce light mist,[],[],False,True
swin,924,e9811aebe8bed6e5,335,409,335,356,True,True,0.6829875707626343,0.3170124292373657,0.8415331840515137,0.15846681594848633,data/nips2017/images/e9811aebe8bed6e5.png,outputs/nips2017/nips2017_selected_20260714_195944/swin/ablation_and_no_verifier/sample_0924/images/final_selected.png,shift to dense undergrowth,[],[],False,True
swin,925,e570258f1bef4ade,366,460,366,367,True,True,0.7539296746253967,0.24607032537460327,0.7039043307304382,0.29609566926956177,data/nips2017/images/e570258f1bef4ade.png,outputs/nips2017/nips2017_selected_20260714_195944/swin/ablation_and_no_verifier/sample_0925/images/final_selected.png,change lighting to dusk,[],[],False,True
swin,926,e648427e38e80ff8,887,616,887,470,True,True,0.8587099313735962,0.1412900686264038,0.756328821182251,0.24367117881774902,data/nips2017/images/e648427e38e80ff8.png,outputs/nips2017/nips2017_selected_20260714_195944/swin/ablation_and_no_verifier/sample_0926/images/final_selected.png,place in sunlit aisle,[],[],False,True
swin,927,ea65c0ff71e7ceb3,403,736,403,540,True,True,0.6936742067337036,0.3063257932662964,0.5605835914611816,0.43941640853881836,data/nips2017/images/ea65c0ff71e7ceb3.png,outputs/nips2017/nips2017_selected_20260714_195944/swin/ablation_and_no_verifier/sample_0927/images/final_selected.png,coated in weathered steel,[],[],False,True
swin,928,eab9755117160864,610,509,610,820,True,True,0.9075484275817871,0.09245157241821289,0.9183254241943359,0.08167457580566406,data/nips2017/images/eab9755117160864.png,outputs/nips2017/nips2017_selected_20260714_195944/swin/ablation_and_no_verifier/sample_0928/images/final_selected.png,add light haze,[],[],False,True
swin,930,eb8ce5ba5c47e344,668,892,668,437,True,True,0.9296572804450989,0.07034271955490112,0.925796389579773,0.07420361042022705,data/nips2017/images/eb8ce5ba5c47e344.png,outputs/nips2017/nips2017_selected_20260714_195944/swin/ablation_and_no_verifier/sample_0930/images/final_selected.png,change lighting to dusk,[],[],False,True
swin,931,eb53098ebcf05e64,563,600,563,885,True,True,0.787266731262207,0.21273326873779297,0.7425760626792908,0.25742393732070923,data/nips2017/images/eb53098ebcf05e64.png,outputs/nips2017/nips2017_selected_20260714_195944/swin/ablation_and_no_verifier/sample_0931/images/final_selected.png,coated in velvet,[885],"[""velvet""]",True,False
swin,932,ebb4dad78cfd67a9,737,729,737,820,True,True,0.9096062183380127,0.0903937816619873,0.9040161967277527,0.09598380327224731,data/nips2017/images/ebb4dad78cfd67a9.png,outputs/nips2017/nips2017_selected_20260714_195944/swin/ablation_and_no_verifier/sample_0932/images/final_selected.png,add light mist,[],[],False,True
swin,934,ec346009f286ffca,119,782,119,120,True,True,0.6973626613616943,0.30263733863830566,0.5162121057510376,0.4837878942489624,data/nips2017/images/ec346009f286ffca.png,outputs/nips2017/nips2017_selected_20260714_195944/swin/ablation_and_no_verifier/sample_0934/images/final_selected.png,coated in wet silt,[],[],False,True
swin,936,ecd3a969dd466349,284,692,284,904,True,True,0.7178621292114258,0.2821378707885742,0.792224645614624,0.20777535438537598,data/nips2017/images/ecd3a969dd466349.png,outputs/nips2017/nips2017_selected_20260714_195944/swin/ablation_and_no_verifier/sample_0936/images/final_selected.png,change lighting to dusk,[],[],False,True
swin,937,ed3cb7f5154ae02d,979,746,979,885,True,True,0.062404341995716095,0.9375956580042839,0.11159679293632507,0.8884032070636749,data/nips2017/images/ed3cb7f5154ae02d.png,outputs/nips2017/nips2017_selected_20260714_195944/swin/ablation_and_no_verifier/sample_0937/images/final_selected.png,covered in dark velvet,[885],"[""velvet""]",True,False
swin,938,ed3f9b6a081a4802,817,209,817,751,True,True,0.8592860102653503,0.14071398973464966,0.6240553259849548,0.37594467401504517,data/nips2017/images/ed3f9b6a081a4802.png,outputs/nips2017/nips2017_selected_20260714_195944/swin/ablation_and_no_verifier/sample_0938/images/final_selected.png,wrapped in liquid mercury,[],[],False,True
swin,939,ed9b2813b9245e52,879,675,879,501,True,True,0.27068793773651123,0.7293120622634888,0.21645589172840118,0.7835441082715988,data/nips2017/images/ed9b2813b9245e52.png,outputs/nips2017/nips2017_selected_20260714_195944/swin/ablation_and_no_verifier/sample_0939/images/final_selected.png,a photo of umbrella in the background,[879],"[""umbrella""]",False,True
swin,940,ed56c7616a8ac010,781,567,781,562,True,True,0.744043231010437,0.255956768989563,0.5952785015106201,0.4047214984893799,data/nips2017/images/ed56c7616a8ac010.png,outputs/nips2017/nips2017_selected_20260714_195944/swin/ablation_and_no_verifier/sample_0940/images/final_selected.png,a photo of scoreboard in the background,[781],"[""scoreboard""]",False,True
swin,941,ed786d792c4309a4,498,961,498,458,True,True,0.747138500213623,0.25286149978637695,0.652334451675415,0.34766554832458496,data/nips2017/images/ed786d792c4309a4.png,outputs/nips2017/nips2017_selected_20260714_195944/swin/ablation_and_no_verifier/sample_0941/images/final_selected.png,a photo of cinema in the background,[498],"[""cinema""]",False,True
swin,942,ed3573d0c197fbaf,847,189,847,206,True,True,0.9405725002288818,0.059427499771118164,0.9153165221214294,0.08468347787857056,data/nips2017/images/ed3573d0c197fbaf.png,outputs/nips2017/nips2017_selected_20260714_195944/swin/ablation_and_no_verifier/sample_0942/images/final_selected.png,introduce light haze,[],[],False,True
swin,943,eee6f4bcc8468f77,963,713,963,964,True,True,0.7570987939834595,0.24290120601654053,0.6364188194274902,0.36358118057250977,data/nips2017/images/eee6f4bcc8468f77.png,outputs/nips2017/nips2017_selected_20260714_195944/swin/ablation_and_no_verifier/sample_0943/images/final_selected.png,coated in fine dust,[],[],False,True
swin,944,ef0e34b8ccb6d42f,981,711,981,429,True,True,0.8173094391822815,0.1826905608177185,0.8705011010169983,0.1294988989830017,data/nips2017/images/ef0e34b8ccb6d42f.png,outputs/nips2017/nips2017_selected_20260714_195944/swin/ablation_and_no_verifier/sample_0944/images/final_selected.png,add light haze,[],[],False,True
swin,945,ef5b1e5a76ae66dc,539,724,539,738,True,True,0.7688388824462891,0.23116111755371094,0.5218194127082825,0.47818058729171753,data/nips2017/images/ef5b1e5a76ae66dc.png,outputs/nips2017/nips2017_selected_20260714_195944/swin/ablation_and_no_verifier/sample_0945/images/final_selected.png,a photo of doormat in the background,[539],"[""doormat""]",False,True
swin,946,efeabdd8a05e91f8,497,310,497,663,True,True,0.8718645572662354,0.12813544273376465,0.6818934082984924,0.31810659170150757,data/nips2017/images/efeabdd8a05e91f8.png,outputs/nips2017/nips2017_selected_20260714_195944/swin/ablation_and_no_verifier/sample_0946/images/final_selected.png,coated in pale stone,[],[],False,True
swin,947,f0add7f552d2d895,649,542,649,972,True,True,0.21454334259033203,0.785456657409668,0.26678556203842163,0.7332144379615784,data/nips2017/images/f0add7f552d2d895.png,outputs/nips2017/nips2017_selected_20260714_195944/swin/ablation_and_no_verifier/sample_0947/images/final_selected.png,shift to coastal cliffs,[],[],False,True
swin,948,f0dcd519b5499d48,663,230,663,698,True,True,0.7996209263801575,0.20037907361984253,0.676946759223938,0.323053240776062,data/nips2017/images/f0dcd519b5499d48.png,outputs/nips2017/nips2017_selected_20260714_195944/swin/ablation_and_no_verifier/sample_0948/images/final_selected.png,a photo of monastery in the background,[663],"[""monastery""]",False,True
swin,949,f1a6fdadaa132225,989,17,989,990,True,True,0.4910053014755249,0.5089946985244751,0.6495000123977661,0.3504999876022339,data/nips2017/images/f1a6fdadaa132225.png,outputs/nips2017/nips2017_selected_20260714_195944/swin/ablation_and_no_verifier/sample_0949/images/final_selected.png,shift to dense undergrowth,[],[],False,True
swin,950,f1ce339a44d7a118,97,701,97,10,True,True,0.7227999567985535,0.27720004320144653,0.7795486450195312,0.22045135498046875,data/nips2017/images/f1ce339a44d7a118.png,outputs/nips2017/nips2017_selected_20260714_195944/swin/ablation_and_no_verifier/sample_0950/images/final_selected.png,covered in damp moss,[],[],False,True
swin,951,f2bfa7a95e787fe1,720,217,720,648,True,True,0.8111419677734375,0.1888580322265625,0.8197966814041138,0.18020331859588623,data/nips2017/images/f2bfa7a95e787fe1.png,outputs/nips2017/nips2017_selected_20260714_195944/swin/ablation_and_no_verifier/sample_0951/images/final_selected.png,place on wooden shelf,[],[],False,True
swin,952,f2d36d089779166a,348,804,348,106,True,True,0.6368187069892883,0.36318129301071167,0.5413576364517212,0.4586423635482788,data/nips2017/images/f2d36d089779166a.png,outputs/nips2017/nips2017_selected_20260714_195944/swin/ablation_and_no_verifier/sample_0952/images/final_selected.png,shift to dusty enclosure,[],[],False,True
swin,954,f5a2cf5c66d313fa,976,655,976,972,True,True,0.6354473829269409,0.3645526170730591,0.5976096987724304,0.4023903012275696,data/nips2017/images/f5a2cf5c66d313fa.png,outputs/nips2017/nips2017_selected_20260714_195944/swin/ablation_and_no_verifier/sample_0954/images/final_selected.png,covered in damp moss,[],[],False,True
swin,955,f5b0ed0fbb3b5f74,566,644,566,405,True,True,0.7923804521560669,0.2076195478439331,0.6274888515472412,0.3725111484527588,data/nips2017/images/f5b0ed0fbb3b5f74.png,outputs/nips2017/nips2017_selected_20260714_195944/swin/ablation_and_no_verifier/sample_0955/images/final_selected.png,coated in aged brass,[458],"[""brass""]",False,True
swin,956,f5dffe28fc19b6e7,917,729,917,455,True,True,0.8374610543251038,0.16253894567489624,0.7976287007331848,0.20237129926681519,data/nips2017/images/f5dffe28fc19b6e7.png,outputs/nips2017/nips2017_selected_20260714_195944/swin/ablation_and_no_verifier/sample_0956/images/final_selected.png,coated in aged parchment,[],[],False,True
swin,958,f7dd570a0cfe1dcc,668,54,668,497,True,True,0.5011560916900635,0.4988439083099365,0.3236733078956604,0.6763266921043396,data/nips2017/images/f7dd570a0cfe1dcc.png,outputs/nips2017/nips2017_selected_20260714_195944/swin/ablation_and_no_verifier/sample_0958/images/final_selected.png,a photo of mosque in the background,[668],"[""mosque""]",False,True
swin,959,f08f34c258228251,698,607,698,975,True,True,0.8031091690063477,0.19689083099365234,0.8444011211395264,0.15559887886047363,data/nips2017/images/f08f34c258228251.png,outputs/nips2017/nips2017_selected_20260714_195944/swin/ablation_and_no_verifier/sample_0959/images/final_selected.png,coated in aged stone,[],[],False,True
swin,960,f9f36f7774d73820,304,722,304,307,True,True,0.5811067819595337,0.4188932180404663,0.534751832485199,0.465248167514801,data/nips2017/images/f9f36f7774d73820.png,outputs/nips2017/nips2017_selected_20260714_195944/swin/ablation_and_no_verifier/sample_0960/images/final_selected.png,a photo of leaf beetle in the background,[304],"[""leaf beetle""]",False,True
swin,961,f43fbfe8a9ea876c,883,377,883,738,True,True,0.5542927980422974,0.44570720195770264,0.5353732109069824,0.4646267890930176,data/nips2017/images/f43fbfe8a9ea876c.png,outputs/nips2017/nips2017_selected_20260714_195944/swin/ablation_and_no_verifier/sample_0961/images/final_selected.png,a photo of vase in the background,[883],"[""vase""]",False,True
swin,962,f52db15134c1a74e,637,775,637,877,True,True,0.8808315992355347,0.11916840076446533,0.689862072467804,0.31013792753219604,data/nips2017/images/f52db15134c1a74e.png,outputs/nips2017/nips2017_selected_20260714_195944/swin/ablation_and_no_verifier/sample_0962/images/final_selected.png,coated in weathered patina,[],[],False,True
swin,963,f63d58b5af16091f,715,419,715,883,True,True,0.4643816649913788,0.5356183350086212,0.5873942375183105,0.41260576248168945,data/nips2017/images/f63d58b5af16091f.png,outputs/nips2017/nips2017_selected_20260714_195944/swin/ablation_and_no_verifier/sample_0963/images/final_selected.png,a photo of pickelhaube in the background,[715],"[""pickelhaube""]",False,True
swin,964,f348adf7ea1967f7,908,414,908,755,True,True,0.9146554470062256,0.08534455299377441,0.7277505397796631,0.2722494602203369,data/nips2017/images/f348adf7ea1967f7.png,outputs/nips2017/nips2017_selected_20260714_195944/swin/ablation_and_no_verifier/sample_0964/images/final_selected.png,coated in matte white,[],[],False,True
swin,965,f734e87286835196,323,659,323,815,True,True,0.7237370014190674,0.2762629985809326,0.7548142075538635,0.24518579244613647,data/nips2017/images/f734e87286835196.png,outputs/nips2017/nips2017_selected_20260714_195944/swin/ablation_and_no_verifier/sample_0965/images/final_selected.png,a photo of monarch in the background,[323],"[""monarch""]",False,True
swin,968,f6515f31b750a573,476,722,476,787,True,True,0.7966616749763489,0.20333832502365112,0.5318025946617126,0.46819740533828735,data/nips2017/images/f6515f31b750a573.png,outputs/nips2017/nips2017_selected_20260714_195944/swin/ablation_and_no_verifier/sample_0968/images/final_selected.png,coated in tarnished brass,[458],"[""brass""]",False,True
swin,970,f20783fc38473514,385,773,385,101,True,True,0.88753342628479,0.11246657371520996,0.8289439678192139,0.17105603218078613,data/nips2017/images/f20783fc38473514.png,outputs/nips2017/nips2017_selected_20260714_195944/swin/ablation_and_no_verifier/sample_0970/images/final_selected.png,a photo of Indian elephant in the background,[385],"[""indian elephant""]",False,True
swin,971,f20911d36a287dce,780,491,780,974,True,True,0.9519867300987244,0.048013269901275635,0.9264246225357056,0.07357537746429443,data/nips2017/images/f20911d36a287dce.png,outputs/nips2017/nips2017_selected_20260714_195944/swin/ablation_and_no_verifier/sample_0971/images/final_selected.png,add light misting effect,[],[],False,True
swin,973,f54616f2af588fd8,672,112,672,634,True,True,0.7365270853042603,0.26347291469573975,0.6855743527412415,0.31442564725875854,data/nips2017/images/f54616f2af588fd8.png,outputs/nips2017/nips2017_selected_20260714_195944/swin/ablation_and_no_verifier/sample_0973/images/final_selected.png,coated in rough burlap,[],[],False,True
swin,974,f533740a8d4618ce,287,562,287,551,True,True,0.8540021777153015,0.1459978222846985,0.8652410507202148,0.13475894927978516,data/nips2017/images/f533740a8d4618ce.png,outputs/nips2017/nips2017_selected_20260714_195944/swin/ablation_and_no_verifier/sample_0974/images/final_selected.png,introduce light haze,[],[],False,True
swin,976,f9937696f421f4e4,84,490,84,974,True,True,0.8790665864944458,0.1209334135055542,0.8742432594299316,0.12575674057006836,data/nips2017/images/f9937696f421f4e4.png,outputs/nips2017/nips2017_selected_20260714_195944/swin/ablation_and_no_verifier/sample_0976/images/final_selected.png,introduce light mist,[],[],False,True
swin,977,f33087679c5e7799,442,587,442,698,True,True,0.8447028398513794,0.1552971601486206,0.8313935995101929,0.16860640048980713,data/nips2017/images/f33087679c5e7799.png,outputs/nips2017/nips2017_selected_20260714_195944/swin/ablation_and_no_verifier/sample_0977/images/final_selected.png,place in open plaza,[],[],False,True
swin,978,fa2a7d600b62174e,520,571,520,580,True,True,0.6941511631011963,0.3058488368988037,0.620796263217926,0.379203736782074,data/nips2017/images/fa2a7d600b62174e.png,outputs/nips2017/nips2017_selected_20260714_195944/swin/ablation_and_no_verifier/sample_0978/images/final_selected.png,place in sunlit conservatory,[],[],False,True
swin,979,fa3aae44c2675e88,770,374,770,630,True,True,0.9425108432769775,0.05748915672302246,0.898505449295044,0.10149455070495605,data/nips2017/images/fa3aae44c2675e88.png,outputs/nips2017/nips2017_selected_20260714_195944/swin/ablation_and_no_verifier/sample_0979/images/final_selected.png,coated in matte leather,[],[],False,True
swin,981,fae45093bad0961a,528,527,528,526,True,True,0.16214604675769806,0.8378539532423019,0.3502652049064636,0.6497347950935364,data/nips2017/images/fae45093bad0961a.png,outputs/nips2017/nips2017_selected_20260714_195944/swin/ablation_and_no_verifier/sample_0981/images/final_selected.png,place near antique desk,[526],"[""desk""]",True,False
swin,983,fafbad0b3093a886,671,314,671,974,True,True,0.8845682144165039,0.1154317855834961,0.9152855277061462,0.08471447229385376,data/nips2017/images/fafbad0b3093a886.png,outputs/nips2017/nips2017_selected_20260714_195944/swin/ablation_and_no_verifier/sample_0983/images/final_selected.png,add soft morning haze,[],[],False,True
swin,984,fb1efda0b27d5289,847,202,847,974,True,True,0.9058030843734741,0.09419691562652588,0.8383973836898804,0.16160261631011963,data/nips2017/images/fb1efda0b27d5289.png,outputs/nips2017/nips2017_selected_20260714_195944/swin/ablation_and_no_verifier/sample_0984/images/final_selected.png,add light atmospheric moisture,[],[],False,True
swin,985,fbc6b98b13c768e2,458,565,458,922,True,True,0.7861129641532898,0.2138870358467102,0.8747075200080872,0.12529247999191284,data/nips2017/images/fbc6b98b13c768e2.png,outputs/nips2017/nips2017_selected_20260714_195944/swin/ablation_and_no_verifier/sample_0985/images/final_selected.png,change the light to dusk,[],[],False,True
swin,987,fc583c08026e3d74,880,587,880,603,True,True,0.6265850067138672,0.3734149932861328,0.46248605847358704,0.537513941526413,data/nips2017/images/fc583c08026e3d74.png,outputs/nips2017/nips2017_selected_20260714_195944/swin/ablation_and_no_verifier/sample_0987/images/final_selected.png,coated in pale stone,[],[],False,True
swin,988,fccab516c111d524,649,756,649,832,True,True,0.880164623260498,0.11983537673950195,0.8633474707603455,0.13665252923965454,data/nips2017/images/fccab516c111d524.png,outputs/nips2017/nips2017_selected_20260714_195944/swin/ablation_and_no_verifier/sample_0988/images/final_selected.png,add hazy afternoon light,[],[],False,True
swin,989,fccfc3563cd562e1,976,655,976,825,True,True,0.7877774238586426,0.21222257614135742,0.7018372416496277,0.2981627583503723,data/nips2017/images/fccfc3563cd562e1.png,outputs/nips2017/nips2017_selected_20260714_195944/swin/ablation_and_no_verifier/sample_0989/images/final_selected.png,change light to dusk,[],[],False,True
swin,990,fd26c4733822dfcc,362,450,362,42,True,True,0.8607051372528076,0.13929486274719238,0.8274943828582764,0.17250561714172363,data/nips2017/images/fd26c4733822dfcc.png,outputs/nips2017/nips2017_selected_20260714_195944/swin/ablation_and_no_verifier/sample_0990/images/final_selected.png,introduce light mist,[],[],False,True
swin,991,fdedd06cdf58084e,981,427,981,429,True,True,0.47647640109062195,0.523523598909378,0.852329432964325,0.14767056703567505,data/nips2017/images/fdedd06cdf58084e.png,outputs/nips2017/nips2017_selected_20260714_195944/swin/ablation_and_no_verifier/sample_0991/images/final_selected.png,place scene on dirt,[],[],False,True
swin,992,fe2edb6cad72d2d2,917,487,917,670,True,True,0.5358260273933411,0.46417397260665894,0.6830167174339294,0.31698328256607056,data/nips2017/images/fe2edb6cad72d2d2.png,outputs/nips2017/nips2017_selected_20260714_195944/swin/ablation_and_no_verifier/sample_0992/images/final_selected.png,place in dimly lit hall,[],[],False,True
swin,993,fe92a88132b5d67b,962,246,962,467,True,True,0.6884731650352478,0.3115268349647522,0.6305543780326843,0.3694456219673157,data/nips2017/images/fe92a88132b5d67b.png,outputs/nips2017/nips2017_selected_20260714_195944/swin/ablation_and_no_verifier/sample_0993/images/final_selected.png,place in rustic kitchen,[],[],False,True
swin,994,fe1314dd6f75551d,920,564,920,811,True,True,0.8047579526901245,0.1952420473098755,0.7127574682235718,0.2872425317764282,data/nips2017/images/fe1314dd6f75551d.png,outputs/nips2017/nips2017_selected_20260714_195944/swin/ablation_and_no_verifier/sample_0994/images/final_selected.png,add slight haze,[],[],False,True
swin,995,fe94909a2fad4ffe,546,964,546,505,True,True,0.7388781309127808,0.26112186908721924,0.7946997880935669,0.2053002119064331,data/nips2017/images/fe94909a2fad4ffe.png,outputs/nips2017/nips2017_selected_20260714_195944/swin/ablation_and_no_verifier/sample_0995/images/final_selected.png,add slight haze,[],[],False,True
swin,997,fecd59b8de8ae6f7,819,792,819,417,True,True,0.3747878670692444,0.6252121329307556,0.6047883033752441,0.39521169662475586,data/nips2017/images/fecd59b8de8ae6f7.png,outputs/nips2017/nips2017_selected_20260714_195944/swin/ablation_and_no_verifier/sample_0997/images/final_selected.png,shift to open field,[],[],False,True
swin,998,ff5182599937c1ec,324,209,324,325,True,True,0.839576005935669,0.16042399406433105,0.7486512064933777,0.2513487935066223,data/nips2017/images/ff5182599937c1ec.png,outputs/nips2017/nips2017_selected_20260714_195944/swin/ablation_and_no_verifier/sample_0998/images/final_selected.png,change lighting to golden hour,[],[],False,True
swin,999,fff35cdcce3cde43,912,408,912,646,True,True,0.646425724029541,0.353574275970459,0.5259037017822266,0.47409629821777344,data/nips2017/images/fff35cdcce3cde43.png,outputs/nips2017/nips2017_selected_20260714_195944/swin/ablation_and_no_verifier/sample_0999/images/final_selected.png,a photo of worm fence in the background,[912],"[""worm fence""]",False,True
vim-small,0,0aebe24fc257286e,560,314,560,961,True,True,0.8675625920295715,0.13243740797042847,0.680819034576416,0.319180965423584,data/nips2017/images/0aebe24fc257286e.png,outputs/nips2017/nips2017_selected_20260714_195944/vim-small/ablation_and_no_verifier/sample_0000/images/final_selected.png,a photo of football helmet in the background,[560],"[""football helmet""]",False,True
vim-small,1,0af0a5dfee6b84ff,483,807,483,698,True,True,0.7577871084213257,0.24221289157867432,0.8352568745613098,0.16474312543869019,data/nips2017/images/0af0a5dfee6b84ff.png,outputs/nips2017/nips2017_selected_20260714_195944/vim-small/ablation_and_no_verifier/sample_0001/images/final_selected.png,place in arid plains,[],[],False,True
vim-small,2,0b1d45bd9ab1064e,560,562,560,981,True,True,0.9050071239471436,0.09499287605285645,0.6112383604049683,0.38876163959503174,data/nips2017/images/0b1d45bd9ab1064e.png,outputs/nips2017/nips2017_selected_20260714_195944/vim-small/ablation_and_no_verifier/sample_0002/images/final_selected.png,coated in brushed aluminum,[],[],False,True
vim-small,3,000b7d55b6184b08,388,962,388,294,True,True,0.2871067225933075,0.7128932774066925,0.420055627822876,0.579944372177124,data/nips2017/images/000b7d55b6184b08.png,outputs/nips2017/nips2017_selected_20260714_195944/vim-small/ablation_and_no_verifier/sample_0003/images/final_selected.png,coated in fine moss,[],[],False,True
vim-small,4,0bd5123017590e39,565,429,565,660,True,True,0.8483805656433105,0.15161943435668945,0.774968147277832,0.22503185272216797,data/nips2017/images/0bd5123017590e39.png,outputs/nips2017/nips2017_selected_20260714_195944/vim-small/ablation_and_no_verifier/sample_0004/images/final_selected.png,shift to twilight setting,[],[],False,True
vim-small,5,0be391239ccba0f2,718,995,718,978,True,True,0.8282995223999023,0.17170047760009766,0.6837460994720459,0.3162539005279541,data/nips2017/images/0be391239ccba0f2.png,outputs/nips2017/nips2017_selected_20260714_195944/vim-small/ablation_and_no_verifier/sample_0005/images/final_selected.png,shift to coastal fog,[],[],False,True
vim-small,6,00c3cd597f1ee96f,137,95,137,360,True,True,0.5911052227020264,0.40889477729797363,0.526495635509491,0.47350436449050903,data/nips2017/images/00c3cd597f1ee96f.png,outputs/nips2017/nips2017_selected_20260714_195944/vim-small/ablation_and_no_verifier/sample_0006/images/final_selected.png,coated in wet sheen,[],[],False,True
vim-small,8,0ceee9a38409e30c,483,711,483,698,True,True,0.7311084270477295,0.2688915729522705,0.6810909509658813,0.31890904903411865,data/nips2017/images/0ceee9a38409e30c.png,outputs/nips2017/nips2017_selected_20260714_195944/vim-small/ablation_and_no_verifier/sample_0008/images/final_selected.png,covered in mossy patina,[],[],False,True
vim-small,11,0d6463e9a7ef6185,770,785,770,912,True,True,0.8776026368141174,0.12239736318588257,0.5292537808418274,0.4707462191581726,data/nips2017/images/0d6463e9a7ef6185.png,outputs/nips2017/nips2017_selected_20260714_195944/vim-small/ablation_and_no_verifier/sample_0011/images/final_selected.png,place on polished concrete,[],[],False,True
vim-small,12,0d29832e5da60f5f,972,180,972,825,True,True,0.3030815124511719,0.6969184875488281,0.4923837184906006,0.5076162815093994,data/nips2017/images/0d29832e5da60f5f.png,outputs/nips2017/nips2017_selected_20260714_195944/vim-small/ablation_and_no_verifier/sample_0012/images/final_selected.png,change lighting to dusk,[],[],False,True
vim-small,13,0db0952967f6faa6,815,551,815,733,True,True,0.7383904457092285,0.2616095542907715,0.790828287601471,0.20917171239852905,data/nips2017/images/0db0952967f6faa6.png,outputs/nips2017/nips2017_selected_20260714_195944/vim-small/ablation_and_no_verifier/sample_0013/images/final_selected.png,place in stone courtyard,[],[],False,True
vim-small,14,0dffbfa7ba43cb90,961,94,961,880,True,True,0.7845118045806885,0.21548819541931152,0.562781810760498,0.43721818923950195,data/nips2017/images/0dffbfa7ba43cb90.png,outputs/nips2017/nips2017_selected_20260714_195944/vim-small/ablation_and_no_verifier/sample_0014/images/final_selected.png,a photo of dough in the background,[961],"[""dough""]",False,True
vim-small,15,0e0f1fd2ed183781,113,987,113,988,True,True,0.48089155554771423,0.5191084444522858,0.4094918370246887,0.5905081629753113,data/nips2017/images/0e0f1fd2ed183781.png,outputs/nips2017/nips2017_selected_20260714_195944/vim-small/ablation_and_no_verifier/sample_0015/images/final_selected.png,a photo of snail in the background,[113],"[""snail""]",False,True
vim-small,16,0e9bdc3ab80b1a71,366,334,366,294,True,True,0.32820722460746765,0.6717927753925323,0.21347776055335999,0.78652223944664,data/nips2017/images/0e9bdc3ab80b1a71.png,outputs/nips2017/nips2017_selected_20260714_195944/vim-small/ablation_and_no_verifier/sample_0016/images/final_selected.png,covered in fine moss,[],[],False,True
vim-small,17,0e83f990a04ed67d,821,51,821,460,True,True,0.853817343711853,0.14618265628814697,0.8552390336990356,0.14476096630096436,data/nips2017/images/0e83f990a04ed67d.png,outputs/nips2017/nips2017_selected_20260714_195944/vim-small/ablation_and_no_verifier/sample_0017/images/final_selected.png,a photo of steel arch bridge in the background,[821],"[""steel arch bridge""]",False,True
vim-small,18,0e0299d6352a3fb8,538,3,538,974,True,True,0.9573719501495361,0.04262804985046387,0.9115983247756958,0.0884016752243042,data/nips2017/images/0e0299d6352a3fb8.png,outputs/nips2017/nips2017_selected_20260714_195944/vim-small/ablation_and_no_verifier/sample_0018/images/final_selected.png,a photo of dome in the background,[538],"[""dome""]",False,True
vim-small,20,0ed355357757528d,762,794,762,579,True,True,0.7731972932815552,0.22680270671844482,0.7868869304656982,0.21311306953430176,data/nips2017/images/0ed355357757528d.png,outputs/nips2017/nips2017_selected_20260714_195944/vim-small/ablation_and_no_verifier/sample_0020/images/final_selected.png,introduce gentle haze,[],[],False,True
vim-small,21,0f9d8c86a9f38020,759,117,759,974,True,True,0.9589691758155823,0.041030824184417725,0.9347821474075317,0.06521785259246826,data/nips2017/images/0f9d8c86a9f38020.png,outputs/nips2017/nips2017_selected_20260714_195944/vim-small/ablation_and_no_verifier/sample_0021/images/final_selected.png,add subtle haze,[],[],False,True
vim-small,22,0f36316247c03427,752,680,752,801,True,True,0.9064422249794006,0.09355777502059937,0.9155163764953613,0.08448362350463867,data/nips2017/images/0f36316247c03427.png,outputs/nips2017/nips2017_selected_20260714_195944/vim-small/ablation_and_no_verifier/sample_0022/images/final_selected.png,add light morning mist,[],[],False,True
vim-small,23,1a94dc47fdd84a95,869,829,869,614,True,True,0.44337862730026245,0.5566213726997375,0.4993964433670044,0.5006035566329956,data/nips2017/images/1a94dc47fdd84a95.png,outputs/nips2017/nips2017_selected_20260714_195944/vim-small/ablation_and_no_verifier/sample_0023/images/final_selected.png,a photo of trench coat in the background,[869],"[""trench coat""]",False,True
vim-small,24,1a680f33500acb4b,931,72,931,666,True,True,0.7692103385925293,0.2307896614074707,0.6366559267044067,0.36334407329559326,data/nips2017/images/1a680f33500acb4b.png,outputs/nips2017/nips2017_selected_20260714_195944/vim-small/ablation_and_no_verifier/sample_0024/images/final_selected.png,coated in pale wax,[],[],False,True
vim-small,25,1a7425e8f990e04a,607,675,607,974,True,True,0.7861670255661011,0.21383297443389893,0.5822890996932983,0.41771090030670166,data/nips2017/images/1a7425e8f990e04a.png,outputs/nips2017/nips2017_selected_20260714_195944/vim-small/ablation_and_no_verifier/sample_0025/images/final_selected.png,a photo of jack-o'-lantern in the background,"[607,955]","[""jack-o'-lantern"",""jackfruit""]",False,True
vim-small,26,1a264165276e3c85,854,758,854,497,True,True,0.24835650622844696,0.751643493771553,0.5598199963569641,0.4401800036430359,data/nips2017/images/1a264165276e3c85.png,outputs/nips2017/nips2017_selected_20260714_195944/vim-small/ablation_and_no_verifier/sample_0026/images/final_selected.png,shift to grand hall,[579],"[""grand piano""]",False,True
vim-small,28,1ac44ddb6a2d497a,897,26,897,585,True,True,0.8624939918518066,0.13750600814819336,0.7631387114524841,0.23686128854751587,data/nips2017/images/1ac44ddb6a2d497a.png,outputs/nips2017/nips2017_selected_20260714_195944/vim-small/ablation_and_no_verifier/sample_0028/images/final_selected.png,a photo of washer in the background,[897],"[""washer""]",False,True
vim-small,29,1b1ffd7000d0749f,959,990,959,923,True,True,0.6195494532585144,0.3804505467414856,0.7288370132446289,0.2711629867553711,data/nips2017/images/1b1ffd7000d0749f.png,outputs/nips2017/nips2017_selected_20260714_195944/vim-small/ablation_and_no_verifier/sample_0029/images/final_selected.png,dim the ambient light,[],[],False,True
vim-small,30,001b5e6f1b89fd3b,576,908,576,536,True,True,0.8645131587982178,0.13548684120178223,0.7961535453796387,0.20384645462036133,data/nips2017/images/001b5e6f1b89fd3b.png,outputs/nips2017/nips2017_selected_20260714_195944/vim-small/ablation_and_no_verifier/sample_0030/images/final_selected.png,a photo of gondola in the background,[576],"[""gondola""]",False,True
vim-small,31,1b57d7bbd673c771,422,926,422,633,True,True,0.8884271383285522,0.11157286167144775,0.8624308109283447,0.13756918907165527,data/nips2017/images/1b57d7bbd673c771.png,outputs/nips2017/nips2017_selected_20260714_195944/vim-small/ablation_and_no_verifier/sample_0031/images/final_selected.png,coated in matte rubber,[767],"[""rubber eraser""]",False,True
vim-small,32,1b546695167d3f6e,959,836,959,947,True,True,0.5663169622421265,0.43368303775787354,0.3837616443634033,0.6162383556365967,data/nips2017/images/1b546695167d3f6e.png,outputs/nips2017/nips2017_selected_20260714_195944/vim-small/ablation_and_no_verifier/sample_0032/images/final_selected.png,coated in pale clay,[],[],False,True
vim-small,34,1bb5f1337dfb1edd,640,292,640,646,True,True,0.9595561623573303,0.04044383764266968,0.7680802345275879,0.2319197654724121,data/nips2017/images/1bb5f1337dfb1edd.png,outputs/nips2017/nips2017_selected_20260714_195944/vim-small/ablation_and_no_verifier/sample_0034/images/final_selected.png,a photo of manhole cover in the background,[640],"[""manhole cover""]",False,True
vim-small,35,01bdc0cfe670f708,471,540,471,730,True,True,0.8997803926467896,0.10021960735321045,0.6019213795661926,0.3980786204338074,data/nips2017/images/01bdc0cfe670f708.png,outputs/nips2017/nips2017_selected_20260714_195944/vim-small/ablation_and_no_verifier/sample_0035/images/final_selected.png,coated in verdigris,[],[],False,True
vim-small,36,1be47d60e0156bbb,649,911,649,974,True,True,0.8116305470466614,0.18836945295333862,0.8571035861968994,0.14289641380310059,data/nips2017/images/1be47d60e0156bbb.png,outputs/nips2017/nips2017_selected_20260714_195944/vim-small/ablation_and_no_verifier/sample_0036/images/final_selected.png,a photo of megalith in the background,[649],"[""megalith""]",False,True
vim-small,37,1c2e9fe8b0b2fdf2,57,904,57,41,True,True,0.6108143329620361,0.38918566703796387,0.5749583840370178,0.4250416159629822,data/nips2017/images/1c2e9fe8b0b2fdf2.png,outputs/nips2017/nips2017_selected_20260714_195944/vim-small/ablation_and_no_verifier/sample_0037/images/final_selected.png,a photo of garter snake in the background,[57],"[""garter snake""]",False,True
vim-small,38,1c924877ccc60129,409,566,409,826,True,True,0.9196800589561462,0.08031994104385376,0.7467237710952759,0.2532762289047241,data/nips2017/images/1c924877ccc60129.png,outputs/nips2017/nips2017_selected_20260714_195944/vim-small/ablation_and_no_verifier/sample_0038/images/final_selected.png,coated in aged patina,[],[],False,True
vim-small,39,1cbae41091a750dc,472,813,472,693,True,True,0.8861687183380127,0.1138312816619873,0.8679245710372925,0.13207542896270752,data/nips2017/images/1cbae41091a750dc.png,outputs/nips2017/nips2017_selected_20260714_195944/vim-small/ablation_and_no_verifier/sample_0039/images/final_selected.png,shift to twilight woods,[],[],False,True
vim-small,40,1cc2caf8e5db27c3,430,606,430,421,True,True,0.6861903071403503,0.31380969285964966,0.6129323244094849,0.38706767559051514,data/nips2017/images/1cc2caf8e5db27c3.png,outputs/nips2017/nips2017_selected_20260714_195944/vim-small/ablation_and_no_verifier/sample_0040/images/final_selected.png,shift to distant balcony,[],[],False,True
vim-small,41,1cfa5381359bff9f,421,851,421,912,True,True,0.6229701042175293,0.3770298957824707,0.388091117143631,0.611908882856369,data/nips2017/images/1cfa5381359bff9f.png,outputs/nips2017/nips2017_selected_20260714_195944/vim-small/ablation_and_no_verifier/sample_0041/images/final_selected.png,a photo of bannister in the background,[421],"[""bannister""]",False,True
vim-small,42,1d4133f5bc7af193,140,910,140,139,True,True,0.7178844213485718,0.2821155786514282,0.5842348337173462,0.4157651662826538,data/nips2017/images/1d4133f5bc7af193.png,outputs/nips2017/nips2017_selected_20260714_195944/vim-small/ablation_and_no_verifier/sample_0042/images/final_selected.png,coated in wet silt,[],[],False,True
vim-small,43,1d5361e858fe8462,498,522,498,727,True,True,0.9133749604225159,0.08662503957748413,0.8367739915847778,0.16322600841522217,data/nips2017/images/1d5361e858fe8462.png,outputs/nips2017/nips2017_selected_20260714_195944/vim-small/ablation_and_no_verifier/sample_0043/images/final_selected.png,shift to evening glow,[],[],False,True
vim-small,44,1dc0533f87996962,565,852,565,819,True,True,0.8861674666404724,0.11383253335952759,0.8111692070960999,0.18883079290390015,data/nips2017/images/1dc0533f87996962.png,outputs/nips2017/nips2017_selected_20260714_195944/vim-small/ablation_and_no_verifier/sample_0044/images/final_selected.png,add light drizzle,[],[],False,True
vim-small,45,01dd15caa1b2c7b4,303,550,303,302,True,True,0.6612861156463623,0.3387138843536377,0.7947207689285278,0.20527923107147217,data/nips2017/images/01dd15caa1b2c7b4.png,outputs/nips2017/nips2017_selected_20260714_195944/vim-small/ablation_and_no_verifier/sample_0045/images/final_selected.png,place in mossy undergrowth,[],[],False,True
vim-small,46,1df5e1adad21d618,404,555,404,977,True,True,0.7717709541320801,0.22822904586791992,0.7759832739830017,0.2240167260169983,data/nips2017/images/1df5e1adad21d618.png,outputs/nips2017/nips2017_selected_20260714_195944/vim-small/ablation_and_no_verifier/sample_0046/images/final_selected.png,place in open desert,[],[],False,True
vim-small,47,1dfbeffd999f280e,581,568,581,866,True,True,0.7165194749832153,0.28348052501678467,0.6978901028633118,0.30210989713668823,data/nips2017/images/1dfbeffd999f280e.png,outputs/nips2017/nips2017_selected_20260714_195944/vim-small/ablation_and_no_verifier/sample_0047/images/final_selected.png,place in studio setting,[],[],False,True
vim-small,48,1e4bb9fd37654da6,819,537,819,413,True,True,0.33806633949279785,0.6619336605072021,0.7954089641571045,0.2045910358428955,data/nips2017/images/1e4bb9fd37654da6.png,outputs/nips2017/nips2017_selected_20260714_195944/vim-small/ablation_and_no_verifier/sample_0048/images/final_selected.png,shift to open field,[],[],False,True
vim-small,49,1e33aa336b89dcff,538,587,538,884,True,True,0.8695096969604492,0.13049030303955078,0.8176050186157227,0.18239498138427734,data/nips2017/images/1e33aa336b89dcff.png,outputs/nips2017/nips2017_selected_20260714_195944/vim-small/ablation_and_no_verifier/sample_0049/images/final_selected.png,a photo of dome in the background,[538],"[""dome""]",False,True
vim-small,50,1e408a8d1e2cdc74,768,778,768,562,True,True,0.8896386027336121,0.11036139726638794,0.8649435639381409,0.13505643606185913,data/nips2017/images/1e408a8d1e2cdc74.png,outputs/nips2017/nips2017_selected_20260714_195944/vim-small/ablation_and_no_verifier/sample_0050/images/final_selected.png,change light to dusk,[],[],False,True
vim-small,51,1e26772fc8c493bb,415,13,415,582,True,True,0.900582492351532,0.09941750764846802,0.8899639248847961,0.11003607511520386,data/nips2017/images/1e26772fc8c493bb.png,outputs/nips2017/nips2017_selected_20260714_195944/vim-small/ablation_and_no_verifier/sample_0051/images/final_selected.png,dim the ambient light,[],[],False,True
vim-small,52,1e77361718213a43,439,434,439,974,True,True,0.8227818012237549,0.17721819877624512,0.8207029104232788,0.1792970895767212,data/nips2017/images/1e77361718213a43.png,outputs/nips2017/nips2017_selected_20260714_195944/vim-small/ablation_and_no_verifier/sample_0052/images/final_selected.png,introduce light mist,[],[],False,True
vim-small,53,1ebff1b3c8de66de,336,809,336,970,True,True,0.2885498106479645,0.7114501893520355,0.2602063715457916,0.7397936284542084,data/nips2017/images/1ebff1b3c8de66de.png,outputs/nips2017/nips2017_selected_20260714_195944/vim-small/ablation_and_no_verifier/sample_0053/images/final_selected.png,place in alpine meadow,[],[],False,True
vim-small,54,1ef172b89f4a39cf,50,535,50,49,True,True,0.7248308658599854,0.27516913414001465,0.7452641725540161,0.2547358274459839,data/nips2017/images/1ef172b89f4a39cf.png,outputs/nips2017/nips2017_selected_20260714_195944/vim-small/ablation_and_no_verifier/sample_0054/images/final_selected.png,change lighting to dusk,[],[],False,True
vim-small,55,1f3f949ccbc81c93,303,665,303,114,True,True,0.8338409662246704,0.1661590337753296,0.8672903776168823,0.13270962238311768,data/nips2017/images/1f3f949ccbc81c93.png,outputs/nips2017/nips2017_selected_20260714_195944/vim-small/ablation_and_no_verifier/sample_0055/images/final_selected.png,place in damp mossy ground,[],[],False,True
vim-small,56,1f7c25207bc3e303,475,978,475,566,True,True,0.8959771394729614,0.10402286052703857,0.6758653521537781,0.3241346478462219,data/nips2017/images/1f7c25207bc3e303.png,outputs/nips2017/nips2017_selected_20260714_195944/vim-small/ablation_and_no_verifier/sample_0056/images/final_selected.png,coated in aged brass,[458],"[""brass""]",False,True
vim-small,57,1f4227ce24232867,33,941,33,973,True,True,0.7450887560844421,0.25491124391555786,0.644512414932251,0.355487585067749,data/nips2017/images/1f4227ce24232867.png,outputs/nips2017/nips2017_selected_20260714_195944/vim-small/ablation_and_no_verifier/sample_0057/images/final_selected.png,covered in algae growth,[],[],False,True
vim-small,58,1f71668ab3dbe81b,708,966,708,562,True,True,0.6891440153121948,0.3108559846878052,0.5920283198356628,0.40797168016433716,data/nips2017/images/1f71668ab3dbe81b.png,outputs/nips2017/nips2017_selected_20260714_195944/vim-small/ablation_and_no_verifier/sample_0058/images/final_selected.png,a photo of pedestal in the background,[708],"[""pedestal""]",False,True
vim-small,59,01f824264783f58d,967,677,967,968,True,True,0.6342152953147888,0.3657847046852112,0.6318093538284302,0.3681906461715698,data/nips2017/images/01f824264783f58d.png,outputs/nips2017/nips2017_selected_20260714_195944/vim-small/ablation_and_no_verifier/sample_0059/images/final_selected.png,coated in fine sugar,[],[],False,True
vim-small,60,01fa4be27dd11b5d,450,828,450,428,True,True,0.6463253498077393,0.35367465019226074,0.8452207446098328,0.15477925539016724,data/nips2017/images/01fa4be27dd11b5d.png,outputs/nips2017/nips2017_selected_20260714_195944/vim-small/ablation_and_no_verifier/sample_0060/images/final_selected.png,shift to open field,[],[],False,True
vim-small,62,2abcab3d77d4767e,442,519,442,517,True,True,0.9154549241065979,0.0845450758934021,0.7538451552391052,0.24615484476089478,data/nips2017/images/2abcab3d77d4767e.png,outputs/nips2017/nips2017_selected_20260714_195944/vim-small/ablation_and_no_verifier/sample_0062/images/final_selected.png,a photo of bell cote in the background,"[442,494]","[""bell cote"",""chime""]",False,True
vim-small,64,2b741c5c635a7295,107,633,107,618,True,True,0.7196752429008484,0.2803247570991516,0.5420847535133362,0.4579152464866638,data/nips2017/images/2b741c5c635a7295.png,outputs/nips2017/nips2017_selected_20260714_195944/vim-small/ablation_and_no_verifier/sample_0064/images/final_selected.png,coated in pearlescent film,[],[],False,True
vim-small,65,2ba52bcf59097dc8,970,849,970,825,True,True,0.7911957502365112,0.20880424976348877,0.7726842164993286,0.2273157835006714,data/nips2017/images/2ba52bcf59097dc8.png,outputs/nips2017/nips2017_selected_20260714_195944/vim-small/ablation_and_no_verifier/sample_0065/images/final_selected.png,introduce light mist,[],[],False,True
vim-small,66,2bc6c55a0ab24f86,785,696,785,830,True,True,0.49046576023101807,0.5095342397689819,0.6499109268188477,0.35008907318115234,data/nips2017/images/2bc6c55a0ab24f86.png,outputs/nips2017/nips2017_selected_20260714_195944/vim-small/ablation_and_no_verifier/sample_0066/images/final_selected.png,place in bright studio,[],[],False,True
vim-small,67,2c54b60a2851b8ed,656,576,656,436,True,True,0.9405504465103149,0.05944955348968506,0.8508018851280212,0.14919811487197876,data/nips2017/images/2c54b60a2851b8ed.png,outputs/nips2017/nips2017_selected_20260714_195944/vim-small/ablation_and_no_verifier/sample_0067/images/final_selected.png,a photo of minivan in the background,[656],"[""minivan""]",False,True
vim-small,68,2c065d2dc6b2cf44,933,462,933,931,True,True,0.7062956094741821,0.29370439052581787,0.6364399194717407,0.3635600805282593,data/nips2017/images/2c065d2dc6b2cf44.png,outputs/nips2017/nips2017_selected_20260714_195944/vim-small/ablation_and_no_verifier/sample_0068/images/final_selected.png,coated in fine dust,[],[],False,True
vim-small,69,2c9398f44d099e0f,521,481,521,122,True,True,0.7440634965896606,0.25593650341033936,0.7276506423950195,0.27234935760498047,data/nips2017/images/2c9398f44d099e0f.png,outputs/nips2017/nips2017_selected_20260714_195944/vim-small/ablation_and_no_verifier/sample_0069/images/final_selected.png,place in rustic kitchen,[],[],False,True
vim-small,70,2d23b1dab7e3e9c0,510,970,510,536,True,True,0.8117632865905762,0.18823671340942383,0.7475454807281494,0.2524545192718506,data/nips2017/images/2d23b1dab7e3e9c0.png,outputs/nips2017/nips2017_selected_20260714_195944/vim-small/ablation_and_no_verifier/sample_0070/images/final_selected.png,a photo of container ship in the background,[510],"[""container ship""]",False,True
vim-small,71,2d95297e468bdf9b,865,525,865,760,True,True,0.8608106374740601,0.13918936252593994,0.8064115643501282,0.19358843564987183,data/nips2017/images/2d95297e468bdf9b.png,outputs/nips2017/nips2017_selected_20260714_195944/vim-small/ablation_and_no_verifier/sample_0071/images/final_selected.png,shift to twilight setting,[],[],False,True
vim-small,72,02dbe78a73db2808,974,254,974,972,True,True,0.3382381200790405,0.6617618799209595,0.46503084897994995,0.53496915102005,data/nips2017/images/02dbe78a73db2808.png,outputs/nips2017/nips2017_selected_20260714_195944/vim-small/ablation_and_no_verifier/sample_0072/images/final_selected.png,place in arid plain,[],[],False,True
vim-small,73,2e9b377877f64b3d,498,705,498,442,True,True,0.6106326580047607,0.38936734199523926,0.8368774652481079,0.1631225347518921,data/nips2017/images/2e9b377877f64b3d.png,outputs/nips2017/nips2017_selected_20260714_195944/vim-small/ablation_and_no_verifier/sample_0073/images/final_selected.png,a photo of cinema in the background,[498],"[""cinema""]",False,True
vim-small,74,2e854fca826e54b3,857,595,857,887,True,True,0.8833710551261902,0.11662894487380981,0.8843624591827393,0.11563754081726074,data/nips2017/images/2e854fca826e54b3.png,outputs/nips2017/nips2017_selected_20260714_195944/vim-small/ablation_and_no_verifier/sample_0074/images/final_selected.png,introduce subtle haze,[],[],False,True
vim-small,76,02eb799d147d5f91,624,772,624,818,True,True,0.7419725656509399,0.25802743434906006,0.769393801689148,0.23060619831085205,data/nips2017/images/02eb799d147d5f91.png,outputs/nips2017/nips2017_selected_20260714_195944/vim-small/ablation_and_no_verifier/sample_0076/images/final_selected.png,a photo of library in the background,[624],"[""library""]",False,True
vim-small,77,2ed718f6db9785f8,518,842,518,51,True,True,0.8146573305130005,0.1853426694869995,0.7934536933898926,0.20654630661010742,data/nips2017/images/2ed718f6db9785f8.png,outputs/nips2017/nips2017_selected_20260714_195944/vim-small/ablation_and_no_verifier/sample_0077/images/final_selected.png,shift to twilight setting,[],[],False,True
vim-small,78,2ee4c1b2b9bcc6c8,762,784,762,532,True,True,0.8518939018249512,0.14810609817504883,0.7729793190956116,0.22702068090438843,data/nips2017/images/2ee4c1b2b9bcc6c8.png,outputs/nips2017/nips2017_selected_20260714_195944/vim-small/ablation_and_no_verifier/sample_0078/images/final_selected.png,a photo of restaurant in the background,[762],"[""restaurant""]",False,True
vim-small,79,2efe4916e679e875,865,925,865,570,True,True,0.6082472205162048,0.39175277948379517,0.7757558226585388,0.22424417734146118,data/nips2017/images/2efe4916e679e875.png,outputs/nips2017/nips2017_selected_20260714_195944/vim-small/ablation_and_no_verifier/sample_0079/images/final_selected.png,shift to dimly lit cellar,[],[],False,True
vim-small,80,2f7d5ff922af55c4,480,632,480,884,True,True,0.43523484468460083,0.5647651553153992,0.43492013216018677,0.5650798678398132,data/nips2017/images/2f7d5ff922af55c4.png,outputs/nips2017/nips2017_selected_20260714_195944/vim-small/ablation_and_no_verifier/sample_0080/images/final_selected.png,place in marble hall,[],[],False,True
vim-small,81,2fc17ec1fad5d947,873,928,873,974,True,True,0.8362486958503723,0.16375130414962769,0.8925233483314514,0.10747665166854858,data/nips2017/images/2fc17ec1fad5d947.png,outputs/nips2017/nips2017_selected_20260714_195944/vim-small/ablation_and_no_verifier/sample_0081/images/final_selected.png,introduce light mist,[],[],False,True
vim-small,82,3a7d9bd310202e93,789,659,789,624,True,True,0.05434507504105568,0.9456549249589443,0.2035531997680664,0.7964468002319336,data/nips2017/images/3a7d9bd310202e93.png,outputs/nips2017/nips2017_selected_20260714_195944/vim-small/ablation_and_no_verifier/sample_0082/images/final_selected.png,place in dim library,[624],"[""library""]",True,False
vim-small,84,3b67bec3793efcb4,821,745,821,669,True,True,0.8993732929229736,0.10062670707702637,0.8890602588653564,0.11093974113464355,data/nips2017/images/3b67bec3793efcb4.png,outputs/nips2017/nips2017_selected_20260714_195944/vim-small/ablation_and_no_verifier/sample_0084/images/final_selected.png,a photo of steel arch bridge in the background,[821],"[""steel arch bridge""]",False,True
vim-small,85,3bd1ba0432603b28,920,88,920,605,True,True,0.6029574275016785,0.39704257249832153,0.7041289210319519,0.2958710789680481,data/nips2017/images/3bd1ba0432603b28.png,outputs/nips2017/nips2017_selected_20260714_195944/vim-small/ablation_and_no_verifier/sample_0085/images/final_selected.png,place in open field,[],[],False,True
vim-small,86,3bfe9ff7b488485d,705,709,705,829,True,True,0.8990011215209961,0.1009988784790039,0.8990135192871094,0.10098648071289062,data/nips2017/images/3bfe9ff7b488485d.png,outputs/nips2017/nips2017_selected_20260714_195944/vim-small/ablation_and_no_verifier/sample_0086/images/final_selected.png,place in industrial yard,[],[],False,True
vim-small,87,3c970c84b598f2d9,779,596,779,974,True,True,0.7827475070953369,0.21725249290466309,0.7035913467407227,0.29640865325927734,data/nips2017/images/3c970c84b598f2d9.png,outputs/nips2017/nips2017_selected_20260714_195944/vim-small/ablation_and_no_verifier/sample_0087/images/final_selected.png,a photo of school bus in the background,[779],"[""school bus""]",False,True
vim-small,89,3d6e530955c60759,511,891,511,817,True,True,0.8753757476806641,0.12462425231933594,0.8771872520446777,0.12281274795532227,data/nips2017/images/3d6e530955c60759.png,outputs/nips2017/nips2017_selected_20260714_195944/vim-small/ablation_and_no_verifier/sample_0089/images/final_selected.png,place in concrete tunnel,[],[],False,True
vim-small,90,3d75d9676ad6361c,150,516,150,48,True,True,0.6958469152450562,0.30415308475494385,0.6859153509140015,0.31408464908599854,data/nips2017/images/3d75d9676ad6361c.png,outputs/nips2017/nips2017_selected_20260714_195944/vim-small/ablation_and_no_verifier/sample_0090/images/final_selected.png,a photo of sea lion in the background,"[150,291]","[""sea lion"",""lion""]",False,True
vim-small,92,3df888fc3b1df464,954,382,954,111,True,True,0.8096951842308044,0.19030481576919556,0.489375501871109,0.510624498128891,data/nips2017/images/3df888fc3b1df464.png,outputs/nips2017/nips2017_selected_20260714_195944/vim-small/ablation_and_no_verifier/sample_0092/images/final_selected.png,coated in pale wax,[],[],False,True
vim-small,93,3dfbdd066af9ca1e,820,4,820,547,True,True,0.644677996635437,0.355322003364563,0.6803849935531616,0.3196150064468384,data/nips2017/images/3dfbdd066af9ca1e.png,outputs/nips2017/nips2017_selected_20260714_195944/vim-small/ablation_and_no_verifier/sample_0093/images/final_selected.png,coated in soot dust,[],[],False,True
vim-small,95,3e7b01ba495f15f9,707,409,707,571,True,True,0.759894847869873,0.24010515213012695,0.6743119359016418,0.32568806409835815,data/nips2017/images/3e7b01ba495f15f9.png,outputs/nips2017/nips2017_selected_20260714_195944/vim-small/ablation_and_no_verifier/sample_0095/images/final_selected.png,a photo of pay-phone in the background,[707],"[""pay-phone""]",False,True
vim-small,96,3e8bf1eee7083f6e,630,682,630,879,True,True,0.931863009929657,0.06813699007034302,0.802315354347229,0.197684645652771,data/nips2017/images/3e8bf1eee7083f6e.png,outputs/nips2017/nips2017_selected_20260714_195944/vim-small/ablation_and_no_verifier/sample_0096/images/final_selected.png,dim the ambient light,[],[],False,True
vim-small,97,3e9496f7652e1968,468,833,468,436,True,True,0.9250660538673401,0.07493394613265991,0.8625991344451904,0.13740086555480957,data/nips2017/images/3e9496f7652e1968.png,outputs/nips2017/nips2017_selected_20260714_195944/vim-small/ablation_and_no_verifier/sample_0097/images/final_selected.png,coated in matte paint,[],[],False,True
vim-small,98,3ece3c1f94e4141a,331,14,331,287,True,True,0.6118537187576294,0.3881462812423706,0.6529133319854736,0.34708666801452637,data/nips2017/images/3ece3c1f94e4141a.png,outputs/nips2017/nips2017_selected_20260714_195944/vim-small/ablation_and_no_verifier/sample_0098/images/final_selected.png,a photo of hare in the background,[331],"[""hare""]",False,True
vim-small,99,3eded0a8d5f16059,99,456,99,975,True,True,0.8136810660362244,0.18631893396377563,0.6783446669578552,0.3216553330421448,data/nips2017/images/3eded0a8d5f16059.png,outputs/nips2017/nips2017_selected_20260714_195944/vim-small/ablation_and_no_verifier/sample_0099/images/final_selected.png,a photo of goose in the background,[99],"[""goose""]",False,True
vim-small,100,3efa3df701898afd,736,999,736,747,True,True,0.8994278907775879,0.10057210922241211,0.8264362812042236,0.17356371879577637,data/nips2017/images/3efa3df701898afd.png,outputs/nips2017/nips2017_selected_20260714_195944/vim-small/ablation_and_no_verifier/sample_0100/images/final_selected.png,shift to concrete floor,[],[],False,True
vim-small,101,3f8bf287f20333eb,972,712,972,976,True,True,0.4398880898952484,0.5601119101047516,0.7536907196044922,0.2463092803955078,data/nips2017/images/3f8bf287f20333eb.png,outputs/nips2017/nips2017_selected_20260714_195944/vim-small/ablation_and_no_verifier/sample_0101/images/final_selected.png,a photo of cliff in the background,[972],"[""cliff""]",False,True
vim-small,102,3f40eba168e5d385,514,935,514,747,True,True,0.5125587582588196,0.4874412417411804,0.6678651571273804,0.33213484287261963,data/nips2017/images/3f40eba168e5d385.png,outputs/nips2017/nips2017_selected_20260714_195944/vim-small/ablation_and_no_verifier/sample_0102/images/final_selected.png,place in sunlit stable,[],[],False,True
vim-small,103,3f48b1e74589d310,652,507,652,711,True,True,0.8849684000015259,0.11503159999847412,0.5560065507888794,0.4439934492111206,data/nips2017/images/3f48b1e74589d310.png,outputs/nips2017/nips2017_selected_20260714_195944/vim-small/ablation_and_no_verifier/sample_0103/images/final_selected.png,coated in polished brass,[458],"[""brass""]",False,True
vim-small,104,03f90f7138f761e8,663,489,663,497,True,True,0.9130736589431763,0.08692634105682373,0.88266921043396,0.11733078956604004,data/nips2017/images/03f90f7138f761e8.png,outputs/nips2017/nips2017_selected_20260714_195944/vim-small/ablation_and_no_verifier/sample_0104/images/final_selected.png,change light to dusk,[],[],False,True
vim-small,105,4a0bac33f8e81e60,406,856,406,884,True,True,0.8361316919326782,0.16386830806732178,0.8567304611206055,0.14326953887939453,data/nips2017/images/4a0bac33f8e81e60.png,outputs/nips2017/nips2017_selected_20260714_195944/vim-small/ablation_and_no_verifier/sample_0105/images/final_selected.png,covered in aged parchment,[],[],False,True
vim-small,106,4a1a40a116088962,597,623,597,847,True,True,0.7850801348686218,0.21491986513137817,0.4559786021709442,0.5440213978290558,data/nips2017/images/4a1a40a116088962.png,outputs/nips2017/nips2017_selected_20260714_195944/vim-small/ablation_and_no_verifier/sample_0106/images/final_selected.png,covered in worn canvas,[],[],False,True
vim-small,107,4a1a488e8a975f7c,919,832,919,974,True,True,0.925585150718689,0.07441484928131104,0.9448370933532715,0.055162906646728516,data/nips2017/images/4a1a488e8a975f7c.png,outputs/nips2017/nips2017_selected_20260714_195944/vim-small/ablation_and_no_verifier/sample_0107/images/final_selected.png,add light mist,[],[],False,True
vim-small,108,4a251fb6d80b5137,799,81,799,580,True,True,0.698516309261322,0.301483690738678,0.8249245882034302,0.17507541179656982,data/nips2017/images/4a251fb6d80b5137.png,outputs/nips2017/nips2017_selected_20260714_195944/vim-small/ablation_and_no_verifier/sample_0108/images/final_selected.png,change lighting to dusk,[],[],False,True
vim-small,109,4abadb721e74b99b,944,780,944,580,True,True,0.3586276173591614,0.6413723826408386,0.5971835851669312,0.40281641483306885,data/nips2017/images/4abadb721e74b99b.png,outputs/nips2017/nips2017_selected_20260714_195944/vim-small/ablation_and_no_verifier/sample_0109/images/final_selected.png,place in sunlit meadow,[],[],False,True
vim-small,110,4aeb33c9e565a201,97,839,97,20,True,True,0.9131986498832703,0.08680135011672974,0.8033837080001831,0.1966162919998169,data/nips2017/images/4aeb33c9e565a201.png,outputs/nips2017/nips2017_selected_20260714_195944/vim-small/ablation_and_no_verifier/sample_0110/images/final_selected.png,coated in wet moss,[],[],False,True
vim-small,111,4b0c9bf2584b35d3,959,78,959,923,True,True,0.9382925033569336,0.061707496643066406,0.8977786302566528,0.10222136974334717,data/nips2017/images/4b0c9bf2584b35d3.png,outputs/nips2017/nips2017_selected_20260714_195944/vim-small/ablation_and_no_verifier/sample_0111/images/final_selected.png,coated in golden sheen,[],[],False,True
vim-small,113,4b384c8247b56c0a,541,924,541,974,True,True,0.7728654146194458,0.2271345853805542,0.8735772371292114,0.12642276287078857,data/nips2017/images/4b384c8247b56c0a.png,outputs/nips2017/nips2017_selected_20260714_195944/vim-small/ablation_and_no_verifier/sample_0113/images/final_selected.png,introduce slight humidity,[],[],False,True
vim-small,114,4b8517e927f32962,865,270,865,582,True,True,0.7201770544052124,0.2798229455947876,0.8044520616531372,0.1955479383468628,data/nips2017/images/4b8517e927f32962.png,outputs/nips2017/nips2017_selected_20260714_195944/vim-small/ablation_and_no_verifier/sample_0114/images/final_selected.png,place in brightly lit aisle,[],[],False,True
vim-small,115,4bb12984b41d0834,33,7,33,34,True,True,0.7496198415756226,0.25038015842437744,0.3998853266239166,0.6001146733760834,data/nips2017/images/4bb12984b41d0834.png,outputs/nips2017/nips2017_selected_20260714_195944/vim-small/ablation_and_no_verifier/sample_0115/images/final_selected.png,coated in fine silt,[],[],False,True
vim-small,117,04c1bde5affb7b5b,652,679,652,497,True,True,0.311439573764801,0.688560426235199,0.4440060555934906,0.5559939444065094,data/nips2017/images/04c1bde5affb7b5b.png,outputs/nips2017/nips2017_selected_20260714_195944/vim-small/ablation_and_no_verifier/sample_0117/images/final_selected.png,place scene in grand hall,[579],"[""grand piano""]",False,True
vim-small,118,4c8a4414419ab0bb,661,847,661,974,True,True,0.8928093910217285,0.10719060897827148,0.833426833152771,0.166573166847229,data/nips2017/images/4c8a4414419ab0bb.png,outputs/nips2017/nips2017_selected_20260714_195944/vim-small/ablation_and_no_verifier/sample_0118/images/final_selected.png,introduce light mist,[],[],False,True
vim-small,119,4ca02fd28a5e9703,995,238,995,76,True,True,0.880125880241394,0.11987411975860596,0.8341588973999023,0.16584110260009766,data/nips2017/images/4ca02fd28a5e9703.png,outputs/nips2017/nips2017_selected_20260714_195944/vim-small/ablation_and_no_verifier/sample_0119/images/final_selected.png,place in dry soil,[],[],False,True
vim-small,120,04cb9de291399d15,464,450,464,574,True,True,0.6843446493148804,0.31565535068511963,0.8382792472839355,0.16172075271606445,data/nips2017/images/04cb9de291399d15.png,outputs/nips2017/nips2017_selected_20260714_195944/vim-small/ablation_and_no_verifier/sample_0120/images/final_selected.png,a photo of buckle in the background,[464],"[""buckle""]",False,True
vim-small,122,4cd90a6459ce9571,718,621,718,978,True,True,0.4810962677001953,0.5189037322998047,0.5222185254096985,0.4777814745903015,data/nips2017/images/4cd90a6459ce9571.png,outputs/nips2017/nips2017_selected_20260714_195944/vim-small/ablation_and_no_verifier/sample_0122/images/final_selected.png,place scene near cliffs,[],[],False,True
vim-small,123,4d0c0f35a0c00bdc,679,431,679,883,True,True,0.8337015509605408,0.16629844903945923,0.7799108028411865,0.22008919715881348,data/nips2017/images/4d0c0f35a0c00bdc.png,outputs/nips2017/nips2017_selected_20260714_195944/vim-small/ablation_and_no_verifier/sample_0123/images/final_selected.png,coated in verdigris sheen,[],[],False,True
vim-small,124,4d1237ccbd9a5b4b,814,422,814,592,True,True,0.8906086087226868,0.10939139127731323,0.6610263586044312,0.33897364139556885,data/nips2017/images/4d1237ccbd9a5b4b.png,outputs/nips2017/nips2017_selected_20260714_195944/vim-small/ablation_and_no_verifier/sample_0124/images/final_selected.png,coated in polished chrome,[],[],False,True
vim-small,125,4d008626b4b68665,107,779,107,5,True,True,0.5192856788635254,0.4807143211364746,0.3146533668041229,0.6853466331958771,data/nips2017/images/4d008626b4b68665.png,outputs/nips2017/nips2017_selected_20260714_195944/vim-small/ablation_and_no_verifier/sample_0125/images/final_selected.png,place in deep ocean trench,[],[],False,True
vim-small,126,4dc360d125c9238c,526,839,526,454,True,True,0.8864209651947021,0.11357903480529785,0.8315652012825012,0.16843479871749878,data/nips2017/images/4dc360d125c9238c.png,outputs/nips2017/nips2017_selected_20260714_195944/vim-small/ablation_and_no_verifier/sample_0126/images/final_selected.png,a photo of desk in the background,[526],"[""desk""]",False,True
vim-small,127,4de063bd5b838f11,1,288,1,723,True,True,0.8779787421226501,0.12202125787734985,0.5348748564720154,0.4651251435279846,data/nips2017/images/4de063bd5b838f11.png,outputs/nips2017/nips2017_selected_20260714_195944/vim-small/ablation_and_no_verifier/sample_0127/images/final_selected.png,coated in iridescent sheen,[],[],False,True
vim-small,128,4e1bdcb677f21fb4,873,778,873,698,True,True,0.6038463711738586,0.39615362882614136,0.7173941135406494,0.2826058864593506,data/nips2017/images/4e1bdcb677f21fb4.png,outputs/nips2017/nips2017_selected_20260714_195944/vim-small/ablation_and_no_verifier/sample_0128/images/final_selected.png,place in open plaza,[],[],False,True
vim-small,129,4e34df87968bd882,338,378,338,947,True,True,0.6006909012794495,0.39930909872055054,0.6085337400436401,0.39146625995635986,data/nips2017/images/4e34df87968bd882.png,outputs/nips2017/nips2017_selected_20260714_195944/vim-small/ablation_and_no_verifier/sample_0129/images/final_selected.png,coated in fine moss,[],[],False,True
vim-small,130,4edeacef9fb8ec90,718,996,718,972,True,True,0.33977919816970825,0.6602208018302917,0.4825972020626068,0.5174027979373932,data/nips2017/images/4edeacef9fb8ec90.png,outputs/nips2017/nips2017_selected_20260714_195944/vim-small/ablation_and_no_verifier/sample_0130/images/final_selected.png,place scene near cliffs,[],[],False,True
vim-small,131,4f04ca75d7aafc0a,839,632,839,972,True,True,0.035463325679302216,0.9645366743206978,0.34713611006736755,0.6528638899326324,data/nips2017/images/4f04ca75d7aafc0a.png,outputs/nips2017/nips2017_selected_20260714_195944/vim-small/ablation_and_no_verifier/sample_0131/images/final_selected.png,place scene near canyon,[],[],False,True
vim-small,132,4f9f0b75f5b04524,57,896,57,389,True,True,0.7727473974227905,0.22725260257720947,0.7415101528167725,0.25848984718322754,data/nips2017/images/4f9f0b75f5b04524.png,outputs/nips2017/nips2017_selected_20260714_195944/vim-small/ablation_and_no_verifier/sample_0132/images/final_selected.png,introduce light mist,[],[],False,True
vim-small,133,4f553b721705d008,396,2,396,397,True,True,0.9439234733581543,0.0560765266418457,0.9210151433944702,0.07898485660552979,data/nips2017/images/4f553b721705d008.png,outputs/nips2017/nips2017_selected_20260714_195944/vim-small/ablation_and_no_verifier/sample_0133/images/final_selected.png,shift to murky depths,[],[],False,True
vim-small,134,4f722cab5573a5fb,884,391,884,538,True,True,0.5863525867462158,0.4136474132537842,0.6684562563896179,0.3315437436103821,data/nips2017/images/4f722cab5573a5fb.png,outputs/nips2017/nips2017_selected_20260714_195944/vim-small/ablation_and_no_verifier/sample_0134/images/final_selected.png,place in ancient crypt,[],[],False,True
vim-small,135,4f5464b7d4682441,975,606,975,672,True,True,0.1892044097185135,0.8107955902814865,0.537589430809021,0.462410569190979,data/nips2017/images/4f5464b7d4682441.png,outputs/nips2017/nips2017_selected_20260714_195944/vim-small/ablation_and_no_verifier/sample_0135/images/final_selected.png,shift to dense forest,[],[],False,True
vim-small,136,4fc263d35a3ad3ee,243,122,243,159,True,True,0.926507294178009,0.07349270582199097,0.91407710313797,0.08592289686203003,data/nips2017/images/4fc263d35a3ad3ee.png,outputs/nips2017/nips2017_selected_20260714_195944/vim-small/ablation_and_no_verifier/sample_0136/images/final_selected.png,add soft afternoon haze,[],[],False,True
vim-small,137,4fcc9c949d66a4e0,770,103,770,630,True,True,0.755913496017456,0.24408650398254395,0.7609900832176208,0.23900991678237915,data/nips2017/images/4fcc9c949d66a4e0.png,outputs/nips2017/nips2017_selected_20260714_195944/vim-small/ablation_and_no_verifier/sample_0137/images/final_selected.png,place in concrete setting,[],[],False,True
vim-small,138,4fff343244f212cc,820,402,820,577,True,True,0.9369436502456665,0.0630563497543335,0.8677840232849121,0.1322159767150879,data/nips2017/images/4fff343244f212cc.png,outputs/nips2017/nips2017_selected_20260714_195944/vim-small/ablation_and_no_verifier/sample_0138/images/final_selected.png,add light drizzle,[],[],False,True
vim-small,139,5a0e21d54b9c4954,327,145,327,618,True,True,0.5142053961753845,0.4857946038246155,0.3894965350627899,0.6105034649372101,data/nips2017/images/5a0e21d54b9c4954.png,outputs/nips2017/nips2017_selected_20260714_195944/vim-small/ablation_and_no_verifier/sample_0139/images/final_selected.png,coated in fine sand,[],[],False,True
vim-small,140,5a8d5bc9bf40e832,518,633,518,670,True,True,0.823871374130249,0.17612862586975098,0.4570672810077667,0.5429327189922333,data/nips2017/images/5a8d5bc9bf40e832.png,outputs/nips2017/nips2017_selected_20260714_195944/vim-small/ablation_and_no_verifier/sample_0140/images/final_selected.png,a photo of crash helmet in the background,[518],"[""crash helmet""]",False,True
vim-small,141,5a6439b10c1f6761,319,870,319,815,True,True,0.4638902544975281,0.5361097455024719,0.5308125019073486,0.46918749809265137,data/nips2017/images/5a6439b10c1f6761.png,outputs/nips2017/nips2017_selected_20260714_195944/vim-small/ablation_and_no_verifier/sample_0141/images/final_selected.png,place in sunlit meadow,[],[],False,True
vim-small,142,5ab3f1edd2f0cb06,386,115,386,554,True,True,0.723737895488739,0.276262104511261,0.8089581727981567,0.19104182720184326,data/nips2017/images/5ab3f1edd2f0cb06.png,outputs/nips2017/nips2017_selected_20260714_195944/vim-small/ablation_and_no_verifier/sample_0142/images/final_selected.png,introduce light haze,[],[],False,True
vim-small,143,5adb3d985cf217a9,404,874,404,895,True,True,0.4682108163833618,0.5317891836166382,0.6186349391937256,0.3813650608062744,data/nips2017/images/5adb3d985cf217a9.png,outputs/nips2017/nips2017_selected_20260714_195944/vim-small/ablation_and_no_verifier/sample_0143/images/final_selected.png,place in open desert,[],[],False,True
vim-small,144,5b3a8c63e41802e7,749,757,749,634,True,True,0.28739607334136963,0.7126039266586304,0.5914634466171265,0.40853655338287354,data/nips2017/images/5b3a8c63e41802e7.png,outputs/nips2017/nips2017_selected_20260714_195944/vim-small/ablation_and_no_verifier/sample_0144/images/final_selected.png,shift to dusty attic,[],[],False,True
vim-small,145,5b85f98e0105d135,569,932,569,408,True,True,0.8977741003036499,0.1022258996963501,0.7017946839332581,0.29820531606674194,data/nips2017/images/5b85f98e0105d135.png,outputs/nips2017/nips2017_selected_20260714_195944/vim-small/ablation_and_no_verifier/sample_0145/images/final_selected.png,coated in matte grey,[],[],False,True
vim-small,146,5b60477a29c7ef81,415,699,415,891,True,True,0.8857849836349487,0.11421501636505127,0.8289499878883362,0.17105001211166382,data/nips2017/images/5b60477a29c7ef81.png,outputs/nips2017/nips2017_selected_20260714_195944/vim-small/ablation_and_no_verifier/sample_0146/images/final_selected.png,dim the ambient light,[],[],False,True
vim-small,148,5bdb8268eadf57d8,851,967,851,475,True,True,0.6934796571731567,0.30652034282684326,0.6820955872535706,0.31790441274642944,data/nips2017/images/5bdb8268eadf57d8.png,outputs/nips2017/nips2017_selected_20260714_195944/vim-small/ablation_and_no_verifier/sample_0148/images/final_selected.png,a photo of television in the background,[851],"[""television""]",False,True
vim-small,150,5c2d823a4d30e3d5,717,893,717,974,True,True,0.921518087387085,0.07848191261291504,0.822721004486084,0.17727899551391602,data/nips2017/images/5c2d823a4d30e3d5.png,outputs/nips2017/nips2017_selected_20260714_195944/vim-small/ablation_and_no_verifier/sample_0150/images/final_selected.png,a photo of pickup in the background,[717],"[""pickup""]",False,True
vim-small,151,5c4eec952ca114a1,347,524,347,348,True,True,0.8044445514678955,0.1955554485321045,0.6350476741790771,0.36495232582092285,data/nips2017/images/5c4eec952ca114a1.png,outputs/nips2017/nips2017_selected_20260714_195944/vim-small/ablation_and_no_verifier/sample_0151/images/final_selected.png,coated in coarse dust,[],[],False,True
vim-small,152,5c8bcfa0dbb246ab,817,580,817,974,True,True,0.9028201699256897,0.0971798300743103,0.8913265466690063,0.10867345333099365,data/nips2017/images/5c8bcfa0dbb246ab.png,outputs/nips2017/nips2017_selected_20260714_195944/vim-small/ablation_and_no_verifier/sample_0152/images/final_selected.png,add light mist,[],[],False,True
vim-small,153,5c847b72d1e1713f,555,521,555,757,True,True,0.9478545188903809,0.05214548110961914,0.6064976453781128,0.3935023546218872,data/nips2017/images/5c847b72d1e1713f.png,outputs/nips2017/nips2017_selected_20260714_195944/vim-small/ablation_and_no_verifier/sample_0153/images/final_selected.png,coated in matte grey,[],[],False,True
vim-small,154,05cac1419419ce29,853,549,853,843,True,True,0.6599302291870117,0.3400697708129883,0.6886074542999268,0.31139254570007324,data/nips2017/images/05cac1419419ce29.png,outputs/nips2017/nips2017_selected_20260714_195944/vim-small/ablation_and_no_verifier/sample_0154/images/final_selected.png,introduce gentle mist,[],[],False,True
vim-small,155,5cd8864b6e35df82,865,897,865,898,True,True,0.8603903651237488,0.13960963487625122,0.7722758054733276,0.22772419452667236,data/nips2017/images/5cd8864b6e35df82.png,outputs/nips2017/nips2017_selected_20260714_195944/vim-small/ablation_and_no_verifier/sample_0155/images/final_selected.png,a photo of toyshop in the background,[865],"[""toyshop""]",False,True
vim-small,156,5ceb9f2e8405b0de,411,63,411,617,True,True,0.9166430234909058,0.08335697650909424,0.5705540180206299,0.4294459819793701,data/nips2017/images/5ceb9f2e8405b0de.png,outputs/nips2017/nips2017_selected_20260714_195944/vim-small/ablation_and_no_verifier/sample_0156/images/final_selected.png,coated in linen texture,[],[],False,True
vim-small,157,5cf72b48fdf5e419,629,743,629,974,True,True,0.4937111735343933,0.5062888264656067,0.5504573583602905,0.4495426416397095,data/nips2017/images/5cf72b48fdf5e419.png,outputs/nips2017/nips2017_selected_20260714_195944/vim-small/ablation_and_no_verifier/sample_0157/images/final_selected.png,a photo of lipstick in the background,[629],"[""lipstick""]",False,True
vim-small,158,5d1df4748743d42e,963,321,963,923,True,True,0.5675160884857178,0.4324839115142822,0.5465477705001831,0.4534522294998169,data/nips2017/images/5d1df4748743d42e.png,outputs/nips2017/nips2017_selected_20260714_195944/vim-small/ablation_and_no_verifier/sample_0158/images/final_selected.png,a photo of pizza in the background,[963],"[""pizza""]",False,True
vim-small,159,5d6b9cadb6f9e1cd,895,745,895,908,True,True,0.7355581521987915,0.2644418478012085,0.8384904265403748,0.16150957345962524,data/nips2017/images/5d6b9cadb6f9e1cd.png,outputs/nips2017/nips2017_selected_20260714_195944/vim-small/ablation_and_no_verifier/sample_0159/images/final_selected.png,change lighting to dusk,[],[],False,True
vim-small,160,5d6c4759c26bae8c,546,745,546,974,True,True,0.8384089469909668,0.1615910530090332,0.6154167652130127,0.3845832347869873,data/nips2017/images/5d6c4759c26bae8c.png,outputs/nips2017/nips2017_selected_20260714_195944/vim-small/ablation_and_no_verifier/sample_0160/images/final_selected.png,change lighting to warm glow,[],[],False,True
vim-small,162,5d53f9bc389e98ad,264,467,264,232,True,True,0.8443315029144287,0.1556684970855713,0.8658914566040039,0.1341085433959961,data/nips2017/images/5d53f9bc389e98ad.png,outputs/nips2017/nips2017_selected_20260714_195944/vim-small/ablation_and_no_verifier/sample_0162/images/final_selected.png,place in grassy field,[],[],False,True
vim-small,163,5d8085ae68e07d72,708,642,708,863,True,True,0.5399388074874878,0.4600611925125122,0.6039409041404724,0.3960590958595276,data/nips2017/images/5d8085ae68e07d72.png,outputs/nips2017/nips2017_selected_20260714_195944/vim-small/ablation_and_no_verifier/sample_0163/images/final_selected.png,a photo of pedestal in the background,[708],"[""pedestal""]",False,True
vim-small,165,5dbfff56258cf9e6,317,384,317,315,True,True,0.48338714241981506,0.5166128575801849,0.2184622585773468,0.7815377414226532,data/nips2017/images/5dbfff56258cf9e6.png,outputs/nips2017/nips2017_selected_20260714_195944/vim-small/ablation_and_no_verifier/sample_0165/images/final_selected.png,coated in matte green,[],[],False,True
vim-small,167,5ec826683757ffae,22,368,22,974,True,True,0.8069111704826355,0.1930888295173645,0.6187037229537964,0.3812962770462036,data/nips2017/images/5ec826683757ffae.png,outputs/nips2017/nips2017_selected_20260714_195944/vim-small/ablation_and_no_verifier/sample_0167/images/final_selected.png,a photo of bald eagle in the background,[22],"[""bald eagle""]",False,True
vim-small,168,5efeca6c4c233f01,760,463,760,651,True,True,0.20500239729881287,0.7949976027011871,0.34185054898262024,0.6581494510173798,data/nips2017/images/5efeca6c4c233f01.png,outputs/nips2017/nips2017_selected_20260714_195944/vim-small/ablation_and_no_verifier/sample_0168/images/final_selected.png,place in bright kitchen,[],[],False,True
vim-small,169,5f3ea3c6b683fb57,772,61,772,600,True,True,0.766689658164978,0.23331034183502197,0.6364955902099609,0.36350440979003906,data/nips2017/images/5f3ea3c6b683fb57.png,outputs/nips2017/nips2017_selected_20260714_195944/vim-small/ablation_and_no_verifier/sample_0169/images/final_selected.png,place in bright studio,[],[],False,True
vim-small,170,05f7c084329ff0c6,972,909,972,672,True,True,0.7764675617218018,0.22353243827819824,0.8014171123504639,0.19858288764953613,data/nips2017/images/05f7c084329ff0c6.png,outputs/nips2017/nips2017_selected_20260714_195944/vim-small/ablation_and_no_verifier/sample_0170/images/final_selected.png,a photo of cliff in the background,[972],"[""cliff""]",False,True
vim-small,171,5fc906f27c8975d2,978,366,978,975,True,True,0.7599584460258484,0.2400415539741516,0.6917715072631836,0.3082284927368164,data/nips2017/images/5fc906f27c8975d2.png,outputs/nips2017/nips2017_selected_20260714_195944/vim-small/ablation_and_no_verifier/sample_0171/images/final_selected.png,covered in damp moss,[],[],False,True
vim-small,172,5ff168f7d006f69c,682,105,682,987,True,True,0.7519551515579224,0.24804484844207764,0.8158202171325684,0.18417978286743164,data/nips2017/images/5ff168f7d006f69c.png,outputs/nips2017/nips2017_selected_20260714_195944/vim-small/ablation_and_no_verifier/sample_0172/images/final_selected.png,a photo of obelisk in the background,[682],"[""obelisk""]",False,True
vim-small,173,06a0e36c443746b5,353,231,353,352,True,True,0.7063716650009155,0.2936283349990845,0.7229346036911011,0.2770653963088989,data/nips2017/images/06a0e36c443746b5.png,outputs/nips2017/nips2017_selected_20260714_195944/vim-small/ablation_and_no_verifier/sample_0173/images/final_selected.png,a photo of gazelle in the background,[353],"[""gazelle""]",False,True
vim-small,174,6a50fbe8723a6a4a,562,596,562,974,True,True,0.6434118747711182,0.35658812522888184,0.4222298264503479,0.5777701735496521,data/nips2017/images/6a50fbe8723a6a4a.png,outputs/nips2017/nips2017_selected_20260714_195944/vim-small/ablation_and_no_verifier/sample_0174/images/final_selected.png,coated in wet slate,[],[],False,True
vim-small,175,6a940d1bf69f1d10,557,432,557,807,True,True,0.6848990321159363,0.3151009678840637,0.45259612798690796,0.547403872013092,data/nips2017/images/6a940d1bf69f1d10.png,outputs/nips2017/nips2017_selected_20260714_195944/vim-small/ablation_and_no_verifier/sample_0175/images/final_selected.png,coated in weathered bronze,[],[],False,True
vim-small,176,6ab876a15af539c4,983,610,983,973,True,True,0.6799436807632446,0.32005631923675537,0.4575669467449188,0.5424330532550812,data/nips2017/images/6ab876a15af539c4.png,outputs/nips2017/nips2017_selected_20260714_195944/vim-small/ablation_and_no_verifier/sample_0176/images/final_selected.png,a photo of scuba diver in the background,[983],"[""scuba diver""]",False,True
vim-small,177,6ac94c9244f84aa3,672,335,672,974,True,True,0.8893725872039795,0.11062741279602051,0.8442885279655457,0.15571147203445435,data/nips2017/images/6ac94c9244f84aa3.png,outputs/nips2017/nips2017_selected_20260714_195944/vim-small/ablation_and_no_verifier/sample_0177/images/final_selected.png,introduce light mist,[],[],False,True
vim-small,178,6ad1230d612d7eb7,437,679,437,900,True,True,0.4082329273223877,0.5917670726776123,0.3336724042892456,0.6663275957107544,data/nips2017/images/6ad1230d612d7eb7.png,outputs/nips2017/nips2017_selected_20260714_195944/vim-small/ablation_and_no_verifier/sample_0178/images/final_selected.png,coated in aged copper,[],[],False,True
vim-small,180,6afe58efa85756dc,928,848,928,931,True,True,0.8680121898651123,0.1319878101348877,0.8149633407592773,0.18503665924072266,data/nips2017/images/6afe58efa85756dc.png,outputs/nips2017/nips2017_selected_20260714_195944/vim-small/ablation_and_no_verifier/sample_0180/images/final_selected.png,a photo of ice cream in the background,[928],"[""ice cream""]",False,True
vim-small,181,6b27728f0f816dc6,637,873,637,471,True,True,0.47494804859161377,0.5250519514083862,0.6485239267349243,0.3514760732650757,data/nips2017/images/6b27728f0f816dc6.png,outputs/nips2017/nips2017_selected_20260714_195944/vim-small/ablation_and_no_verifier/sample_0181/images/final_selected.png,place in cobbled alleyway,[],[],False,True
vim-small,182,6bb6cf032c1286c5,467,366,467,601,True,True,0.8186609148979187,0.1813390851020813,0.8104836940765381,0.18951630592346191,data/nips2017/images/6bb6cf032c1286c5.png,outputs/nips2017/nips2017_selected_20260714_195944/vim-small/ablation_and_no_verifier/sample_0182/images/final_selected.png,a photo of butcher shop in the background,[467],"[""butcher shop""]",False,True
vim-small,183,6bea02f26beef50d,708,266,708,501,True,True,0.7009023427963257,0.2990976572036743,0.837883472442627,0.16211652755737305,data/nips2017/images/6bea02f26beef50d.png,outputs/nips2017/nips2017_selected_20260714_195944/vim-small/ablation_and_no_verifier/sample_0183/images/final_selected.png,place in open field,[],[],False,True
vim-small,184,6bff4ecb94f1f84e,858,865,858,974,True,True,0.6274548768997192,0.37254512310028076,0.8140581846237183,0.18594181537628174,data/nips2017/images/6bff4ecb94f1f84e.png,outputs/nips2017/nips2017_selected_20260714_195944/vim-small/ablation_and_no_verifier/sample_0184/images/final_selected.png,introduce light mist,[],[],False,True
vim-small,185,6c9f8901246faff2,628,688,628,752,True,True,0.9227774143218994,0.07722258567810059,0.9050916433334351,0.09490835666656494,data/nips2017/images/6c9f8901246faff2.png,outputs/nips2017/nips2017_selected_20260714_195944/vim-small/ablation_and_no_verifier/sample_0185/images/final_selected.png,a photo of liner in the background,[628],"[""liner""]",False,True
vim-small,186,6cae4a23623d142b,582,439,582,467,True,True,0.40335625410079956,0.5966437458992004,0.6449016332626343,0.3550983667373657,data/nips2017/images/6cae4a23623d142b.png,outputs/nips2017/nips2017_selected_20260714_195944/vim-small/ablation_and_no_verifier/sample_0186/images/final_selected.png,covered in rough wood,[],[],False,True
vim-small,187,6cc289dc7a8fce86,157,999,157,232,True,True,0.43737858533859253,0.5626214146614075,0.6071149706840515,0.3928850293159485,data/nips2017/images/6cc289dc7a8fce86.png,outputs/nips2017/nips2017_selected_20260714_195944/vim-small/ablation_and_no_verifier/sample_0187/images/final_selected.png,a photo of papillon in the background,[157],"[""papillon""]",False,True
vim-small,188,6d2d82bc1ba0a956,51,663,51,972,True,True,0.5103408098220825,0.4896591901779175,0.47010302543640137,0.5298969745635986,data/nips2017/images/6d2d82bc1ba0a956.png,outputs/nips2017/nips2017_selected_20260714_195944/vim-small/ablation_and_no_verifier/sample_0188/images/final_selected.png,a photo of triceratops in the background,[51],"[""triceratops""]",False,True
vim-small,190,6de6432b0f23ae75,104,406,104,354,True,True,0.4904859960079193,0.5095140039920807,0.44016027450561523,0.5598397254943848,data/nips2017/images/6de6432b0f23ae75.png,outputs/nips2017/nips2017_selected_20260714_195944/vim-small/ablation_and_no_verifier/sample_0190/images/final_selected.png,covered in fine dust,[],[],False,True
vim-small,192,6ecbd7d19f5b9147,595,422,595,609,True,True,0.8466185331344604,0.15338146686553955,0.8918344974517822,0.10816550254821777,data/nips2017/images/6ecbd7d19f5b9147.png,outputs/nips2017/nips2017_selected_20260714_195944/vim-small/ablation_and_no_verifier/sample_0192/images/final_selected.png,a photo of harvester in the background,[595],"[""harvester""]",False,True
vim-small,193,6efed50f84ec5e01,946,601,946,363,True,True,0.7650209069252014,0.23497909307479858,0.6161434650421143,0.38385653495788574,data/nips2017/images/6efed50f84ec5e01.png,outputs/nips2017/nips2017_selected_20260714_195944/vim-small/ablation_and_no_verifier/sample_0193/images/final_selected.png,coated in silver dust,[],[],False,True
vim-small,194,7a11ae4c1f5e790c,688,499,688,771,True,True,0.9348467588424683,0.06515324115753174,0.881580650806427,0.118419349193573,data/nips2017/images/7a11ae4c1f5e790c.png,outputs/nips2017/nips2017_selected_20260714_195944/vim-small/ablation_and_no_verifier/sample_0194/images/final_selected.png,a photo of oscilloscope in the background,[688],"[""oscilloscope""]",False,True
vim-small,196,7a85f42383ec2f81,708,801,708,869,True,True,0.669920802116394,0.33007919788360596,0.7858614325523376,0.21413856744766235,data/nips2017/images/7a85f42383ec2f81.png,outputs/nips2017/nips2017_selected_20260714_195944/vim-small/ablation_and_no_verifier/sample_0196/images/final_selected.png,place in open field,[],[],False,True
vim-small,197,7a291389e67a8a07,416,636,416,702,True,True,0.8618063926696777,0.13819360733032227,0.6601133346557617,0.3398866653442383,data/nips2017/images/7a291389e67a8a07.png,outputs/nips2017/nips2017_selected_20260714_195944/vim-small/ablation_and_no_verifier/sample_0197/images/final_selected.png,coated in polished wood,[],[],False,True
vim-small,198,7b6a9bf5b175e3b2,557,598,557,879,True,True,0.5142812728881836,0.4857187271118164,0.3367418944835663,0.6632581055164337,data/nips2017/images/7b6a9bf5b175e3b2.png,outputs/nips2017/nips2017_selected_20260714_195944/vim-small/ablation_and_no_verifier/sample_0198/images/final_selected.png,a photo of flagpole in the background,[557],"[""flagpole""]",False,True
vim-small,199,7b6cc934fda859fa,306,652,306,960,True,True,0.5482414960861206,0.4517585039138794,0.3155967593193054,0.6844032406806946,data/nips2017/images/7b6cc934fda859fa.png,outputs/nips2017/nips2017_selected_20260714_195944/vim-small/ablation_and_no_verifier/sample_0199/images/final_selected.png,coated in wet clay,[],[],False,True
vim-small,200,7b6e963025eaeb66,993,659,993,992,True,True,0.6046878099441528,0.39531219005584717,0.5553869009017944,0.44461309909820557,data/nips2017/images/7b6e963025eaeb66.png,outputs/nips2017/nips2017_selected_20260714_195944/vim-small/ablation_and_no_verifier/sample_0200/images/final_selected.png,coated in dark moss,[],[],False,True
vim-small,202,7b71925e989ee1d8,933,34,933,924,True,True,0.8673321008682251,0.1326678991317749,0.7508878707885742,0.24911212921142578,data/nips2017/images/7b71925e989ee1d8.png,outputs/nips2017/nips2017_selected_20260714_195944/vim-small/ablation_and_no_verifier/sample_0202/images/final_selected.png,place in warm kitchen,[],[],False,True
vim-small,203,7c3b0d93654b39cd,707,427,707,877,True,True,0.9045870304107666,0.0954129695892334,0.6010239720344543,0.39897602796554565,data/nips2017/images/7c3b0d93654b39cd.png,outputs/nips2017/nips2017_selected_20260714_195944/vim-small/ablation_and_no_verifier/sample_0203/images/final_selected.png,coated in aged brass,[458],"[""brass""]",False,True
vim-small,204,7c5ea6f89e6e2733,819,586,819,417,True,True,0.30111047625541687,0.6988895237445831,0.7598787546157837,0.2401212453842163,data/nips2017/images/7c5ea6f89e6e2733.png,outputs/nips2017/nips2017_selected_20260714_195944/vim-small/ablation_and_no_verifier/sample_0204/images/final_selected.png,a photo of stage in the background,[819],"[""stage""]",False,True
vim-small,205,7c249a944594a62e,989,619,989,997,True,True,0.711974024772644,0.28802597522735596,0.5025025606155396,0.49749743938446045,data/nips2017/images/7c249a944594a62e.png,outputs/nips2017/nips2017_selected_20260714_195944/vim-small/ablation_and_no_verifier/sample_0205/images/final_selected.png,covered in mossy patina,[],[],False,True
vim-small,206,7c754696067fdfa9,764,468,764,634,True,True,0.7440140247344971,0.25598597526550293,0.6438336372375488,0.35616636276245117,data/nips2017/images/7c754696067fdfa9.png,outputs/nips2017/nips2017_selected_20260714_195944/vim-small/ablation_and_no_verifier/sample_0206/images/final_selected.png,place in dusty attic,[],[],False,True
vim-small,207,7ca714cdcd5d36d9,779,105,779,974,True,True,0.9392387866973877,0.060761213302612305,0.935064435005188,0.06493556499481201,data/nips2017/images/7ca714cdcd5d36d9.png,outputs/nips2017/nips2017_selected_20260714_195944/vim-small/ablation_and_no_verifier/sample_0207/images/final_selected.png,change lighting to dusk,[],[],False,True
vim-small,208,7d2a7bca22967f29,734,599,734,627,True,True,0.7982320189476013,0.20176798105239868,0.5459277033805847,0.4540722966194153,data/nips2017/images/7d2a7bca22967f29.png,outputs/nips2017/nips2017_selected_20260714_195944/vim-small/ablation_and_no_verifier/sample_0208/images/final_selected.png,a photo of police van in the background,[734],"[""police van""]",False,True
vim-small,209,7d2e9b03ec1b630b,400,534,400,887,True,True,0.8788803815841675,0.12111961841583252,0.7720040082931519,0.22799599170684814,data/nips2017/images/7d2e9b03ec1b630b.png,outputs/nips2017/nips2017_selected_20260714_195944/vim-small/ablation_and_no_verifier/sample_0209/images/final_selected.png,a photo of academic gown in the background,"[400,578]","[""academic gown"",""gown""]",False,True
vim-small,211,7d253f78ef6f029a,682,91,682,863,True,True,0.8540461659431458,0.14595383405685425,0.5787915587425232,0.4212084412574768,data/nips2017/images/7d253f78ef6f029a.png,outputs/nips2017/nips2017_selected_20260714_195944/vim-small/ablation_and_no_verifier/sample_0211/images/final_selected.png,coated in aged stone,[],[],False,True
vim-small,212,7d833ac8ab852bd2,51,150,51,9,True,True,0.6393353939056396,0.36066460609436035,0.6661880612373352,0.3338119387626648,data/nips2017/images/7d833ac8ab852bd2.png,outputs/nips2017/nips2017_selected_20260714_195944/vim-small/ablation_and_no_verifier/sample_0212/images/final_selected.png,place in dry savanna,[],[],False,True
vim-small,213,7d4186ce0332245d,975,935,975,449,True,True,0.8343796730041504,0.1656203269958496,0.8431814908981323,0.15681850910186768,data/nips2017/images/7d4186ce0332245d.png,outputs/nips2017/nips2017_selected_20260714_195944/vim-small/ablation_and_no_verifier/sample_0213/images/final_selected.png,apply soft afternoon haze,[],[],False,True
vim-small,214,7d599306068f4594,716,513,716,449,True,True,0.8321778774261475,0.16782212257385254,0.6564878225326538,0.3435121774673462,data/nips2017/images/7d599306068f4594.png,outputs/nips2017/nips2017_selected_20260714_195944/vim-small/ablation_and_no_verifier/sample_0214/images/final_selected.png,a photo of picket fence in the background,[716],"[""picket fence""]",False,True
vim-small,215,7e0fb7f80ffa514b,654,404,654,407,True,True,0.7572023868560791,0.2427976131439209,0.5588371753692627,0.4411628246307373,data/nips2017/images/7e0fb7f80ffa514b.png,outputs/nips2017/nips2017_selected_20260714_195944/vim-small/ablation_and_no_verifier/sample_0215/images/final_selected.png,coated in brushed aluminum,[],[],False,True
vim-small,216,7e4c41563370bed1,718,944,718,908,True,True,0.8812078237533569,0.11879217624664307,0.8816001415252686,0.11839985847473145,data/nips2017/images/7e4c41563370bed1.png,outputs/nips2017/nips2017_selected_20260714_195944/vim-small/ablation_and_no_verifier/sample_0216/images/final_selected.png,introduce light sea mist,[],[],False,True
vim-small,217,7e5c847bafc4d50c,908,528,908,744,True,True,0.8683750629425049,0.13162493705749512,0.9378650784492493,0.06213492155075073,data/nips2017/images/7e5c847bafc4d50c.png,outputs/nips2017/nips2017_selected_20260714_195944/vim-small/ablation_and_no_verifier/sample_0217/images/final_selected.png,place in open field,[],[],False,True
vim-small,218,7e73c7adc520e406,132,85,132,134,True,True,0.6711157560348511,0.3288842439651489,0.29464906454086304,0.705350935459137,data/nips2017/images/7e73c7adc520e406.png,outputs/nips2017/nips2017_selected_20260714_195944/vim-small/ablation_and_no_verifier/sample_0218/images/final_selected.png,coated in fine dust,[],[],False,True
vim-small,219,7f3c20f487834846,407,882,407,654,True,True,0.8250013589859009,0.17499864101409912,0.4525280296802521,0.5474719703197479,data/nips2017/images/7f3c20f487834846.png,outputs/nips2017/nips2017_selected_20260714_195944/vim-small/ablation_and_no_verifier/sample_0219/images/final_selected.png,a photo of ambulance in the background,[407],"[""ambulance""]",False,True
vim-small,220,7f842d0c1e747334,304,795,304,305,True,True,0.7763630151748657,0.22363698482513428,0.837901771068573,0.162098228931427,data/nips2017/images/7f842d0c1e747334.png,outputs/nips2017/nips2017_selected_20260714_195944/vim-small/ablation_and_no_verifier/sample_0220/images/final_selected.png,place in dry soil,[],[],False,True
vim-small,221,7f045354f4577c16,557,969,557,412,True,True,0.2757883071899414,0.7242116928100586,0.35390985012054443,0.6460901498794556,data/nips2017/images/7f045354f4577c16.png,outputs/nips2017/nips2017_selected_20260714_195944/vim-small/ablation_and_no_verifier/sample_0221/images/final_selected.png,a photo of flagpole in the background,[557],"[""flagpole""]",False,True
vim-small,222,7fd7ce3eb2bf9944,99,112,99,138,True,True,0.826758861541748,0.17324113845825195,0.8712952136993408,0.12870478630065918,data/nips2017/images/7fd7ce3eb2bf9944.png,outputs/nips2017/nips2017_selected_20260714_195944/vim-small/ablation_and_no_verifier/sample_0222/images/final_selected.png,place scene on dry earth,[],[],False,True
vim-small,223,8a02b6196885c394,759,446,759,745,True,True,0.7593318223953247,0.2406681776046753,0.4703398644924164,0.5296601355075836,data/nips2017/images/8a02b6196885c394.png,outputs/nips2017/nips2017_selected_20260714_195944/vim-small/ablation_and_no_verifier/sample_0223/images/final_selected.png,coated in aged patina,[],[],False,True
vim-small,224,8a82ddd7ab76efbb,510,907,510,554,True,True,0.8306452035903931,0.16935479640960693,0.7223790884017944,0.27762091159820557,data/nips2017/images/8a82ddd7ab76efbb.png,outputs/nips2017/nips2017_selected_20260714_195944/vim-small/ablation_and_no_verifier/sample_0224/images/final_selected.png,introduce light mist,[],[],False,True
vim-small,225,8af30e5c3fa48a08,695,70,695,412,True,True,0.5763263702392578,0.4236736297607422,0.501724123954773,0.49827587604522705,data/nips2017/images/8af30e5c3fa48a08.png,outputs/nips2017/nips2017_selected_20260714_195944/vim-small/ablation_and_no_verifier/sample_0225/images/final_selected.png,a photo of padlock in the background,[695],"[""padlock""]",False,True
vim-small,227,8b47d72b39b2bd33,525,96,525,908,True,True,0.7001424431800842,0.29985755681991577,0.509394645690918,0.49060535430908203,data/nips2017/images/8b47d72b39b2bd33.png,outputs/nips2017/nips2017_selected_20260714_195944/vim-small/ablation_and_no_verifier/sample_0227/images/final_selected.png,introduce light haze,[],[],False,True
vim-small,228,8bb7d10e97694eb5,142,392,142,360,True,True,0.6815985441207886,0.3184014558792114,0.5188113451004028,0.48118865489959717,data/nips2017/images/8bb7d10e97694eb5.png,outputs/nips2017/nips2017_selected_20260714_195944/vim-small/ablation_and_no_verifier/sample_0228/images/final_selected.png,coated in dark algae,[],[],False,True
vim-small,229,8c5b5bc0f39e2e06,897,252,897,778,True,True,0.9405711889266968,0.05942881107330322,0.8557478189468384,0.14425218105316162,data/nips2017/images/8c5b5bc0f39e2e06.png,outputs/nips2017/nips2017_selected_20260714_195944/vim-small/ablation_and_no_verifier/sample_0229/images/final_selected.png,introduce light drizzle,[],[],False,True
vim-small,230,8c6edf1ddfb61102,888,122,888,821,True,True,0.890852689743042,0.10914731025695801,0.6605464220046997,0.3394535779953003,data/nips2017/images/8c6edf1ddfb61102.png,outputs/nips2017/nips2017_selected_20260714_195944/vim-small/ablation_and_no_verifier/sample_0230/images/final_selected.png,covered in weathered copper,[],[],False,True
vim-small,231,8c8bc30a62a1ee23,303,1,303,317,True,True,0.7373995184898376,0.26260048151016235,0.8049006462097168,0.1950993537902832,data/nips2017/images/8c8bc30a62a1ee23.png,outputs/nips2017/nips2017_selected_20260714_195944/vim-small/ablation_and_no_verifier/sample_0231/images/final_selected.png,place on rough wood,[],[],False,True
vim-small,232,8c609b06a60af060,498,290,498,698,True,True,0.6854780912399292,0.3145219087600708,0.5476824045181274,0.45231759548187256,data/nips2017/images/8c609b06a60af060.png,outputs/nips2017/nips2017_selected_20260714_195944/vim-small/ablation_and_no_verifier/sample_0232/images/final_selected.png,a photo of cinema in the background,[498],"[""cinema""]",False,True
vim-small,233,8c975de17f3247d1,649,525,649,972,True,True,0.7898414731025696,0.21015852689743042,0.5341487526893616,0.4658512473106384,data/nips2017/images/8c975de17f3247d1.png,outputs/nips2017/nips2017_selected_20260714_195944/vim-small/ablation_and_no_verifier/sample_0233/images/final_selected.png,introduce light haze,[],[],False,True
vim-small,234,8d17aa69b4fd7b45,406,589,406,919,True,True,0.8831652402877808,0.11683475971221924,0.5508229732513428,0.4491770267486572,data/nips2017/images/8d17aa69b4fd7b45.png,outputs/nips2017/nips2017_selected_20260714_195944/vim-small/ablation_and_no_verifier/sample_0234/images/final_selected.png,coated in verdigris,[],[],False,True
vim-small,235,8d86fae18afef4e0,37,78,37,35,True,True,0.5366318225860596,0.46336817741394043,0.41448017954826355,0.5855198204517365,data/nips2017/images/8d86fae18afef4e0.png,outputs/nips2017/nips2017_selected_20260714_195944/vim-small/ablation_and_no_verifier/sample_0235/images/final_selected.png,a photo of box turtle in the background,[37],"[""box turtle""]",False,True
vim-small,236,8d90c523b27410a7,320,562,320,319,True,True,0.3729315400123596,0.6270684599876404,0.6918688416481018,0.3081311583518982,data/nips2017/images/8d90c523b27410a7.png,outputs/nips2017/nips2017_selected_20260714_195944/vim-small/ablation_and_no_verifier/sample_0236/images/final_selected.png,place in sunlit meadow,[],[],False,True
vim-small,237,8d68931ba23fdeb7,841,799,841,885,True,True,0.602186381816864,0.397813618183136,0.7288584113121033,0.27114158868789673,data/nips2017/images/8d68931ba23fdeb7.png,outputs/nips2017/nips2017_selected_20260714_195944/vim-small/ablation_and_no_verifier/sample_0237/images/final_selected.png,add light drizzle,[],[],False,True
vim-small,238,8da3593258ae27cb,580,398,580,738,True,True,0.8396638631820679,0.16033613681793213,0.8200050592422485,0.17999494075775146,data/nips2017/images/8da3593258ae27cb.png,outputs/nips2017/nips2017_selected_20260714_195944/vim-small/ablation_and_no_verifier/sample_0238/images/final_selected.png,a photo of greenhouse in the background,[580],"[""greenhouse""]",False,True
vim-small,239,8df3dc0c3fef1824,950,842,950,931,True,True,0.7952093482017517,0.2047906517982483,0.5172860026359558,0.4827139973640442,data/nips2017/images/8df3dc0c3fef1824.png,outputs/nips2017/nips2017_selected_20260714_195944/vim-small/ablation_and_no_verifier/sample_0239/images/final_selected.png,coated in fine dust,[],[],False,True
vim-small,240,8e9e976fc98e3cfa,665,739,665,518,True,True,0.9121031165122986,0.08789688348770142,0.7928584814071655,0.20714151859283447,data/nips2017/images/8e9e976fc98e3cfa.png,outputs/nips2017/nips2017_selected_20260714_195944/vim-small/ablation_and_no_verifier/sample_0240/images/final_selected.png,shift to open field,[],[],False,True
vim-small,241,8e3324c208eb9a3b,821,740,821,417,True,True,0.5276367664337158,0.4723632335662842,0.5990144610404968,0.4009855389595032,data/nips2017/images/8e3324c208eb9a3b.png,outputs/nips2017/nips2017_selected_20260714_195944/vim-small/ablation_and_no_verifier/sample_0241/images/final_selected.png,a photo of steel arch bridge in the background,[821],"[""steel arch bridge""]",False,True
vim-small,242,8e89734ed940e222,656,793,656,436,True,True,0.7163267135620117,0.2836732864379883,0.5591750741004944,0.4408249258995056,data/nips2017/images/8e89734ed940e222.png,outputs/nips2017/nips2017_selected_20260714_195944/vim-small/ablation_and_no_verifier/sample_0242/images/final_selected.png,coated in matte grey,[],[],False,True
vim-small,244,8f5eda0b6a910b43,949,917,949,957,True,True,0.7500392198562622,0.2499607801437378,0.58661949634552,0.41338050365448,data/nips2017/images/8f5eda0b6a910b43.png,outputs/nips2017/nips2017_selected_20260714_195944/vim-small/ablation_and_no_verifier/sample_0244/images/final_selected.png,a photo of strawberry in the background,[949],"[""strawberry""]",False,True
vim-small,245,8f07c92f0af97807,805,107,805,600,True,True,0.7154274582862854,0.2845725417137146,0.8781670331954956,0.1218329668045044,data/nips2017/images/8f07c92f0af97807.png,outputs/nips2017/nips2017_selected_20260714_195944/vim-small/ablation_and_no_verifier/sample_0245/images/final_selected.png,shift scene to stadium seating,[],[],False,True
vim-small,246,8f9c1e4fd9f4cb2e,16,497,16,94,True,True,0.8415923118591309,0.15840768814086914,0.8526026010513306,0.14739739894866943,data/nips2017/images/8f9c1e4fd9f4cb2e.png,outputs/nips2017/nips2017_selected_20260714_195944/vim-small/ablation_and_no_verifier/sample_0246/images/final_selected.png,coated in soft moss,[],[],False,True
vim-small,247,8f97e3fface13e4d,471,547,471,516,True,True,0.8471537232398987,0.15284627676010132,0.1923043131828308,0.8076956868171692,data/nips2017/images/8f97e3fface13e4d.png,outputs/nips2017/nips2017_selected_20260714_195944/vim-small/ablation_and_no_verifier/sample_0247/images/final_selected.png,coated in oxidized copper,[],[],False,True
vim-small,248,08fbf75e60a6efb7,483,665,483,649,True,True,0.33272209763526917,0.6672779023647308,0.3909417390823364,0.6090582609176636,data/nips2017/images/08fbf75e60a6efb7.png,outputs/nips2017/nips2017_selected_20260714_195944/vim-small/ablation_and_no_verifier/sample_0248/images/final_selected.png,place in dry field,[],[],False,True
vim-small,249,9a1c67f467b9beea,302,89,302,307,True,True,0.6849348545074463,0.3150651454925537,0.4881017208099365,0.5118982791900635,data/nips2017/images/9a1c67f467b9beea.png,outputs/nips2017/nips2017_selected_20260714_195944/vim-small/ablation_and_no_verifier/sample_0249/images/final_selected.png,coated in fine dust,[],[],False,True
vim-small,250,9a5913e0fb6d0866,766,203,766,913,True,True,0.9340941905975342,0.06590580940246582,0.9044326543807983,0.09556734561920166,data/nips2017/images/9a5913e0fb6d0866.png,outputs/nips2017/nips2017_selected_20260714_195944/vim-small/ablation_and_no_verifier/sample_0250/images/final_selected.png,dim the ambient light,[],[],False,True
vim-small,252,9ab953cce5c7f879,442,366,442,497,True,True,0.9364837408065796,0.06351625919342041,0.8789047002792358,0.12109529972076416,data/nips2017/images/9ab953cce5c7f879.png,outputs/nips2017/nips2017_selected_20260714_195944/vim-small/ablation_and_no_verifier/sample_0252/images/final_selected.png,change lighting to dusk,[],[],False,True
vim-small,253,9aba31a4b2404aa5,911,494,911,840,True,True,0.7132028341293335,0.2867971658706665,0.8094419240951538,0.1905580759048462,data/nips2017/images/9aba31a4b2404aa5.png,outputs/nips2017/nips2017_selected_20260714_195944/vim-small/ablation_and_no_verifier/sample_0253/images/final_selected.png,coated in fine linen,[],[],False,True
vim-small,254,9b4cab2ffb0c0754,974,962,974,744,True,True,0.4951900243759155,0.5048099756240845,0.5431045889854431,0.4568954110145569,data/nips2017/images/9b4cab2ffb0c0754.png,outputs/nips2017/nips2017_selected_20260714_195944/vim-small/ablation_and_no_verifier/sample_0254/images/final_selected.png,place in arid plains,[],[],False,True
vim-small,257,9cf861a657c27cec,582,896,582,782,True,True,0.712158739566803,0.287841260433197,0.6226164102554321,0.37738358974456787,data/nips2017/images/9cf861a657c27cec.png,outputs/nips2017/nips2017_selected_20260714_195944/vim-small/ablation_and_no_verifier/sample_0257/images/final_selected.png,a photo of grocery store in the background,[582],"[""grocery store""]",False,True
vim-small,258,9d5ef11ec55123e5,99,512,99,975,True,True,0.830843448638916,0.16915655136108398,0.8980141878128052,0.10198581218719482,data/nips2017/images/9d5ef11ec55123e5.png,outputs/nips2017/nips2017_selected_20260714_195944/vim-small/ablation_and_no_verifier/sample_0258/images/final_selected.png,change light to dusk,[],[],False,True
vim-small,259,9d4674c86096e4bd,661,613,661,586,True,True,0.9492886066436768,0.05071139335632324,0.921201229095459,0.07879877090454102,data/nips2017/images/9d4674c86096e4bd.png,outputs/nips2017/nips2017_selected_20260714_195944/vim-small/ablation_and_no_verifier/sample_0259/images/final_selected.png,add light mist,[],[],False,True
vim-small,260,9d55997552acf0de,259,198,259,232,True,True,0.4907606542110443,0.5092393457889557,0.46835848689079285,0.5316415131092072,data/nips2017/images/9d55997552acf0de.png,outputs/nips2017/nips2017_selected_20260714_195944/vim-small/ablation_and_no_verifier/sample_0260/images/final_selected.png,change lighting to golden hour,[],[],False,True
vim-small,261,9db1070b1b9f03d2,323,869,323,319,True,True,0.7935701608657837,0.2064298391342163,0.4466285705566406,0.5533714294433594,data/nips2017/images/9db1070b1b9f03d2.png,outputs/nips2017/nips2017_selected_20260714_195944/vim-small/ablation_and_no_verifier/sample_0261/images/final_selected.png,a photo of monarch in the background,[323],"[""monarch""]",False,True
vim-small,262,9ee13ecd8d6727c0,497,553,497,406,True,True,0.8569972515106201,0.14300274848937988,0.797897458076477,0.20210254192352295,data/nips2017/images/9ee13ecd8d6727c0.png,outputs/nips2017/nips2017_selected_20260714_195944/vim-small/ablation_and_no_verifier/sample_0262/images/final_selected.png,covered in aged patina,[],[],False,True
vim-small,264,9f6fe669276f04cf,919,696,919,884,True,True,0.2558560371398926,0.7441439628601074,0.4488428235054016,0.5511571764945984,data/nips2017/images/9f6fe669276f04cf.png,outputs/nips2017/nips2017_selected_20260714_195944/vim-small/ablation_and_no_verifier/sample_0264/images/final_selected.png,place in cobblestone alley,[],[],False,True
vim-small,265,9f55ac35ce9703e5,8,193,8,83,True,True,0.656507134437561,0.34349286556243896,0.7294262647628784,0.2705737352371216,data/nips2017/images/9f55ac35ce9703e5.png,outputs/nips2017/nips2017_selected_20260714_195944/vim-small/ablation_and_no_verifier/sample_0265/images/final_selected.png,place in dry scrubland,[],[],False,True
vim-small,266,9fbeb797de1e1639,762,510,762,424,True,True,0.8440325260162354,0.15596747398376465,0.8374894261360168,0.16251057386398315,data/nips2017/images/9fbeb797de1e1639.png,outputs/nips2017/nips2017_selected_20260714_195944/vim-small/ablation_and_no_verifier/sample_0266/images/final_selected.png,add light moisture,[],[],False,True
vim-small,267,9fe19d5c6dab83a3,454,804,454,624,True,True,0.8268091678619385,0.17319083213806152,0.8057307600975037,0.19426923990249634,data/nips2017/images/9fe19d5c6dab83a3.png,outputs/nips2017/nips2017_selected_20260714_195944/vim-small/ablation_and_no_verifier/sample_0267/images/final_selected.png,introduce soft mist,[],[],False,True
vim-small,268,10bc8784a5eb8843,743,209,743,399,True,True,0.36179521679878235,0.6382047832012177,0.37972721457481384,0.6202727854251862,data/nips2017/images/10bc8784a5eb8843.png,outputs/nips2017/nips2017_selected_20260714_195944/vim-small/ablation_and_no_verifier/sample_0268/images/final_selected.png,place in arid plains,[],[],False,True
vim-small,270,11afa51200515f9a,825,566,825,649,True,True,0.7757980823516846,0.22420191764831543,0.7004957795143127,0.29950422048568726,data/nips2017/images/11afa51200515f9a.png,outputs/nips2017/nips2017_selected_20260714_195944/vim-small/ablation_and_no_verifier/sample_0270/images/final_selected.png,place in arid canyon,[],[],False,True
vim-small,272,12cf4de43c70273e,814,832,814,659,True,True,0.6854971647262573,0.3145028352737427,0.6447718143463135,0.3552281856536865,data/nips2017/images/12cf4de43c70273e.png,outputs/nips2017/nips2017_selected_20260714_195944/vim-small/ablation_and_no_verifier/sample_0272/images/final_selected.png,coated in polished chrome,[],[],False,True
vim-small,273,12fb008451be82d4,582,554,582,943,True,True,0.9159449338912964,0.08405506610870361,0.837375283241272,0.16262471675872803,data/nips2017/images/12fb008451be82d4.png,outputs/nips2017/nips2017_selected_20260714_195944/vim-small/ablation_and_no_verifier/sample_0273/images/final_selected.png,shift to open market,[582],"[""grocery store""]",False,True
vim-small,276,16bbe588e0ecc6ab,141,167,141,142,True,True,0.6397516131401062,0.3602483868598938,0.6143954992294312,0.38560450077056885,data/nips2017/images/16bbe588e0ecc6ab.png,outputs/nips2017/nips2017_selected_20260714_195944/vim-small/ablation_and_no_verifier/sample_0276/images/final_selected.png,coated in damp moss,[],[],False,True
vim-small,277,16ff75228179469c,227,385,227,331,True,True,0.6319400072097778,0.36805999279022217,0.6390358805656433,0.3609641194343567,data/nips2017/images/16ff75228179469c.png,outputs/nips2017/nips2017_selected_20260714_195944/vim-small/ablation_and_no_verifier/sample_0277/images/final_selected.png,a photo of kelpie in the background,[227],"[""kelpie""]",False,True
vim-small,279,17df043d369008f5,990,801,990,988,True,True,0.7547810077667236,0.24521899223327637,0.7482838034629822,0.2517161965370178,data/nips2017/images/17df043d369008f5.png,outputs/nips2017/nips2017_selected_20260714_195944/vim-small/ablation_and_no_verifier/sample_0279/images/final_selected.png,coated in rough bark,[],[],False,True
vim-small,280,17f3b8a057bc01be,858,574,858,762,True,True,0.8429164886474609,0.15708351135253906,0.7647310495376587,0.2352689504623413,data/nips2017/images/17f3b8a057bc01be.png,outputs/nips2017/nips2017_selected_20260714_195944/vim-small/ablation_and_no_verifier/sample_0280/images/final_selected.png,shift setting to twilight,[],[],False,True
vim-small,281,18d5f99fe237a306,814,76,814,885,True,True,0.45035505294799805,0.549644947052002,0.3744465708732605,0.6255534291267395,data/nips2017/images/18d5f99fe237a306.png,outputs/nips2017/nips2017_selected_20260714_195944/vim-small/ablation_and_no_verifier/sample_0281/images/final_selected.png,coated in matte ceramic,[],[],False,True
vim-small,282,19b5bea9a7608a92,777,434,777,554,True,True,0.8857712745666504,0.11422872543334961,0.8637064695358276,0.13629353046417236,data/nips2017/images/19b5bea9a7608a92.png,outputs/nips2017/nips2017_selected_20260714_195944/vim-small/ablation_and_no_verifier/sample_0282/images/final_selected.png,add gentle morning haze,[],[],False,True
vim-small,283,19d43f8204d3183d,984,377,984,991,True,True,0.7141830921173096,0.28581690788269043,0.7026054859161377,0.2973945140838623,data/nips2017/images/19d43f8204d3183d.png,outputs/nips2017/nips2017_selected_20260714_195944/vim-small/ablation_and_no_verifier/sample_0283/images/final_selected.png,coated in pale gold,[],[],False,True
vim-small,284,21b0803c965f76ef,919,976,919,427,True,True,0.8274903297424316,0.17250967025756836,0.7211072444915771,0.27889275550842285,data/nips2017/images/21b0803c965f76ef.png,outputs/nips2017/nips2017_selected_20260714_195944/vim-small/ablation_and_no_verifier/sample_0284/images/final_selected.png,coated in aged patina,[],[],False,True
vim-small,285,21fef4d9b3dce49a,974,459,974,975,True,True,0.12544479966163635,0.8745552003383636,0.3106824457645416,0.6893175542354584,data/nips2017/images/21fef4d9b3dce49a.png,outputs/nips2017/nips2017_selected_20260714_195944/vim-small/ablation_and_no_verifier/sample_0285/images/final_selected.png,shift to dense forest,[],[],False,True
vim-small,286,22a9c318b6e36853,619,210,619,787,True,True,0.945797324180603,0.05420267581939697,0.895753800868988,0.10424619913101196,data/nips2017/images/22a9c318b6e36853.png,outputs/nips2017/nips2017_selected_20260714_195944/vim-small/ablation_and_no_verifier/sample_0286/images/final_selected.png,add subtle haze,[],[],False,True
vim-small,287,22a313cc9fc2b4f1,309,939,309,332,True,True,0.7060946822166443,0.2939053177833557,0.7510861158370972,0.24891388416290283,data/nips2017/images/22a313cc9fc2b4f1.png,outputs/nips2017/nips2017_selected_20260714_195944/vim-small/ablation_and_no_verifier/sample_0287/images/final_selected.png,introduce light mist,[],[],False,True
vim-small,288,23f9d18d531eb148,478,850,478,662,True,True,0.6392894983291626,0.3607105016708374,0.654100239276886,0.345899760723114,data/nips2017/images/23f9d18d531eb148.png,outputs/nips2017/nips2017_selected_20260714_195944/vim-small/ablation_and_no_verifier/sample_0288/images/final_selected.png,a photo of carton in the background,[478],"[""carton""]",False,True
vim-small,289,23f39187c0d00e30,971,657,971,332,True,True,0.8671150207519531,0.13288497924804688,0.8493355512619019,0.15066444873809814,data/nips2017/images/23f39187c0d00e30.png,outputs/nips2017/nips2017_selected_20260714_195944/vim-small/ablation_and_no_verifier/sample_0289/images/final_selected.png,add light mist,[],[],False,True
vim-small,290,024f73e53c3c1f1d,579,637,579,624,True,True,0.277518630027771,0.722481369972229,0.4672602415084839,0.5327397584915161,data/nips2017/images/024f73e53c3c1f1d.png,outputs/nips2017/nips2017_selected_20260714_195944/vim-small/ablation_and_no_verifier/sample_0290/images/final_selected.png,shift to an antique library,[624],"[""library""]",True,False
vim-small,291,25eef91443ded954,436,727,436,408,True,True,0.5979588031768799,0.4020411968231201,0.6515344381332397,0.34846556186676025,data/nips2017/images/25eef91443ded954.png,outputs/nips2017/nips2017_selected_20260714_195944/vim-small/ablation_and_no_verifier/sample_0291/images/final_selected.png,place in seaside town,[],[],False,True
vim-small,292,25f85aadcf248cc1,853,889,853,762,True,True,0.8564901947975159,0.14350980520248413,0.7955275177955627,0.20447248220443726,data/nips2017/images/25f85aadcf248cc1.png,outputs/nips2017/nips2017_selected_20260714_195944/vim-small/ablation_and_no_verifier/sample_0292/images/final_selected.png,change lighting to dusk,[],[],False,True
vim-small,293,26aa2e6ee43387e7,912,740,912,23,True,True,0.6672242879867554,0.33277571201324463,0.6905760169029236,0.3094239830970764,data/nips2017/images/26aa2e6ee43387e7.png,outputs/nips2017/nips2017_selected_20260714_195944/vim-small/ablation_and_no_verifier/sample_0293/images/final_selected.png,a photo of worm fence in the background,[912],"[""worm fence""]",False,True
vim-small,294,29fe8d653950a631,79,541,79,488,True,True,0.903609573841095,0.09639042615890503,0.9029334187507629,0.09706658124923706,data/nips2017/images/29fe8d653950a631.png,outputs/nips2017/nips2017_selected_20260714_195944/vim-small/ablation_and_no_verifier/sample_0294/images/final_selected.png,a photo of centipede in the background,[79],"[""centipede""]",False,True
vim-small,296,30b62313af2b5d74,315,794,315,990,True,True,0.48454147577285767,0.5154585242271423,0.4834345281124115,0.5165654718875885,data/nips2017/images/30b62313af2b5d74.png,outputs/nips2017/nips2017_selected_20260714_195944/vim-small/ablation_and_no_verifier/sample_0296/images/final_selected.png,coated in pale moss,[],[],False,True
vim-small,297,30e132285c2e960f,911,426,911,659,True,True,0.8512099981307983,0.14879000186920166,0.6229606866836548,0.3770393133163452,data/nips2017/images/30e132285c2e960f.png,outputs/nips2017/nips2017_selected_20260714_195944/vim-small/ablation_and_no_verifier/sample_0297/images/final_selected.png,coated in fine dust,[],[],False,True
vim-small,298,32c0e4647ce5a812,326,742,326,316,True,True,0.5715464949607849,0.4284535050392151,0.5783119201660156,0.4216880798339844,data/nips2017/images/32c0e4647ce5a812.png,outputs/nips2017/nips2017_selected_20260714_195944/vim-small/ablation_and_no_verifier/sample_0298/images/final_selected.png,coated in fine dust,[],[],False,True
vim-small,299,33adbc27fdcadd65,923,715,923,941,True,True,0.8104536533355713,0.1895463466644287,0.7265307903289795,0.2734692096710205,data/nips2017/images/33adbc27fdcadd65.png,outputs/nips2017/nips2017_selected_20260714_195944/vim-small/ablation_and_no_verifier/sample_0299/images/final_selected.png,a photo of plate in the background,[923],"[""plate""]",False,True
vim-small,300,34a39905ce228160,768,751,768,981,True,True,0.8272910714149475,0.1727089285850525,0.8909132480621338,0.10908675193786621,data/nips2017/images/34a39905ce228160.png,outputs/nips2017/nips2017_selected_20260714_195944/vim-small/ablation_and_no_verifier/sample_0300/images/final_selected.png,place scene on dirt,[],[],False,True
vim-small,301,35c344ca0584ba14,687,830,687,884,True,True,0.13723823428153992,0.8627617657184601,0.327929824590683,0.672070175409317,data/nips2017/images/35c344ca0584ba14.png,outputs/nips2017/nips2017_selected_20260714_195944/vim-small/ablation_and_no_verifier/sample_0301/images/final_selected.png,place in vast cathedral,[],[],False,True
vim-small,302,35d67f3f70aeef92,979,581,979,974,True,True,0.7395352125167847,0.26046478748321533,0.675597608089447,0.324402391910553,data/nips2017/images/35d67f3f70aeef92.png,outputs/nips2017/nips2017_selected_20260714_195944/vim-small/ablation_and_no_verifier/sample_0302/images/final_selected.png,introduce soft haze,[],[],False,True
vim-small,303,37e7dc99bf2704c7,663,609,663,497,True,True,0.8574485778808594,0.14255142211914062,0.6740227937698364,0.3259772062301636,data/nips2017/images/37e7dc99bf2704c7.png,outputs/nips2017/nips2017_selected_20260714_195944/vim-small/ablation_and_no_verifier/sample_0303/images/final_selected.png,covered in aged patina,[],[],False,True
vim-small,304,38bdd950c1d08be6,132,890,132,974,True,True,0.8167369365692139,0.18326306343078613,0.807663083076477,0.19233691692352295,data/nips2017/images/38bdd950c1d08be6.png,outputs/nips2017/nips2017_selected_20260714_195944/vim-small/ablation_and_no_verifier/sample_0304/images/final_selected.png,add soft diffused light,[],[],False,True
vim-small,305,38c6124f40b8d845,895,18,895,404,True,True,0.8818737864494324,0.11812621355056763,0.76407790184021,0.23592209815979004,data/nips2017/images/38c6124f40b8d845.png,outputs/nips2017/nips2017_selected_20260714_195944/vim-small/ablation_and_no_verifier/sample_0305/images/final_selected.png,change lighting to sunset,[],[],False,True
vim-small,306,38d8d105d5e70c80,421,754,421,904,True,True,0.7550490498542786,0.24495095014572144,0.7183816432952881,0.2816183567047119,data/nips2017/images/38d8d105d5e70c80.png,outputs/nips2017/nips2017_selected_20260714_195944/vim-small/ablation_and_no_verifier/sample_0306/images/final_selected.png,a photo of bannister in the background,[421],"[""bannister""]",False,True
vim-small,307,38deb4830d12358f,979,935,979,119,True,True,0.8202787637710571,0.17972123622894287,0.8477439880371094,0.15225601196289062,data/nips2017/images/38deb4830d12358f.png,outputs/nips2017/nips2017_selected_20260714_195944/vim-small/ablation_and_no_verifier/sample_0307/images/final_selected.png,introduce soft haze,[],[],False,True
vim-small,308,038fd7a750733bb5,17,102,17,59,True,True,0.566696047782898,0.43330395221710205,0.3840906620025635,0.6159093379974365,data/nips2017/images/038fd7a750733bb5.png,outputs/nips2017/nips2017_selected_20260714_195944/vim-small/ablation_and_no_verifier/sample_0308/images/final_selected.png,coated in iridescent sheen,[],[],False,True
vim-small,309,39a483e9a23716ed,675,645,675,974,True,True,0.8500526547431946,0.14994734525680542,0.9149693846702576,0.08503061532974243,data/nips2017/images/39a483e9a23716ed.png,outputs/nips2017/nips2017_selected_20260714_195944/vim-small/ablation_and_no_verifier/sample_0309/images/final_selected.png,add light mist,[],[],False,True
vim-small,310,39f82c728c956125,637,761,637,572,True,True,0.8943504095077515,0.10564959049224854,0.43479248881340027,0.5652075111865997,data/nips2017/images/39f82c728c956125.png,outputs/nips2017/nips2017_selected_20260714_195944/vim-small/ablation_and_no_verifier/sample_0310/images/final_selected.png,coated in verdigris,[],[],False,True
vim-small,311,40a7f086461190f3,492,840,492,974,True,True,0.8241879343986511,0.17581206560134888,0.7709264159202576,0.22907358407974243,data/nips2017/images/40a7f086461190f3.png,outputs/nips2017/nips2017_selected_20260714_195944/vim-small/ablation_and_no_verifier/sample_0311/images/final_selected.png,place in dimly lit room,[],[],False,True
vim-small,312,40f79488e3c2d6c4,917,748,917,964,True,True,0.7584161162376404,0.24158388376235962,0.8121230006217957,0.18787699937820435,data/nips2017/images/40f79488e3c2d6c4.png,outputs/nips2017/nips2017_selected_20260714_195944/vim-small/ablation_and_no_verifier/sample_0312/images/final_selected.png,coated in aged parchment,[],[],False,True
vim-small,313,42e9b41ce96dbf0a,850,646,850,974,True,True,0.7473695874214172,0.25263041257858276,0.6730148792266846,0.32698512077331543,data/nips2017/images/42e9b41ce96dbf0a.png,outputs/nips2017/nips2017_selected_20260714_195944/vim-small/ablation_and_no_verifier/sample_0313/images/final_selected.png,coated in velvet fibers,[885],"[""velvet""]",False,True
vim-small,314,42e55ac6782d4d99,973,818,973,33,True,True,0.9430811405181885,0.05691885948181152,0.8811373710632324,0.11886262893676758,data/nips2017/images/42e55ac6782d4d99.png,outputs/nips2017/nips2017_selected_20260714_195944/vim-small/ablation_and_no_verifier/sample_0314/images/final_selected.png,dim the ambient light,[],[],False,True
vim-small,315,43fa89c17e628c06,132,884,132,131,True,True,0.9187945127487183,0.08120548725128174,0.9322319030761719,0.06776809692382812,data/nips2017/images/43fa89c17e628c06.png,outputs/nips2017/nips2017_selected_20260714_195944/vim-small/ablation_and_no_verifier/sample_0315/images/final_selected.png,introduce light haze,[],[],False,True
vim-small,317,44fa09bc5f8e69a5,303,989,303,302,True,True,0.5317452549934387,0.4682547450065613,0.6244660019874573,0.3755339980125427,data/nips2017/images/44fa09bc5f8e69a5.png,outputs/nips2017/nips2017_selected_20260714_195944/vim-small/ablation_and_no_verifier/sample_0317/images/final_selected.png,place in mossy undergrowth,[],[],False,True
vim-small,318,45da32a1cf073a4f,99,896,99,730,True,True,0.7410166263580322,0.2589833736419678,0.6986978054046631,0.3013021945953369,data/nips2017/images/45da32a1cf073a4f.png,outputs/nips2017/nips2017_selected_20260714_195944/vim-small/ablation_and_no_verifier/sample_0318/images/final_selected.png,covered in damp earth,[],[],False,True
vim-small,319,46a489dcff5471a4,919,589,919,743,True,True,0.048044878989458084,0.9519551210105419,0.2310113161802292,0.7689886838197708,data/nips2017/images/46a489dcff5471a4.png,outputs/nips2017/nips2017_selected_20260714_195944/vim-small/ablation_and_no_verifier/sample_0319/images/final_selected.png,place in industrial alley,[],[],False,True
vim-small,320,46b657df12fd7c26,283,723,283,290,True,True,0.5279831886291504,0.4720168113708496,0.2120821177959442,0.7879178822040558,data/nips2017/images/46b657df12fd7c26.png,outputs/nips2017/nips2017_selected_20260714_195944/vim-small/ablation_and_no_verifier/sample_0320/images/final_selected.png,coated in fine velvet,[885],"[""velvet""]",False,True
vim-small,321,47b087263b33728b,317,151,317,114,True,True,0.7728465795516968,0.22715342044830322,0.8252348899841309,0.17476511001586914,data/nips2017/images/47b087263b33728b.png,outputs/nips2017/nips2017_selected_20260714_195944/vim-small/ablation_and_no_verifier/sample_0321/images/final_selected.png,place on rough bark,[],[],False,True
vim-small,322,49b1adfeb8ffcabd,931,670,931,974,True,True,0.8863409161567688,0.1136590838432312,0.8366578817367554,0.16334211826324463,data/nips2017/images/49b1adfeb8ffcabd.png,outputs/nips2017/nips2017_selected_20260714_195944/vim-small/ablation_and_no_verifier/sample_0322/images/final_selected.png,a photo of bagel in the background,[931],"[""bagel""]",False,True
vim-small,323,49c27b439d39a00c,489,417,489,565,True,True,0.7950295805931091,0.20497041940689087,0.7034622430801392,0.29653775691986084,data/nips2017/images/49c27b439d39a00c.png,outputs/nips2017/nips2017_selected_20260714_195944/vim-small/ablation_and_no_verifier/sample_0323/images/final_selected.png,a photo of chainlink fence in the background,[489],"[""chainlink fence""]",False,True
vim-small,324,50b9e11ae686ae32,320,33,320,989,True,True,0.7761256098747253,0.22387439012527466,0.6949048042297363,0.30509519577026367,data/nips2017/images/50b9e11ae686ae32.png,outputs/nips2017/nips2017_selected_20260714_195944/vim-small/ablation_and_no_verifier/sample_0324/images/final_selected.png,a photo of damselfly in the background,[320],"[""damselfly""]",False,True
vim-small,325,51b390bb124a6d9d,967,421,967,659,True,True,0.7545020580291748,0.2454979419708252,0.6089589595794678,0.3910410404205322,data/nips2017/images/51b390bb124a6d9d.png,outputs/nips2017/nips2017_selected_20260714_195944/vim-small/ablation_and_no_verifier/sample_0325/images/final_selected.png,coated in fine sugar,[],[],False,True
vim-small,326,51d1c77f80467b59,976,537,976,354,True,True,0.09129321575164795,0.908706784248352,0.2800804674625397,0.7199195325374603,data/nips2017/images/51d1c77f80467b59.png,outputs/nips2017/nips2017_selected_20260714_195944/vim-small/ablation_and_no_verifier/sample_0326/images/final_selected.png,shift to arid plains,[],[],False,True
vim-small,327,52d8515abbfaa8ac,229,633,229,190,True,True,0.6029797792434692,0.39702022075653076,0.8077995181083679,0.19220048189163208,data/nips2017/images/52d8515abbfaa8ac.png,outputs/nips2017/nips2017_selected_20260714_195944/vim-small/ablation_and_no_verifier/sample_0327/images/final_selected.png,a photo of Old English sheepdog in the background,[229],"[""old english sheepdog""]",False,True
vim-small,328,53c478ffc8ddb967,319,612,319,73,True,True,0.6119179725646973,0.38808202743530273,0.4262514114379883,0.5737485885620117,data/nips2017/images/53c478ffc8ddb967.png,outputs/nips2017/nips2017_selected_20260714_195944/vim-small/ablation_and_no_verifier/sample_0328/images/final_selected.png,coated in pale moss,[],[],False,True
vim-small,329,53fe22426ff21243,535,778,535,70,True,True,0.8637083172798157,0.13629168272018433,0.8658658266067505,0.1341341733932495,data/nips2017/images/53fe22426ff21243.png,outputs/nips2017/nips2017_selected_20260714_195944/vim-small/ablation_and_no_verifier/sample_0329/images/final_selected.png,add light morning mist,[],[],False,True
vim-small,330,54a6b2cd7f89220e,917,170,917,964,True,True,0.8612177968025208,0.13878220319747925,0.7744314074516296,0.22556859254837036,data/nips2017/images/54a6b2cd7f89220e.png,outputs/nips2017/nips2017_selected_20260714_195944/vim-small/ablation_and_no_verifier/sample_0330/images/final_selected.png,coated in aged parchment,[],[],False,True
vim-small,331,54ff02d9dfbf8540,883,369,883,470,True,True,0.8636871576309204,0.1363128423690796,0.7380074858665466,0.26199251413345337,data/nips2017/images/54ff02d9dfbf8540.png,outputs/nips2017/nips2017_selected_20260714_195944/vim-small/ablation_and_no_verifier/sample_0331/images/final_selected.png,place in warm twilight,[],[],False,True
vim-small,332,55a2e48a87c16998,910,767,910,942,True,True,0.23477210104465485,0.7652278989553452,0.4500522315502167,0.5499477684497833,data/nips2017/images/55a2e48a87c16998.png,outputs/nips2017/nips2017_selected_20260714_195944/vim-small/ablation_and_no_verifier/sample_0332/images/final_selected.png,place in warm kitchen,[],[],False,True
vim-small,333,55b85f4336d9603a,879,29,879,723,True,True,0.9166502952575684,0.08334970474243164,0.8968755006790161,0.10312449932098389,data/nips2017/images/55b85f4336d9603a.png,outputs/nips2017/nips2017_selected_20260714_195944/vim-small/ablation_and_no_verifier/sample_0333/images/final_selected.png,place near wooden fence,[],[],False,True
vim-small,335,56dbd7d814ef5c58,253,276,253,211,True,True,0.5991862416267395,0.4008137583732605,0.5671671032905579,0.43283289670944214,data/nips2017/images/56dbd7d814ef5c58.png,outputs/nips2017/nips2017_selected_20260714_195944/vim-small/ablation_and_no_verifier/sample_0335/images/final_selected.png,introduce gentle mist,[],[],False,True
vim-small,336,56e9d5f63cfc507e,440,623,440,854,True,True,0.9278464317321777,0.07215356826782227,0.8999645709991455,0.10003542900085449,data/nips2017/images/56e9d5f63cfc507e.png,outputs/nips2017/nips2017_selected_20260714_195944/vim-small/ablation_and_no_verifier/sample_0336/images/final_selected.png,dim the ambient light,[],[],False,True
vim-small,337,57e62606f02d0251,547,645,547,565,True,True,0.9488775134086609,0.05112248659133911,0.9659276008605957,0.0340723991394043,data/nips2017/images/57e62606f02d0251.png,outputs/nips2017/nips2017_selected_20260714_195944/vim-small/ablation_and_no_verifier/sample_0337/images/final_selected.png,place near water,[],[],False,True
vim-small,339,58f0fd17c4a0e25a,990,99,990,936,True,True,0.8449757099151611,0.15502429008483887,0.7838448286056519,0.21615517139434814,data/nips2017/images/58f0fd17c4a0e25a.png,outputs/nips2017/nips2017_selected_20260714_195944/vim-small/ablation_and_no_verifier/sample_0339/images/final_selected.png,coated in pale lichen,[],[],False,True
vim-small,340,059da9a174262427,253,629,253,180,True,True,0.7297196984291077,0.27028030157089233,0.8580262660980225,0.14197373390197754,data/nips2017/images/059da9a174262427.png,outputs/nips2017/nips2017_selected_20260714_195944/vim-small/ablation_and_no_verifier/sample_0340/images/final_selected.png,add gentle haze,[],[],False,True
vim-small,341,59e9bdbb7a3fc4ba,517,406,517,698,True,True,0.9100528955459595,0.08994710445404053,0.8724406957626343,0.12755930423736572,data/nips2017/images/59e9bdbb7a3fc4ba.png,outputs/nips2017/nips2017_selected_20260714_195944/vim-small/ablation_and_no_verifier/sample_0341/images/final_selected.png,change lighting to dusk,[],[],False,True
vim-small,342,60ab0fb53634bc3c,765,551,765,974,True,True,0.9088373184204102,0.09116268157958984,0.9177781343460083,0.0822218656539917,data/nips2017/images/60ab0fb53634bc3c.png,outputs/nips2017/nips2017_selected_20260714_195944/vim-small/ablation_and_no_verifier/sample_0342/images/final_selected.png,introduce gentle mist,[],[],False,True
vim-small,343,060dfe239abfd547,703,395,703,706,True,True,0.8939887285232544,0.1060112714767456,0.8357840776443481,0.16421592235565186,data/nips2017/images/060dfe239abfd547.png,outputs/nips2017/nips2017_selected_20260714_195944/vim-small/ablation_and_no_verifier/sample_0343/images/final_selected.png,coated in aged bronze,[],[],False,True
vim-small,344,60ed157b21d49c4c,754,959,754,980,True,True,0.7266093492507935,0.27339065074920654,0.657173216342926,0.342826783657074,data/nips2017/images/60ed157b21d49c4c.png,outputs/nips2017/nips2017_selected_20260714_195944/vim-small/ablation_and_no_verifier/sample_0344/images/final_selected.png,a photo of radio in the background,[754],"[""radio""]",False,True
vim-small,346,61ed2594a0524631,471,995,471,974,True,True,0.837090015411377,0.16290998458862305,0.7605404257774353,0.2394595742225647,data/nips2017/images/61ed2594a0524631.png,outputs/nips2017/nips2017_selected_20260714_195944/vim-small/ablation_and_no_verifier/sample_0346/images/final_selected.png,introduce light mist,[],[],False,True
vim-small,347,62c7958e7cd80cca,401,756,401,699,True,True,0.841377854347229,0.158622145652771,0.8232103586196899,0.17678964138031006,data/nips2017/images/62c7958e7cd80cca.png,outputs/nips2017/nips2017_selected_20260714_195944/vim-small/ablation_and_no_verifier/sample_0347/images/final_selected.png,covered in aged wood,[],[],False,True
vim-small,348,62e0e0efc6deeef4,970,771,970,980,True,True,0.8735941052436829,0.12640589475631714,0.8558589220046997,0.1441410779953003,data/nips2017/images/62e0e0efc6deeef4.png,outputs/nips2017/nips2017_selected_20260714_195944/vim-small/ablation_and_no_verifier/sample_0348/images/final_selected.png,shift to twilight glow,[],[],False,True
vim-small,349,62ebd5f7ce015380,630,691,630,673,True,True,0.9195989370346069,0.08040106296539307,0.8539491295814514,0.14605087041854858,data/nips2017/images/62ebd5f7ce015380.png,outputs/nips2017/nips2017_selected_20260714_195944/vim-small/ablation_and_no_verifier/sample_0349/images/final_selected.png,change lighting to golden hour,[],[],False,True
vim-small,350,63f2e14ab6be82cf,667,693,667,400,True,True,0.311646044254303,0.688353955745697,0.34836602210998535,0.6516339778900146,data/nips2017/images/63f2e14ab6be82cf.png,outputs/nips2017/nips2017_selected_20260714_195944/vim-small/ablation_and_no_verifier/sample_0350/images/final_selected.png,place scene in hall,[],[],False,True
vim-small,351,064e1cc405062c85,107,134,107,973,True,True,0.0941915214061737,0.9058084785938263,0.351703941822052,0.648296058177948,data/nips2017/images/064e1cc405062c85.png,outputs/nips2017/nips2017_selected_20260714_195944/vim-small/ablation_and_no_verifier/sample_0351/images/final_selected.png,place in deep ocean trench,[],[],False,True
vim-small,352,64ed3f0e8a2dc320,652,409,652,645,True,True,0.5116313695907593,0.4883686304092407,0.7619520425796509,0.23804795742034912,data/nips2017/images/64ed3f0e8a2dc320.png,outputs/nips2017/nips2017_selected_20260714_195944/vim-small/ablation_and_no_verifier/sample_0352/images/final_selected.png,shift background to wide plaza,[],[],False,True
vim-small,353,65b8c8b065069802,665,378,665,730,True,True,0.9017914533615112,0.09820854663848877,0.5816974639892578,0.4183025360107422,data/nips2017/images/65b8c8b065069802.png,outputs/nips2017/nips2017_selected_20260714_195944/vim-small/ablation_and_no_verifier/sample_0353/images/final_selected.png,a photo of moped in the background,[665],"[""moped""]",False,True
vim-small,354,65c1808390bd18c5,685,586,685,409,True,True,0.46577781438827515,0.5342221856117249,0.476983904838562,0.523016095161438,data/nips2017/images/65c1808390bd18c5.png,outputs/nips2017/nips2017_selected_20260714_195944/vim-small/ablation_and_no_verifier/sample_0354/images/final_selected.png,place in dark garage,[],[],False,True
vim-small,355,66aa56675136bbab,469,606,469,618,True,True,0.8475077748298645,0.1524922251701355,0.3055126368999481,0.6944873631000519,data/nips2017/images/66aa56675136bbab.png,outputs/nips2017/nips2017_selected_20260714_195944/vim-small/ablation_and_no_verifier/sample_0355/images/final_selected.png,coated in verdigris patina,[],[],False,True
vim-small,356,67a08d685abf7fb6,738,709,738,559,True,True,0.7087883949279785,0.2912116050720215,0.7517995834350586,0.2482004165649414,data/nips2017/images/67a08d685abf7fb6.png,outputs/nips2017/nips2017_selected_20260714_195944/vim-small/ablation_and_no_verifier/sample_0356/images/final_selected.png,place in sunlit patio,[706],"[""patio""]",False,True
vim-small,357,67a52d9155241752,829,419,829,779,True,True,0.7684964537620544,0.23150354623794556,0.4470575451850891,0.5529424548149109,data/nips2017/images/67a52d9155241752.png,outputs/nips2017/nips2017_selected_20260714_195944/vim-small/ablation_and_no_verifier/sample_0357/images/final_selected.png,a photo of streetcar in the background,[829],"[""streetcar""]",False,True
vim-small,358,67c0339b1dfda5f6,557,495,557,693,True,True,0.6746532917022705,0.3253467082977295,0.7674738168716431,0.23252618312835693,data/nips2017/images/67c0339b1dfda5f6.png,outputs/nips2017/nips2017_selected_20260714_195944/vim-small/ablation_and_no_verifier/sample_0358/images/final_selected.png,a photo of flagpole in the background,[557],"[""flagpole""]",False,True
vim-small,359,67dd47336dc89421,817,948,817,976,True,True,0.7404212951660156,0.2595787048339844,0.6668863892555237,0.3331136107444763,data/nips2017/images/67dd47336dc89421.png,outputs/nips2017/nips2017_selected_20260714_195944/vim-small/ablation_and_no_verifier/sample_0359/images/final_selected.png,coated in metallic blue,[],[],False,True
vim-small,360,068c5d66662a837a,963,772,963,964,True,True,0.7733197808265686,0.2266802191734314,0.6972795724868774,0.30272042751312256,data/nips2017/images/068c5d66662a837a.png,outputs/nips2017/nips2017_selected_20260714_195944/vim-small/ablation_and_no_verifier/sample_0360/images/final_selected.png,add soft ambient light,[],[],False,True
vim-small,361,69a3493d13953e1f,519,406,519,860,True,True,0.8974637985229492,0.10253620147705078,0.7626223564147949,0.23737764358520508,data/nips2017/images/69a3493d13953e1f.png,outputs/nips2017/nips2017_selected_20260714_195944/vim-small/ablation_and_no_verifier/sample_0361/images/final_selected.png,coated in aged patina,[],[],False,True
vim-small,362,69a39406cb1d2ce5,475,45,475,332,True,True,0.8038051724433899,0.1961948275566101,0.8349956274032593,0.16500437259674072,data/nips2017/images/69a39406cb1d2ce5.png,outputs/nips2017/nips2017_selected_20260714_195944/vim-small/ablation_and_no_verifier/sample_0362/images/final_selected.png,introduce light mist,[],[],False,True
vim-small,363,70a2529a6b2c0d46,579,549,579,456,True,True,0.7467340230941772,0.25326597690582275,0.35784977674484253,0.6421502232551575,data/nips2017/images/70a2529a6b2c0d46.png,outputs/nips2017/nips2017_selected_20260714_195944/vim-small/ablation_and_no_verifier/sample_0363/images/final_selected.png,covered in aged patina,[],[],False,True
vim-small,364,70b3b833463d20b9,863,856,863,649,True,True,0.7863035202026367,0.21369647979736328,0.45512518286705017,0.5448748171329498,data/nips2017/images/70b3b833463d20b9.png,outputs/nips2017/nips2017_selected_20260714_195944/vim-small/ablation_and_no_verifier/sample_0364/images/final_selected.png,a photo of totem pole in the background,"[733,863]","[""pole"",""totem pole""]",False,True
vim-small,365,70b9b8ae11327472,10,982,10,92,True,True,0.8674495220184326,0.13255047798156738,0.8596646785736084,0.1403353214263916,data/nips2017/images/70b9b8ae11327472.png,outputs/nips2017/nips2017_selected_20260714_195944/vim-small/ablation_and_no_verifier/sample_0365/images/final_selected.png,add soft haze,[],[],False,True
vim-small,366,70d812d368e3e828,455,201,455,429,True,True,0.7731462121009827,0.22685378789901733,0.9036775827407837,0.09632241725921631,data/nips2017/images/70d812d368e3e828.png,outputs/nips2017/nips2017_selected_20260714_195944/vim-small/ablation_and_no_verifier/sample_0366/images/final_selected.png,add subtle mist,[],[],False,True
vim-small,368,71d368782c72e313,912,486,912,755,True,True,0.7058334350585938,0.29416656494140625,0.6635586619377136,0.3364413380622864,data/nips2017/images/71d368782c72e313.png,outputs/nips2017/nips2017_selected_20260714_195944/vim-small/ablation_and_no_verifier/sample_0368/images/final_selected.png,coated in dark moss,[],[],False,True
vim-small,369,72ac2a5af79e26d5,717,861,717,595,True,True,0.7165595293045044,0.2834404706954956,0.7731838822364807,0.2268161177635193,data/nips2017/images/72ac2a5af79e26d5.png,outputs/nips2017/nips2017_selected_20260714_195944/vim-small/ablation_and_no_verifier/sample_0369/images/final_selected.png,shift setting to open field,[],[],False,True
vim-small,370,72d85232abd98067,470,598,470,803,True,True,0.7983497381210327,0.20165026187896729,0.7104742527008057,0.28952574729919434,data/nips2017/images/72d85232abd98067.png,outputs/nips2017/nips2017_selected_20260714_195944/vim-small/ablation_and_no_verifier/sample_0370/images/final_selected.png,introduce gentle breeze,[],[],False,True
vim-small,371,72e6ba0cc7fb30a6,874,833,874,829,True,True,0.6396312713623047,0.3603687286376953,0.7558963298797607,0.24410367012023926,data/nips2017/images/72e6ba0cc7fb30a6.png,outputs/nips2017/nips2017_selected_20260714_195944/vim-small/ablation_and_no_verifier/sample_0371/images/final_selected.png,place in urban plaza,[],[],False,True
vim-small,372,72f96c6dc5df2de8,884,783,884,663,True,True,0.7131138443946838,0.28688615560531616,0.7300625443458557,0.2699374556541443,data/nips2017/images/72f96c6dc5df2de8.png,outputs/nips2017/nips2017_selected_20260714_195944/vim-small/ablation_and_no_verifier/sample_0372/images/final_selected.png,shift to midday sun,[],[],False,True
vim-small,373,73a52afd2f818ed5,438,695,438,427,True,True,0.5737830996513367,0.42621690034866333,0.45332637429237366,0.5466736257076263,data/nips2017/images/73a52afd2f818ed5.png,outputs/nips2017/nips2017_selected_20260714_195944/vim-small/ablation_and_no_verifier/sample_0373/images/final_selected.png,place in laboratory setting,[],[],False,True
vim-small,375,74b2e35cda75fe27,628,465,628,724,True,True,0.5794599652290344,0.4205400347709656,0.5716926455497742,0.42830735445022583,data/nips2017/images/74b2e35cda75fe27.png,outputs/nips2017/nips2017_selected_20260714_195944/vim-small/ablation_and_no_verifier/sample_0375/images/final_selected.png,a photo of liner in the background,[628],"[""liner""]",False,True
vim-small,377,74bfc95412b2f824,671,654,671,332,True,True,0.9239292144775391,0.07607078552246094,0.9133366346359253,0.08666336536407471,data/nips2017/images/74bfc95412b2f824.png,outputs/nips2017/nips2017_selected_20260714_195944/vim-small/ablation_and_no_verifier/sample_0377/images/final_selected.png,add gentle morning mist,[],[],False,True
vim-small,378,74dbbe535861d709,701,193,701,905,True,True,0.3606327772140503,0.6393672227859497,0.49011874198913574,0.5098812580108643,data/nips2017/images/74dbbe535861d709.png,outputs/nips2017/nips2017_selected_20260714_195944/vim-small/ablation_and_no_verifier/sample_0378/images/final_selected.png,coated in weathered canvas,[],[],False,True
vim-small,379,76a5715019fe11c7,820,767,820,866,True,True,0.7764347791671753,0.2235652208328247,0.46911847591400146,0.5308815240859985,data/nips2017/images/76a5715019fe11c7.png,outputs/nips2017/nips2017_selected_20260714_195944/vim-small/ablation_and_no_verifier/sample_0379/images/final_selected.png,a photo of steam locomotive in the background,[820],"[""steam locomotive""]",False,True
vim-small,380,76d7e2d1bf3a31fe,311,731,311,315,True,True,0.5611581802368164,0.4388418197631836,0.7745800018310547,0.2254199981689453,data/nips2017/images/76d7e2d1bf3a31fe.png,outputs/nips2017/nips2017_selected_20260714_195944/vim-small/ablation_and_no_verifier/sample_0380/images/final_selected.png,a photo of grasshopper in the background,[311],"[""grasshopper""]",False,True
vim-small,381,76db169867bf2e9d,963,907,963,923,True,True,0.8667197227478027,0.13328027725219727,0.9239263534545898,0.07607364654541016,data/nips2017/images/76db169867bf2e9d.png,outputs/nips2017/nips2017_selected_20260714_195944/vim-small/ablation_and_no_verifier/sample_0381/images/final_selected.png,place on dark wood,[],[],False,True
vim-small,382,77ac8bf95825dfcc,634,727,634,652,True,True,0.7113088369369507,0.2886911630630493,0.5748732089996338,0.4251267910003662,data/nips2017/images/77ac8bf95825dfcc.png,outputs/nips2017/nips2017_selected_20260714_195944/vim-small/ablation_and_no_verifier/sample_0382/images/final_selected.png,coated in damp moss,[],[],False,True
vim-small,383,77c72d0a01e1af70,427,835,427,534,True,True,0.8938124179840088,0.10618758201599121,0.5971548557281494,0.4028451442718506,data/nips2017/images/77c72d0a01e1af70.png,outputs/nips2017/nips2017_selected_20260714_195944/vim-small/ablation_and_no_verifier/sample_0383/images/final_selected.png,place in dim cellar,[],[],False,True
vim-small,384,79a5625805a08253,765,804,765,706,True,True,0.35776734352111816,0.6422326564788818,0.5889307260513306,0.41106927394866943,data/nips2017/images/79a5625805a08253.png,outputs/nips2017/nips2017_selected_20260714_195944/vim-small/ablation_and_no_verifier/sample_0384/images/final_selected.png,place in sunlit patio,[706],"[""patio""]",True,False
vim-small,385,79f953be91aa8ce2,659,587,659,729,True,True,0.7235772609710693,0.27642273902893066,0.4799407124519348,0.5200592875480652,data/nips2017/images/79f953be91aa8ce2.png,outputs/nips2017/nips2017_selected_20260714_195944/vim-small/ablation_and_no_verifier/sample_0385/images/final_selected.png,place in bright kitchen,[],[],False,True
vim-small,386,79fa9855119ffeea,478,505,478,551,True,True,0.6171284914016724,0.38287150859832764,0.7626141309738159,0.23738586902618408,data/nips2017/images/79fa9855119ffeea.png,outputs/nips2017/nips2017_selected_20260714_195944/vim-small/ablation_and_no_verifier/sample_0386/images/final_selected.png,a photo of carton in the background,[478],"[""carton""]",False,True
vim-small,387,080bec22a6b1d37d,759,817,759,961,True,True,0.7947870492935181,0.20521295070648193,0.7293096780776978,0.27069032192230225,data/nips2017/images/080bec22a6b1d37d.png,outputs/nips2017/nips2017_selected_20260714_195944/vim-small/ablation_and_no_verifier/sample_0387/images/final_selected.png,a photo of reflex camera in the background,[759],"[""reflex camera""]",False,True
vim-small,388,81a7637c67f4f777,489,835,489,743,True,True,0.48110872507095337,0.5188912749290466,0.45039480924606323,0.5496051907539368,data/nips2017/images/81a7637c67f4f777.png,outputs/nips2017/nips2017_selected_20260714_195944/vim-small/ablation_and_no_verifier/sample_0388/images/final_selected.png,a photo of chainlink fence in the background,[489],"[""chainlink fence""]",False,True
vim-small,389,81ddbe14219e9dcf,317,671,317,311,True,True,0.5309829711914062,0.46901702880859375,0.7354372143745422,0.26456278562545776,data/nips2017/images/81ddbe14219e9dcf.png,outputs/nips2017/nips2017_selected_20260714_195944/vim-small/ablation_and_no_verifier/sample_0389/images/final_selected.png,shift to open field,[],[],False,True
vim-small,390,82b6f0bc71f5d0af,562,577,562,580,True,True,0.9230520725250244,0.07694792747497559,0.7900993824005127,0.2099006175994873,data/nips2017/images/82b6f0bc71f5d0af.png,outputs/nips2017/nips2017_selected_20260714_195944/vim-small/ablation_and_no_verifier/sample_0390/images/final_selected.png,coated in aged stone,[],[],False,True
vim-small,391,82e2334925339ef8,817,768,817,479,True,True,0.8641238808631897,0.1358761191368103,0.8077404499053955,0.1922595500946045,data/nips2017/images/82e2334925339ef8.png,outputs/nips2017/nips2017_selected_20260714_195944/vim-small/ablation_and_no_verifier/sample_0391/images/final_selected.png,a photo of sports car in the background,[817],"[""sports car""]",False,True
vim-small,392,83d35591dfff99ac,580,856,580,818,True,True,0.7443427443504333,0.25565725564956665,0.7036834955215454,0.2963165044784546,data/nips2017/images/83d35591dfff99ac.png,outputs/nips2017/nips2017_selected_20260714_195944/vim-small/ablation_and_no_verifier/sample_0392/images/final_selected.png,a photo of greenhouse in the background,[580],"[""greenhouse""]",False,True
vim-small,393,84a5f6ee2af29208,320,512,320,319,True,True,0.858132004737854,0.141867995262146,0.6690245866775513,0.33097541332244873,data/nips2017/images/84a5f6ee2af29208.png,outputs/nips2017/nips2017_selected_20260714_195944/vim-small/ablation_and_no_verifier/sample_0393/images/final_selected.png,coated in fine dust,[],[],False,True
vim-small,394,84af93c72781b7f0,437,781,437,888,True,True,0.08033163845539093,0.9196683615446091,0.19146887958049774,0.8085311204195023,data/nips2017/images/84af93c72781b7f0.png,outputs/nips2017/nips2017_selected_20260714_195944/vim-small/ablation_and_no_verifier/sample_0394/images/final_selected.png,shift to rolling hills,[],[],False,True
vim-small,395,85e2eea48d912d31,805,135,805,671,True,True,0.7289924025535583,0.27100759744644165,0.6885730028152466,0.3114269971847534,data/nips2017/images/85e2eea48d912d31.png,outputs/nips2017/nips2017_selected_20260714_195944/vim-small/ablation_and_no_verifier/sample_0395/images/final_selected.png,covered in fine dust,[],[],False,True
vim-small,396,87a2147620d5e1cb,779,289,779,874,True,True,0.899766206741333,0.10023379325866699,0.6865581274032593,0.3134418725967407,data/nips2017/images/87a2147620d5e1cb.png,outputs/nips2017/nips2017_selected_20260714_195944/vim-small/ablation_and_no_verifier/sample_0396/images/final_selected.png,coated in dull chrome,[],[],False,True
vim-small,397,87fcc5f70673d3d2,698,158,698,538,True,True,0.793226420879364,0.206773579120636,0.5788323879241943,0.42116761207580566,data/nips2017/images/87fcc5f70673d3d2.png,outputs/nips2017/nips2017_selected_20260714_195944/vim-small/ablation_and_no_verifier/sample_0397/images/final_selected.png,shift to twilight hour,[],[],False,True
vim-small,398,89d60f53d478c4f7,667,434,667,964,True,True,0.7626520991325378,0.23734790086746216,0.46853816509246826,0.5314618349075317,data/nips2017/images/89d60f53d478c4f7.png,outputs/nips2017/nips2017_selected_20260714_195944/vim-small/ablation_and_no_verifier/sample_0398/images/final_selected.png,coated in aged parchment,[],[],False,True
vim-small,399,89d8361c6bfe905c,603,50,603,698,True,True,0.8385372161865234,0.16146278381347656,0.7627837657928467,0.23721623420715332,data/nips2017/images/89d8361c6bfe905c.png,outputs/nips2017/nips2017_selected_20260714_195944/vim-small/ablation_and_no_verifier/sample_0399/images/final_selected.png,change lighting to dusk,[],[],False,True
vim-small,400,89f48bcf97aa6600,417,69,417,974,True,True,0.8764840364456177,0.12351596355438232,0.8497927188873291,0.1502072811126709,data/nips2017/images/89f48bcf97aa6600.png,outputs/nips2017/nips2017_selected_20260714_195944/vim-small/ablation_and_no_verifier/sample_0400/images/final_selected.png,add gentle haze,[],[],False,True
vim-small,403,90e1aa56cae80a60,917,416,917,964,True,True,0.9490360021591187,0.05096399784088135,0.9217067360877991,0.07829326391220093,data/nips2017/images/90e1aa56cae80a60.png,outputs/nips2017/nips2017_selected_20260714_195944/vim-small/ablation_and_no_verifier/sample_0403/images/final_selected.png,place on aged parchment,[],[],False,True
vim-small,405,90e11aa7c36c64f2,949,0,949,700,True,True,0.6610565185546875,0.3389434814453125,0.6337968707084656,0.3662031292915344,data/nips2017/images/90e11aa7c36c64f2.png,outputs/nips2017/nips2017_selected_20260714_195944/vim-small/ablation_and_no_verifier/sample_0405/images/final_selected.png,a photo of strawberry in the background,[949],"[""strawberry""]",False,True
vim-small,406,90f5385a77a49f77,703,904,703,756,True,True,0.7826746702194214,0.2173253297805786,0.7002236247062683,0.2997763752937317,data/nips2017/images/90f5385a77a49f77.png,outputs/nips2017/nips2017_selected_20260714_195944/vim-small/ablation_and_no_verifier/sample_0406/images/final_selected.png,place in sunlit meadow,[],[],False,True
vim-small,407,91d18b353d5b3be2,930,25,930,599,True,True,0.9717552065849304,0.02824479341506958,0.9741929769515991,0.02580702304840088,data/nips2017/images/91d18b353d5b3be2.png,outputs/nips2017/nips2017_selected_20260714_195944/vim-small/ablation_and_no_verifier/sample_0407/images/final_selected.png,add subtle morning mist,[],[],False,True
vim-small,408,92c3f5e99d8ac862,663,361,663,562,True,True,0.9077386856079102,0.09226131439208984,0.8982769846916199,0.10172301530838013,data/nips2017/images/92c3f5e99d8ac862.png,outputs/nips2017/nips2017_selected_20260714_195944/vim-small/ablation_and_no_verifier/sample_0408/images/final_selected.png,introduce light drizzle,[],[],False,True
vim-small,409,92c73d668e2cd3ce,858,581,858,698,True,True,0.8380086421966553,0.16199135780334473,0.6904257535934448,0.3095742464065552,data/nips2017/images/92c73d668e2cd3ce.png,outputs/nips2017/nips2017_selected_20260714_195944/vim-small/ablation_and_no_verifier/sample_0409/images/final_selected.png,coated in aged patina,[],[],False,True
vim-small,410,92dbb18dd447fd75,489,193,489,738,True,True,0.6817918419837952,0.31820815801620483,0.5244985818862915,0.4755014181137085,data/nips2017/images/92dbb18dd447fd75.png,outputs/nips2017/nips2017_selected_20260714_195944/vim-small/ablation_and_no_verifier/sample_0410/images/final_selected.png,a photo of chainlink fence in the background,[489],"[""chainlink fence""]",False,True
vim-small,412,95d1a6be6786190f,890,982,890,805,True,True,0.9033078551292419,0.09669214487075806,0.8709052205085754,0.12909477949142456,data/nips2017/images/95d1a6be6786190f.png,outputs/nips2017/nips2017_selected_20260714_195944/vim-small/ablation_and_no_verifier/sample_0412/images/final_selected.png,change lighting to dusk,[],[],False,True
vim-small,413,95d6a4087f394d8b,749,540,749,767,True,True,0.7622567415237427,0.23774325847625732,0.4991898834705353,0.5008101165294647,data/nips2017/images/95d6a4087f394d8b.png,outputs/nips2017/nips2017_selected_20260714_195944/vim-small/ablation_and_no_verifier/sample_0413/images/final_selected.png,coated in pale dust,[],[],False,True
vim-small,414,95fbd20d0aaf319a,825,299,825,649,True,True,0.7896754741668701,0.21032452583312988,0.7253068685531616,0.2746931314468384,data/nips2017/images/95fbd20d0aaf319a.png,outputs/nips2017/nips2017_selected_20260714_195944/vim-small/ablation_and_no_verifier/sample_0414/images/final_selected.png,place in dry desert,[],[],False,True
vim-small,415,96e77c20bf94ecb1,817,517,817,974,True,True,0.9620634317398071,0.03793656826019287,0.9522049427032471,0.04779505729675293,data/nips2017/images/96e77c20bf94ecb1.png,outputs/nips2017/nips2017_selected_20260714_195944/vim-small/ablation_and_no_verifier/sample_0415/images/final_selected.png,add light mist,[],[],False,True
vim-small,416,96fcb76927274db6,471,315,471,974,True,True,0.8663893342018127,0.13361066579818726,0.8911101818084717,0.10888981819152832,data/nips2017/images/96fcb76927274db6.png,outputs/nips2017/nips2017_selected_20260714_195944/vim-small/ablation_and_no_verifier/sample_0416/images/final_selected.png,a photo of cannon in the background,[471],"[""cannon""]",False,True
vim-small,417,99f175132cd1c6e2,933,458,933,729,True,True,0.520136833190918,0.47986316680908203,0.5974910259246826,0.4025089740753174,data/nips2017/images/99f175132cd1c6e2.png,outputs/nips2017/nips2017_selected_20260714_195944/vim-small/ablation_and_no_verifier/sample_0417/images/final_selected.png,place in rustic kitchen,[],[],False,True
vim-small,418,114c98c078c5aab0,49,107,49,974,True,True,0.899207592010498,0.10079240798950195,0.8803379535675049,0.11966204643249512,data/nips2017/images/114c98c078c5aab0.png,outputs/nips2017/nips2017_selected_20260714_195944/vim-small/ablation_and_no_verifier/sample_0418/images/final_selected.png,introduce light mist,[],[],False,True
vim-small,419,121c87c3c822e2c5,458,385,458,640,True,True,0.905031681060791,0.09496831893920898,0.5662870407104492,0.4337129592895508,data/nips2017/images/121c87c3c822e2c5.png,outputs/nips2017/nips2017_selected_20260714_195944/vim-small/ablation_and_no_verifier/sample_0419/images/final_selected.png,coated in verdigris patina,[],[],False,True
vim-small,420,128fca690a11f68c,97,784,97,337,True,True,0.844245433807373,0.15575456619262695,0.7622517347335815,0.23774826526641846,data/nips2017/images/128fca690a11f68c.png,outputs/nips2017/nips2017_selected_20260714_195944/vim-small/ablation_and_no_verifier/sample_0420/images/final_selected.png,coated in damp moss,[],[],False,True
vim-small,421,0134ba03294509a1,981,354,981,701,True,True,0.8987232446670532,0.10127675533294678,0.825023353099823,0.174976646900177,data/nips2017/images/0134ba03294509a1.png,outputs/nips2017/nips2017_selected_20260714_195944/vim-small/ablation_and_no_verifier/sample_0421/images/final_selected.png,shift to twilight stadium,[],[],False,True
vim-small,422,134bfd93a04b88b2,580,961,580,66,True,True,0.43403559923171997,0.56596440076828,0.6029715538024902,0.39702844619750977,data/nips2017/images/134bfd93a04b88b2.png,outputs/nips2017/nips2017_selected_20260714_195944/vim-small/ablation_and_no_verifier/sample_0422/images/final_selected.png,place in arid landscape,[],[],False,True
vim-small,423,137ab6ca314e9e35,619,555,619,624,True,True,0.08281891793012619,0.9171810820698738,0.3599218726158142,0.6400781273841858,data/nips2017/images/137ab6ca314e9e35.png,outputs/nips2017/nips2017_selected_20260714_195944/vim-small/ablation_and_no_verifier/sample_0423/images/final_selected.png,place in antique study,[],[],False,True
vim-small,424,143c74a57326fd40,421,422,421,646,True,True,0.12596148252487183,0.8740385174751282,0.3315225839614868,0.6684774160385132,data/nips2017/images/143c74a57326fd40.png,outputs/nips2017/nips2017_selected_20260714_195944/vim-small/ablation_and_no_verifier/sample_0424/images/final_selected.png,place in open field,[],[],False,True
vim-small,425,172f992e1a0ebbc3,565,491,565,705,True,True,0.6846722364425659,0.3153277635574341,0.6655679941177368,0.3344320058822632,data/nips2017/images/172f992e1a0ebbc3.png,outputs/nips2017/nips2017_selected_20260714_195944/vim-small/ablation_and_no_verifier/sample_0425/images/final_selected.png,a photo of freight car in the background,[565],"[""freight car""]",False,True
vim-small,426,184a160b32ff4c72,517,716,517,536,True,True,0.8167504072189331,0.1832495927810669,0.8602280616760254,0.1397719383239746,data/nips2017/images/184a160b32ff4c72.png,outputs/nips2017/nips2017_selected_20260714_195944/vim-small/ablation_and_no_verifier/sample_0426/images/final_selected.png,introduce light mist,[],[],False,True
vim-small,427,207fd3b5def218d1,990,278,990,332,True,True,0.9244880676269531,0.07551193237304688,0.9121897220611572,0.08781027793884277,data/nips2017/images/207fd3b5def218d1.png,outputs/nips2017/nips2017_selected_20260714_195944/vim-small/ablation_and_no_verifier/sample_0427/images/final_selected.png,introduce soft humidity,[],[],False,True
vim-small,428,0212aa8aa912ee45,326,415,326,989,True,True,0.7571213245391846,0.24287867546081543,0.7324786186218262,0.26752138137817383,data/nips2017/images/0212aa8aa912ee45.png,outputs/nips2017/nips2017_selected_20260714_195944/vim-small/ablation_and_no_verifier/sample_0428/images/final_selected.png,coated in fine dust,[],[],False,True
vim-small,429,218e02b6cfa0466e,698,216,698,399,True,True,0.9072771668434143,0.0927228331565857,0.8878611922264099,0.11213880777359009,data/nips2017/images/218e02b6cfa0466e.png,outputs/nips2017/nips2017_selected_20260714_195944/vim-small/ablation_and_no_verifier/sample_0429/images/final_selected.png,introduce light mist,[],[],False,True
vim-small,430,225e06c2dfa68a62,881,944,881,687,True,True,0.7907508611679077,0.20924913883209229,0.6781221032142639,0.3218778967857361,data/nips2017/images/225e06c2dfa68a62.png,outputs/nips2017/nips2017_selected_20260714_195944/vim-small/ablation_and_no_verifier/sample_0430/images/final_selected.png,place in dim workshop,[],[],False,True
vim-small,431,228fec6cab5f560d,973,930,973,33,True,True,0.9462016820907593,0.05379831790924072,0.7928172945976257,0.20718270540237427,data/nips2017/images/228fec6cab5f560d.png,outputs/nips2017/nips2017_selected_20260714_195944/vim-small/ablation_and_no_verifier/sample_0431/images/final_selected.png,dim the ambient light,[],[],False,True
vim-small,432,229fbe790098d2e5,480,575,480,743,True,True,0.4348244071006775,0.5651755928993225,0.5577928423881531,0.4422071576118469,data/nips2017/images/229fbe790098d2e5.png,outputs/nips2017/nips2017_selected_20260714_195944/vim-small/ablation_and_no_verifier/sample_0432/images/final_selected.png,place in dimly lit corridor,[],[],False,True
vim-small,433,232c22314e21f764,114,903,114,419,True,True,0.2512059509754181,0.7487940490245819,0.2721216380596161,0.7278783619403839,data/nips2017/images/232c22314e21f764.png,outputs/nips2017/nips2017_selected_20260714_195944/vim-small/ablation_and_no_verifier/sample_0433/images/final_selected.png,a photo of slug in the background,[114],"[""slug""]",False,True
vim-small,434,263c7bcd59502625,479,650,479,518,True,True,0.9386745095252991,0.06132549047470093,0.9260320663452148,0.07396793365478516,data/nips2017/images/263c7bcd59502625.png,outputs/nips2017/nips2017_selected_20260714_195944/vim-small/ablation_and_no_verifier/sample_0434/images/final_selected.png,add light mist effect,[],[],False,True
vim-small,435,00312c7e7196baf4,326,219,326,322,True,True,0.9047277569770813,0.0952722430229187,0.8640154600143433,0.13598453998565674,data/nips2017/images/00312c7e7196baf4.png,outputs/nips2017/nips2017_selected_20260714_195944/vim-small/ablation_and_no_verifier/sample_0435/images/final_selected.png,introduce gentle haze,[],[],False,True
vim-small,437,315e55af9615abd2,346,105,346,730,True,True,0.6162154674530029,0.38378453254699707,0.6032088994979858,0.39679110050201416,data/nips2017/images/315e55af9615abd2.png,outputs/nips2017/nips2017_selected_20260714_195944/vim-small/ablation_and_no_verifier/sample_0437/images/final_selected.png,coated in dusty earth,[],[],False,True
vim-small,439,328d99215b19c8c7,805,925,805,768,True,True,0.8887232542037964,0.11127674579620361,0.8598575592041016,0.14014244079589844,data/nips2017/images/328d99215b19c8c7.png,outputs/nips2017/nips2017_selected_20260714_195944/vim-small/ablation_and_no_verifier/sample_0439/images/final_selected.png,covered in matte finish,[],[],False,True
vim-small,440,330b9cb3cd80c88b,533,430,533,748,True,True,0.18279814720153809,0.8172018527984619,0.42192208766937256,0.5780779123306274,data/nips2017/images/330b9cb3cd80c88b.png,outputs/nips2017/nips2017_selected_20260714_195944/vim-small/ablation_and_no_verifier/sample_0440/images/final_selected.png,coated in fine sand,[],[],False,True
vim-small,441,335e604bbe3eec78,311,686,311,312,True,True,0.7750731706619263,0.22492682933807373,0.7124893665313721,0.28751063346862793,data/nips2017/images/335e604bbe3eec78.png,outputs/nips2017/nips2017_selected_20260714_195944/vim-small/ablation_and_no_verifier/sample_0441/images/final_selected.png,a photo of grasshopper in the background,[311],"[""grasshopper""]",False,True
vim-small,442,346c5575b60194c3,948,624,948,951,True,True,0.8467984795570374,0.15320152044296265,0.7956545948982239,0.20434540510177612,data/nips2017/images/346c5575b60194c3.png,outputs/nips2017/nips2017_selected_20260714_195944/vim-small/ablation_and_no_verifier/sample_0442/images/final_selected.png,change lighting to golden hour,[],[],False,True
vim-small,443,348ac56def3ccd35,915,532,915,958,True,True,0.5927268862724304,0.4072731137275696,0.5195934176445007,0.48040658235549927,data/nips2017/images/348ac56def3ccd35.png,outputs/nips2017/nips2017_selected_20260714_195944/vim-small/ablation_and_no_verifier/sample_0443/images/final_selected.png,covered in woven straw,[],[],False,True
vim-small,444,362e4ac62cf888f4,572,35,572,828,True,True,0.7620420455932617,0.23795795440673828,0.5250502824783325,0.4749497175216675,data/nips2017/images/362e4ac62cf888f4.png,outputs/nips2017/nips2017_selected_20260714_195944/vim-small/ablation_and_no_verifier/sample_0444/images/final_selected.png,coated in pale jade,[],[],False,True
vim-small,445,393d40f3a6a79400,327,845,327,961,True,True,0.4936380386352539,0.5063619613647461,0.43082618713378906,0.5691738128662109,data/nips2017/images/393d40f3a6a79400.png,outputs/nips2017/nips2017_selected_20260714_195944/vim-small/ablation_and_no_verifier/sample_0445/images/final_selected.png,a photo of starfish in the background,[327],"[""starfish""]",False,True
vim-small,446,405dd60729a8c18d,847,495,847,974,True,True,0.9250769019126892,0.07492309808731079,0.9002790451049805,0.09972095489501953,data/nips2017/images/405dd60729a8c18d.png,outputs/nips2017/nips2017_selected_20260714_195944/vim-small/ablation_and_no_verifier/sample_0446/images/final_selected.png,add light mist,[],[],False,True
vim-small,447,408bae58c26a8076,132,760,132,140,True,True,0.8864694833755493,0.11353051662445068,0.8319343328475952,0.16806566715240479,data/nips2017/images/408bae58c26a8076.png,outputs/nips2017/nips2017_selected_20260714_195944/vim-small/ablation_and_no_verifier/sample_0447/images/final_selected.png,change light to golden hour,[],[],False,True
vim-small,448,411c5d79017077f4,81,676,81,80,True,True,0.6423139572143555,0.35768604278564453,0.5946120619773865,0.4053879380226135,data/nips2017/images/411c5d79017077f4.png,outputs/nips2017/nips2017_selected_20260714_195944/vim-small/ablation_and_no_verifier/sample_0448/images/final_selected.png,a photo of ptarmigan in the background,[81],"[""ptarmigan""]",False,True
vim-small,449,0411ca972e637297,967,696,967,968,True,True,0.6486520767211914,0.3513479232788086,0.430189311504364,0.569810688495636,data/nips2017/images/0411ca972e637297.png,outputs/nips2017/nips2017_selected_20260714_195944/vim-small/ablation_and_no_verifier/sample_0449/images/final_selected.png,dim the ambient light,[],[],False,True
vim-small,450,422d08407aeed1be,113,43,113,988,True,True,0.7783495187759399,0.22165048122406006,0.5658749341964722,0.43412506580352783,data/nips2017/images/422d08407aeed1be.png,outputs/nips2017/nips2017_selected_20260714_195944/vim-small/ablation_and_no_verifier/sample_0450/images/final_selected.png,coated in fine algae,[],[],False,True
vim-small,451,446b24f903b488fc,143,838,143,128,True,True,0.7467803955078125,0.2532196044921875,0.7168074250221252,0.28319257497787476,data/nips2017/images/446b24f903b488fc.png,outputs/nips2017/nips2017_selected_20260714_195944/vim-small/ablation_and_no_verifier/sample_0451/images/final_selected.png,coated in damp moss,[],[],False,True
vim-small,452,446f75fdea0e1da0,921,200,921,446,True,True,0.7902331948280334,0.20976680517196655,0.8389520645141602,0.16104793548583984,data/nips2017/images/446f75fdea0e1da0.png,outputs/nips2017/nips2017_selected_20260714_195944/vim-small/ablation_and_no_verifier/sample_0452/images/final_selected.png,place in warm sunlight,[],[],False,True
vim-small,454,477bf90e7413df23,541,835,541,974,True,True,0.6394997835159302,0.3605002164840698,0.8487095832824707,0.1512904167175293,data/nips2017/images/477bf90e7413df23.png,outputs/nips2017/nips2017_selected_20260714_195944/vim-small/ablation_and_no_verifier/sample_0454/images/final_selected.png,introduce light mist,[],[],False,True
vim-small,455,490df9e021386d29,404,350,404,895,True,True,0.9364826083183289,0.06351739168167114,0.6300333142280579,0.36996668577194214,data/nips2017/images/490df9e021386d29.png,outputs/nips2017/nips2017_selected_20260714_195944/vim-small/ablation_and_no_verifier/sample_0455/images/final_selected.png,coated in dark grey,[],[],False,True
vim-small,456,493e327b171ab0c3,830,855,830,582,True,True,0.8259948492050171,0.1740051507949829,0.5245223045349121,0.4754776954650879,data/nips2017/images/493e327b171ab0c3.png,outputs/nips2017/nips2017_selected_20260714_195944/vim-small/ablation_and_no_verifier/sample_0456/images/final_selected.png,covered in worn canvas,[],[],False,True
vim-small,458,510e5062fef4a993,630,292,630,884,True,True,0.022395601496100426,0.9776043985038996,0.2929500341415405,0.7070499658584595,data/nips2017/images/510e5062fef4a993.png,outputs/nips2017/nips2017_selected_20260714_195944/vim-small/ablation_and_no_verifier/sample_0458/images/final_selected.png,place in stone corridor,[],[],False,True
vim-small,459,513b3032ed1f388c,113,541,113,974,True,True,0.7522289156913757,0.24777108430862427,0.8670095205307007,0.13299047946929932,data/nips2017/images/513b3032ed1f388c.png,outputs/nips2017/nips2017_selected_20260714_195944/vim-small/ablation_and_no_verifier/sample_0459/images/final_selected.png,coated in fine grit,[],[],False,True
vim-small,461,517dc655edeaf344,429,919,429,980,True,True,0.6913147568702698,0.3086852431297302,0.7896047234535217,0.21039527654647827,data/nips2017/images/517dc655edeaf344.png,outputs/nips2017/nips2017_selected_20260714_195944/vim-small/ablation_and_no_verifier/sample_0461/images/final_selected.png,a photo of baseball in the background,[429],"[""baseball""]",False,True
vim-small,462,526f322d78bd5b44,570,287,570,643,True,True,0.8962701559066772,0.10372984409332275,0.5870423913002014,0.4129576086997986,data/nips2017/images/526f322d78bd5b44.png,outputs/nips2017/nips2017_selected_20260714_195944/vim-small/ablation_and_no_verifier/sample_0462/images/final_selected.png,covered in tarnished brass,[458],"[""brass""]",False,True
vim-small,463,542c07e8bf8e283c,144,705,144,129,True,True,0.6662731170654297,0.3337268829345703,0.4155368506908417,0.5844631493091583,data/nips2017/images/542c07e8bf8e283c.png,outputs/nips2017/nips2017_selected_20260714_195944/vim-small/ablation_and_no_verifier/sample_0463/images/final_selected.png,coated in pale blue,[],[],False,True
vim-small,464,0546b47c13f154d3,107,317,107,108,True,True,0.515134871006012,0.48486512899398804,0.583684504032135,0.416315495967865,data/nips2017/images/0546b47c13f154d3.png,outputs/nips2017/nips2017_selected_20260714_195944/vim-small/ablation_and_no_verifier/sample_0464/images/final_selected.png,a photo of jellyfish in the background,[107],"[""jellyfish""]",False,True
vim-small,465,556d8b457b94c285,746,377,746,795,True,True,0.8882591724395752,0.1117408275604248,0.8784400224685669,0.1215599775314331,data/nips2017/images/556d8b457b94c285.png,outputs/nips2017/nips2017_selected_20260714_195944/vim-small/ablation_and_no_verifier/sample_0465/images/final_selected.png,add subtle ambient haze,[],[],False,True
vim-small,466,558a7b66b78ba65b,421,667,421,884,True,True,0.678315281867981,0.32168471813201904,0.5204671025276184,0.4795328974723816,data/nips2017/images/558a7b66b78ba65b.png,outputs/nips2017/nips2017_selected_20260714_195944/vim-small/ablation_and_no_verifier/sample_0466/images/final_selected.png,a photo of bannister in the background,[421],"[""bannister""]",False,True
vim-small,467,564de663adeb8cd5,557,132,557,595,True,True,0.7575725317001343,0.24242746829986572,0.831084132194519,0.16891586780548096,data/nips2017/images/564de663adeb8cd5.png,outputs/nips2017/nips2017_selected_20260714_195944/vim-small/ablation_and_no_verifier/sample_0467/images/final_selected.png,place in open field,[],[],False,True
vim-small,468,565c67fd230f18cc,554,853,554,472,True,True,0.9078307151794434,0.09216928482055664,0.5644071102142334,0.4355928897857666,data/nips2017/images/565c67fd230f18cc.png,outputs/nips2017/nips2017_selected_20260714_195944/vim-small/ablation_and_no_verifier/sample_0468/images/final_selected.png,coated in weathered paint,[],[],False,True
vim-small,469,588bd41c9aa5a81b,533,153,533,748,True,True,0.16563096642494202,0.834369033575058,0.0491945743560791,0.9508054256439209,data/nips2017/images/588bd41c9aa5a81b.png,outputs/nips2017/nips2017_selected_20260714_195944/vim-small/ablation_and_no_verifier/sample_0469/images/final_selected.png,coated in fine linen,[],[],False,True
vim-small,470,592c7424f13b2d29,603,516,603,730,True,True,0.7150064706802368,0.2849935293197632,0.5271050333976746,0.47289496660232544,data/nips2017/images/592c7424f13b2d29.png,outputs/nips2017/nips2017_selected_20260714_195944/vim-small/ablation_and_no_verifier/sample_0470/images/final_selected.png,a photo of horse cart in the background,[603],"[""horse cart""]",False,True
vim-small,471,602f2c3749d6021e,746,105,746,671,True,True,0.5494557023048401,0.4505442976951599,0.4760165810585022,0.5239834189414978,data/nips2017/images/602f2c3749d6021e.png,outputs/nips2017/nips2017_selected_20260714_195944/vim-small/ablation_and_no_verifier/sample_0471/images/final_selected.png,coated in frosted plastic,[],[],False,True
vim-small,472,604b54a3b7424d9b,938,429,938,928,True,True,0.6396389603614807,0.3603610396385193,0.509857714176178,0.490142285823822,data/nips2017/images/604b54a3b7424d9b.png,outputs/nips2017/nips2017_selected_20260714_195944/vim-small/ablation_and_no_verifier/sample_0472/images/final_selected.png,coated in pale wax,[],[],False,True
vim-small,473,611f453c4bb616b9,309,64,309,307,True,True,0.8183847665786743,0.18161523342132568,0.6494687795639038,0.3505312204360962,data/nips2017/images/611f453c4bb616b9.png,outputs/nips2017/nips2017_selected_20260714_195944/vim-small/ablation_and_no_verifier/sample_0473/images/final_selected.png,coated in fine pollen,[],[],False,True
vim-small,474,619a9d0eb2acdd82,884,842,884,818,True,True,0.8364328145980835,0.1635671854019165,0.7661464214324951,0.23385357856750488,data/nips2017/images/619a9d0eb2acdd82.png,outputs/nips2017/nips2017_selected_20260714_195944/vim-small/ablation_and_no_verifier/sample_0474/images/final_selected.png,a photo of vault in the background,[884],"[""vault""]",False,True
vim-small,475,631b6820e91a9e3e,12,302,12,81,True,True,0.22076043486595154,0.7792395651340485,0.35762667655944824,0.6423733234405518,data/nips2017/images/631b6820e91a9e3e.png,outputs/nips2017/nips2017_selected_20260714_195944/vim-small/ablation_and_no_verifier/sample_0475/images/final_selected.png,coated in fine velvet,[885],"[""velvet""]",False,True
vim-small,476,634d7f18d098cccb,538,765,538,884,True,True,0.8489403128623962,0.15105968713760376,0.6312175989151001,0.3687824010848999,data/nips2017/images/634d7f18d098cccb.png,outputs/nips2017/nips2017_selected_20260714_195944/vim-small/ablation_and_no_verifier/sample_0476/images/final_selected.png,covered in aged patina,[],[],False,True
vim-small,477,635ea505879178ed,538,922,538,974,True,True,0.8467907905578613,0.15320920944213867,0.7438734769821167,0.2561265230178833,data/nips2017/images/635ea505879178ed.png,outputs/nips2017/nips2017_selected_20260714_195944/vim-small/ablation_and_no_verifier/sample_0477/images/final_selected.png,add light mist,[],[],False,True
vim-small,479,659ca4ac6cc57e89,777,589,777,977,True,True,0.6679576635360718,0.3320423364639282,0.4732365906238556,0.5267634093761444,data/nips2017/images/659ca4ac6cc57e89.png,outputs/nips2017/nips2017_selected_20260714_195944/vim-small/ablation_and_no_verifier/sample_0479/images/final_selected.png,covered in fine sand,[],[],False,True
vim-small,480,668bc83a884d24f9,2,390,2,329,True,True,0.4665377736091614,0.5334622263908386,0.3398861885070801,0.6601138114929199,data/nips2017/images/668bc83a884d24f9.png,outputs/nips2017/nips2017_selected_20260714_195944/vim-small/ablation_and_no_verifier/sample_0480/images/final_selected.png,covered in pale algae,[],[],False,True
vim-small,481,686ea4ec999364ff,458,553,458,480,True,True,0.7128329873085022,0.2871670126914978,0.7459052801132202,0.2540947198867798,data/nips2017/images/686ea4ec999364ff.png,outputs/nips2017/nips2017_selected_20260714_195944/vim-small/ablation_and_no_verifier/sample_0481/images/final_selected.png,add subtle haze,[],[],False,True
vim-small,482,694e7617a4878041,883,719,883,974,True,True,0.8790996074676514,0.12090039253234863,0.9231436848640442,0.07685631513595581,data/nips2017/images/694e7617a4878041.png,outputs/nips2017/nips2017_selected_20260714_195944/vim-small/ablation_and_no_verifier/sample_0482/images/final_selected.png,a photo of vase in the background,[883],"[""vase""]",False,True
vim-small,483,696f0f6bea562bf8,853,266,853,912,True,True,0.9115681648254395,0.08843183517456055,0.8444185853004456,0.15558141469955444,data/nips2017/images/696f0f6bea562bf8.png,outputs/nips2017/nips2017_selected_20260714_195944/vim-small/ablation_and_no_verifier/sample_0483/images/final_selected.png,introduce gentle mist,[],[],False,True
vim-small,484,707bce947d54bcd8,946,940,946,328,True,True,0.5443150997161865,0.4556849002838135,0.3004857897758484,0.6995142102241516,data/nips2017/images/707bce947d54bcd8.png,outputs/nips2017/nips2017_selected_20260714_195944/vim-small/ablation_and_no_verifier/sample_0484/images/final_selected.png,coated in pale dust,[],[],False,True
vim-small,485,0707f3dfb7c29f5c,605,739,605,761,True,True,0.8782529830932617,0.12174701690673828,0.7740422487258911,0.2259577512741089,data/nips2017/images/0707f3dfb7c29f5c.png,outputs/nips2017/nips2017_selected_20260714_195944/vim-small/ablation_and_no_verifier/sample_0485/images/final_selected.png,coated in matte ceramic,[],[],False,True
vim-small,486,741fc1a3fc08731d,792,399,792,795,True,True,0.9117155075073242,0.08828449249267578,0.9349626302719116,0.06503736972808838,data/nips2017/images/741fc1a3fc08731d.png,outputs/nips2017/nips2017_selected_20260714_195944/vim-small/ablation_and_no_verifier/sample_0486/images/final_selected.png,add light mist,[],[],False,True
vim-small,487,749ed3502293d019,474,577,474,419,True,True,0.5943406820297241,0.4056593179702759,0.8722469806671143,0.12775301933288574,data/nips2017/images/749ed3502293d019.png,outputs/nips2017/nips2017_selected_20260714_195944/vim-small/ablation_and_no_verifier/sample_0487/images/final_selected.png,a photo of cardigan in the background,"[264,474]","[""cardigan"",""cardigan""]",False,True
vim-small,490,796e23f8dbf9a7a2,606,834,606,634,True,True,0.8396533727645874,0.1603466272354126,0.7991256713867188,0.20087432861328125,data/nips2017/images/796e23f8dbf9a7a2.png,outputs/nips2017/nips2017_selected_20260714_195944/vim-small/ablation_and_no_verifier/sample_0490/images/final_selected.png,shift to dusty attic,[],[],False,True
vim-small,491,820ae900a943d605,887,700,887,885,True,True,0.8760039210319519,0.1239960789680481,0.6210507750511169,0.37894922494888306,data/nips2017/images/820ae900a943d605.png,outputs/nips2017/nips2017_selected_20260714_195944/vim-small/ablation_and_no_verifier/sample_0491/images/final_selected.png,covered in aged velvet,[885],"[""velvet""]",True,False
vim-small,493,823f8eae0df2d5c1,94,569,94,311,True,True,0.9253643155097961,0.07463568449020386,0.6765195727348328,0.32348042726516724,data/nips2017/images/823f8eae0df2d5c1.png,outputs/nips2017/nips2017_selected_20260714_195944/vim-small/ablation_and_no_verifier/sample_0493/images/final_selected.png,covered in fine dust,[],[],False,True
vim-small,494,828ade8df2d14c45,887,987,887,501,True,True,0.8005917072296143,0.19940829277038574,0.6937804222106934,0.30621957778930664,data/nips2017/images/828ade8df2d14c45.png,outputs/nips2017/nips2017_selected_20260714_195944/vim-small/ablation_and_no_verifier/sample_0494/images/final_selected.png,a photo of vestment in the background,[887],"[""vestment""]",False,True
vim-small,495,839aa3d166b020cf,13,210,13,12,True,True,0.8344208002090454,0.1655791997909546,0.8186327219009399,0.18136727809906006,data/nips2017/images/839aa3d166b020cf.png,outputs/nips2017/nips2017_selected_20260714_195944/vim-small/ablation_and_no_verifier/sample_0495/images/final_selected.png,change light to dusk,[],[],False,True
vim-small,496,858ec91996beb034,685,961,685,778,True,True,0.9408508539199829,0.05914914608001709,0.8269893527030945,0.17301064729690552,data/nips2017/images/858ec91996beb034.png,outputs/nips2017/nips2017_selected_20260714_195944/vim-small/ablation_and_no_verifier/sample_0496/images/final_selected.png,a photo of odometer in the background,[685],"[""odometer""]",False,True
vim-small,497,864fffaf7a83b3f4,580,372,580,818,True,True,0.7547832727432251,0.2452167272567749,0.8215663433074951,0.17843365669250488,data/nips2017/images/864fffaf7a83b3f4.png,outputs/nips2017/nips2017_selected_20260714_195944/vim-small/ablation_and_no_verifier/sample_0497/images/final_selected.png,introduce light mist,[],[],False,True
vim-small,498,868af4a2e614f5ac,717,466,717,511,True,True,0.8339408040046692,0.1660591959953308,0.786226212978363,0.21377378702163696,data/nips2017/images/868af4a2e614f5ac.png,outputs/nips2017/nips2017_selected_20260714_195944/vim-small/ablation_and_no_verifier/sample_0498/images/final_selected.png,move to suburban street,[],[],False,True
vim-small,499,869adfbad4e38261,591,865,591,879,True,True,0.6389189958572388,0.36108100414276123,0.890777587890625,0.109222412109375,data/nips2017/images/869adfbad4e38261.png,outputs/nips2017/nips2017_selected_20260714_195944/vim-small/ablation_and_no_verifier/sample_0499/images/final_selected.png,place in sunlit meadow,[],[],False,True
vim-small,500,871c99d5658c3189,955,586,955,951,True,True,0.7406294941902161,0.25937050580978394,0.717136561870575,0.28286343812942505,data/nips2017/images/871c99d5658c3189.png,outputs/nips2017/nips2017_selected_20260714_195944/vim-small/ablation_and_no_verifier/sample_0500/images/final_selected.png,change light to golden hour,[],[],False,True
vim-small,501,890fdaf4e1892e00,312,691,312,311,True,True,0.9137043952941895,0.08629560470581055,0.8272733092308044,0.17272669076919556,data/nips2017/images/890fdaf4e1892e00.png,outputs/nips2017/nips2017_selected_20260714_195944/vim-small/ablation_and_no_verifier/sample_0501/images/final_selected.png,shift to twilight setting,[],[],False,True
vim-small,502,891fe6baf8896b77,324,534,324,658,True,True,0.8066833019256592,0.19331669807434082,0.6098674535751343,0.3901325464248657,data/nips2017/images/891fe6baf8896b77.png,outputs/nips2017/nips2017_selected_20260714_195944/vim-small/ablation_and_no_verifier/sample_0502/images/final_selected.png,a photo of cabbage butterfly in the background,[324],"[""cabbage butterfly""]",False,True
vim-small,503,911aebf30626ce02,874,730,874,705,True,True,0.6850274801254272,0.31497251987457275,0.6654188632965088,0.3345811367034912,data/nips2017/images/911aebf30626ce02.png,outputs/nips2017/nips2017_selected_20260714_195944/vim-small/ablation_and_no_verifier/sample_0503/images/final_selected.png,a photo of trolleybus in the background,[874],"[""trolleybus""]",False,True
vim-small,504,919a6f1d23c6d05e,144,982,144,616,True,True,0.6214051246643066,0.37859487533569336,0.511717677116394,0.48828232288360596,data/nips2017/images/919a6f1d23c6d05e.png,outputs/nips2017/nips2017_selected_20260714_195944/vim-small/ablation_and_no_verifier/sample_0504/images/final_selected.png,coated in fine algae,[],[],False,True
vim-small,505,938ada2f2bfa2b68,843,917,843,872,True,True,0.7859153747558594,0.21408462524414062,0.45723724365234375,0.5427627563476562,data/nips2017/images/938ada2f2bfa2b68.png,outputs/nips2017/nips2017_selected_20260714_195944/vim-small/ablation_and_no_verifier/sample_0505/images/final_selected.png,covered in rough linen,[],[],False,True
vim-small,506,1394faa319bd353c,609,506,609,436,True,True,0.8919739723205566,0.10802602767944336,0.7781786322593689,0.2218213677406311,data/nips2017/images/1394faa319bd353c.png,outputs/nips2017/nips2017_selected_20260714_195944/vim-small/ablation_and_no_verifier/sample_0506/images/final_selected.png,a photo of jeep in the background,[609],"[""jeep""]",False,True
vim-small,507,1461ed9402248ddc,513,724,513,875,True,True,0.7366437911987305,0.26335620880126953,0.6146395206451416,0.3853604793548584,data/nips2017/images/1461ed9402248ddc.png,outputs/nips2017/nips2017_selected_20260714_195944/vim-small/ablation_and_no_verifier/sample_0507/images/final_selected.png,coated in aged brass,[458],"[""brass""]",False,True
vim-small,508,1478a0fc99a988db,775,927,775,692,True,True,0.5601953864097595,0.4398046135902405,0.8108674883842468,0.18913251161575317,data/nips2017/images/1478a0fc99a988db.png,outputs/nips2017/nips2017_selected_20260714_195944/vim-small/ablation_and_no_verifier/sample_0508/images/final_selected.png,place in sunlit meadow,[],[],False,True
vim-small,509,1685d066f8070081,978,360,978,354,True,True,0.25041961669921875,0.7495803833007812,0.43620625138282776,0.5637937486171722,data/nips2017/images/1685d066f8070081.png,outputs/nips2017/nips2017_selected_20260714_195944/vim-small/ablation_and_no_verifier/sample_0509/images/final_selected.png,shift to arid plains,[],[],False,True
vim-small,510,1733cbc68a2ae05d,555,891,555,974,True,True,0.9369305968284607,0.0630694031715393,0.8570699095726013,0.14293009042739868,data/nips2017/images/1733cbc68a2ae05d.png,outputs/nips2017/nips2017_selected_20260714_195944/vim-small/ablation_and_no_verifier/sample_0510/images/final_selected.png,coated in matte gray,[],[],False,True
vim-small,511,2153d9869fb5a9ef,644,941,644,596,True,True,0.25465157628059387,0.7453484237194061,0.5813757181167603,0.41862428188323975,data/nips2017/images/2153d9869fb5a9ef.png,outputs/nips2017/nips2017_selected_20260714_195944/vim-small/ablation_and_no_verifier/sample_0511/images/final_selected.png,set scene outdoors,[],[],False,True
vim-small,512,2842a69bf5b14526,879,756,879,538,True,True,0.8139232397079468,0.18607676029205322,0.7533548474311829,0.24664515256881714,data/nips2017/images/2842a69bf5b14526.png,outputs/nips2017/nips2017_selected_20260714_195944/vim-small/ablation_and_no_verifier/sample_0512/images/final_selected.png,coated in aged parchment,[],[],False,True
vim-small,514,3201d10ec4dca056,738,604,738,706,True,True,0.5490477681159973,0.4509522318840027,0.55625981092453,0.44374018907546997,data/nips2017/images/3201d10ec4dca056.png,outputs/nips2017/nips2017_selected_20260714_195944/vim-small/ablation_and_no_verifier/sample_0514/images/final_selected.png,place in sunlit patio,[706],"[""patio""]",True,False
vim-small,515,3228a465697fb2cf,839,921,839,972,True,True,0.6176934838294983,0.3823065161705017,0.5221480131149292,0.4778519868850708,data/nips2017/images/3228a465697fb2cf.png,outputs/nips2017/nips2017_selected_20260714_195944/vim-small/ablation_and_no_verifier/sample_0515/images/final_selected.png,place in rocky canyon,[],[],False,True
vim-small,517,3617bfc5d06bc196,884,553,884,500,True,True,0.7758326530456543,0.2241673469543457,0.7675439715385437,0.2324560284614563,data/nips2017/images/3617bfc5d06bc196.png,outputs/nips2017/nips2017_selected_20260714_195944/vim-small/ablation_and_no_verifier/sample_0517/images/final_selected.png,place in desert ruin,[],[],False,True
vim-small,518,3692f6967c632fee,805,568,805,768,True,True,0.7205291390419006,0.27947086095809937,0.6418286561965942,0.35817134380340576,data/nips2017/images/3692f6967c632fee.png,outputs/nips2017/nips2017_selected_20260714_195944/vim-small/ablation_and_no_verifier/sample_0518/images/final_selected.png,covered in fine chalk,[],[],False,True
vim-small,519,3841b33c9797cbf1,908,952,908,475,True,True,0.3921892046928406,0.6078107953071594,0.4978178143501282,0.5021821856498718,data/nips2017/images/3841b33c9797cbf1.png,outputs/nips2017/nips2017_selected_20260714_195944/vim-small/ablation_and_no_verifier/sample_0519/images/final_selected.png,shift to dense forest,[],[],False,True
vim-small,520,4053a6a3d0e63c01,391,459,391,1,True,True,0.7553544044494629,0.2446455955505371,0.6002815961837769,0.39971840381622314,data/nips2017/images/4053a6a3d0e63c01.png,outputs/nips2017/nips2017_selected_20260714_195944/vim-small/ablation_and_no_verifier/sample_0520/images/final_selected.png,coated in iridescent sheen,[],[],False,True
vim-small,521,4146a745f9b2f3cb,50,417,50,137,True,True,0.8426134586334229,0.15738654136657715,0.47927701473236084,0.5207229852676392,data/nips2017/images/4146a745f9b2f3cb.png,outputs/nips2017/nips2017_selected_20260714_195944/vim-small/ablation_and_no_verifier/sample_0521/images/final_selected.png,covered in mossy patina,[],[],False,True
vim-small,522,4227a6e105cc0588,970,140,970,972,True,True,0.32202157378196716,0.6779784262180328,0.4126555919647217,0.5873444080352783,data/nips2017/images/4227a6e105cc0588.png,outputs/nips2017/nips2017_selected_20260714_195944/vim-small/ablation_and_no_verifier/sample_0522/images/final_selected.png,covered in pale moss,[],[],False,True
vim-small,523,04546cc5e537d7cd,425,648,425,984,True,True,0.7486158609390259,0.2513841390609741,0.7322946786880493,0.2677053213119507,data/nips2017/images/04546cc5e537d7cd.png,outputs/nips2017/nips2017_selected_20260714_195944/vim-small/ablation_and_no_verifier/sample_0523/images/final_selected.png,introduce soft haze,[],[],False,True
vim-small,524,4572c8986c28343b,436,534,436,974,True,True,0.9643217325210571,0.03567826747894287,0.9540651440620422,0.045934855937957764,data/nips2017/images/4572c8986c28343b.png,outputs/nips2017/nips2017_selected_20260714_195944/vim-small/ablation_and_no_verifier/sample_0524/images/final_selected.png,add light mist,[],[],False,True
vim-small,525,5021e7da00bf43b2,479,936,479,974,True,True,0.9405171275138855,0.0594828724861145,0.8922988772392273,0.1077011227607727,data/nips2017/images/5021e7da00bf43b2.png,outputs/nips2017/nips2017_selected_20260714_195944/vim-small/ablation_and_no_verifier/sample_0525/images/final_selected.png,add subtle mist,[],[],False,True
vim-small,526,5191cfba868056a5,970,792,970,974,True,True,0.755140483379364,0.244859516620636,0.7220510244369507,0.2779489755630493,data/nips2017/images/5191cfba868056a5.png,outputs/nips2017/nips2017_selected_20260714_195944/vim-small/ablation_and_no_verifier/sample_0526/images/final_selected.png,introduce light misting,[],[],False,True
vim-small,527,5224fec9ba33b50d,603,531,603,83,True,True,0.6692318916320801,0.3307681083679199,0.7350057363510132,0.2649942636489868,data/nips2017/images/5224fec9ba33b50d.png,outputs/nips2017/nips2017_selected_20260714_195944/vim-small/ablation_and_no_verifier/sample_0527/images/final_selected.png,a photo of horse cart in the background,[603],"[""horse cart""]",False,True
vim-small,528,5292f5b36a0789fa,853,794,853,762,True,True,0.8630654811859131,0.13693451881408691,0.7508173584938049,0.24918264150619507,data/nips2017/images/5292f5b36a0789fa.png,outputs/nips2017/nips2017_selected_20260714_195944/vim-small/ablation_and_no_verifier/sample_0528/images/final_selected.png,change light to dusk,[],[],False,True
vim-small,529,5528f7330399485f,73,211,73,77,True,True,0.5666017532348633,0.4333982467651367,0.5340444445610046,0.46595555543899536,data/nips2017/images/5528f7330399485f.png,outputs/nips2017/nips2017_selected_20260714_195944/vim-small/ablation_and_no_verifier/sample_0529/images/final_selected.png,a photo of barn spider in the background,"[73,425]","[""barn spider"",""barn""]",False,True
vim-small,530,5792d4a42d2a82c8,987,418,987,974,True,True,0.810724139213562,0.189275860786438,0.7881330251693726,0.21186697483062744,data/nips2017/images/5792d4a42d2a82c8.png,outputs/nips2017/nips2017_selected_20260714_195944/vim-small/ablation_and_no_verifier/sample_0530/images/final_selected.png,introduce light mist,[],[],False,True
vim-small,531,05817a675e7506d1,672,753,672,514,True,True,0.7621402740478516,0.23785972595214844,0.9119259119033813,0.08807408809661865,data/nips2017/images/05817a675e7506d1.png,outputs/nips2017/nips2017_selected_20260714_195944/vim-small/ablation_and_no_verifier/sample_0531/images/final_selected.png,place in open field,[],[],False,True
vim-small,532,6314b953a2f66e36,310,773,310,312,True,True,0.8404033184051514,0.15959668159484863,0.801430344581604,0.198569655418396,data/nips2017/images/6314b953a2f66e36.png,outputs/nips2017/nips2017_selected_20260714_195944/vim-small/ablation_and_no_verifier/sample_0532/images/final_selected.png,place in mossy ground,[],[],False,True
vim-small,533,6374e7e35ad90f50,38,770,38,41,True,True,0.5504609942436218,0.4495390057563782,0.40770673751831055,0.5922932624816895,data/nips2017/images/6374e7e35ad90f50.png,outputs/nips2017/nips2017_selected_20260714_195944/vim-small/ablation_and_no_verifier/sample_0533/images/final_selected.png,coated in fine silt,[],[],False,True
vim-small,534,6609c25b3314b5b3,511,877,511,436,True,True,0.9290995597839355,0.07090044021606445,0.9140663146972656,0.08593368530273438,data/nips2017/images/6609c25b3314b5b3.png,outputs/nips2017/nips2017_selected_20260714_195944/vim-small/ablation_and_no_verifier/sample_0534/images/final_selected.png,place scene on cobblestones,[],[],False,True
vim-small,535,6612fd36e6dd9534,308,865,308,114,True,True,0.6956446170806885,0.3043553829193115,0.7331392765045166,0.2668607234954834,data/nips2017/images/6612fd36e6dd9534.png,outputs/nips2017/nips2017_selected_20260714_195944/vim-small/ablation_and_no_verifier/sample_0535/images/final_selected.png,place in mossy undergrowth,[],[],False,True
vim-small,536,6711e27733cfd050,717,732,717,974,True,True,0.9423484206199646,0.0576515793800354,0.9260547757148743,0.07394522428512573,data/nips2017/images/6711e27733cfd050.png,outputs/nips2017/nips2017_selected_20260714_195944/vim-small/ablation_and_no_verifier/sample_0536/images/final_selected.png,add soft afternoon haze,[],[],False,True
vim-small,537,6740e1e89b5bbab4,980,684,980,114,True,True,0.33975428342819214,0.6602457165718079,0.37961167097091675,0.6203883290290833,data/nips2017/images/6740e1e89b5bbab4.png,outputs/nips2017/nips2017_selected_20260714_195944/vim-small/ablation_and_no_verifier/sample_0537/images/final_selected.png,coated in obsidian dust,[],[],False,True
vim-small,538,6841e385fe79177f,829,832,829,408,True,True,0.5669386982917786,0.43306130170822144,0.3972269296646118,0.6027730703353882,data/nips2017/images/6841e385fe79177f.png,outputs/nips2017/nips2017_selected_20260714_195944/vim-small/ablation_and_no_verifier/sample_0538/images/final_selected.png,a photo of streetcar in the background,[829],"[""streetcar""]",False,True
vim-small,539,6896a8b78f404dc8,979,74,979,978,True,True,0.6551401615142822,0.3448598384857178,0.711618185043335,0.28838181495666504,data/nips2017/images/6896a8b78f404dc8.png,outputs/nips2017/nips2017_selected_20260714_195944/vim-small/ablation_and_no_verifier/sample_0539/images/final_selected.png,covered in fine silt,[],[],False,True
vim-small,540,6898f889c17f8e16,887,729,887,501,True,True,0.8455742001533508,0.15442579984664917,0.7645878791809082,0.2354121208190918,data/nips2017/images/6898f889c17f8e16.png,outputs/nips2017/nips2017_selected_20260714_195944/vim-small/ablation_and_no_verifier/sample_0540/images/final_selected.png,covered in aged velvet,[885],"[""velvet""]",False,True
vim-small,541,7060ae82e5b96a77,521,494,521,651,True,True,0.18456709384918213,0.8154329061508179,0.31964755058288574,0.6803524494171143,data/nips2017/images/7060ae82e5b96a77.png,outputs/nips2017/nips2017_selected_20260714_195944/vim-small/ablation_and_no_verifier/sample_0541/images/final_selected.png,place in bright kitchen,[],[],False,True
vim-small,542,7069a117c92d27a4,545,185,545,827,True,True,0.8478082418441772,0.15219175815582275,0.5255733728408813,0.47442662715911865,data/nips2017/images/7069a117c92d27a4.png,outputs/nips2017/nips2017_selected_20260714_195944/vim-small/ablation_and_no_verifier/sample_0542/images/final_selected.png,a photo of electric fan in the background,[545],"[""electric fan""]",False,True
vim-small,543,7278c2b63080f08c,348,286,348,222,True,True,0.9060506820678711,0.0939493179321289,0.8584749698638916,0.1415250301361084,data/nips2017/images/7278c2b63080f08c.png,outputs/nips2017/nips2017_selected_20260714_195944/vim-small/ablation_and_no_verifier/sample_0543/images/final_selected.png,add soft afternoon haze,[],[],False,True
vim-small,544,7368fe0ff47343a0,964,446,964,762,True,True,0.7088116407394409,0.2911883592605591,0.6927111148834229,0.30728888511657715,data/nips2017/images/7368fe0ff47343a0.png,outputs/nips2017/nips2017_selected_20260714_195944/vim-small/ablation_and_no_verifier/sample_0544/images/final_selected.png,a photo of potpie in the background,[964],"[""potpie""]",False,True
vim-small,546,7524a7ef9de8edc3,946,306,946,815,True,True,0.7461351752281189,0.2538648247718811,0.8266898393630981,0.17331016063690186,data/nips2017/images/7524a7ef9de8edc3.png,outputs/nips2017/nips2017_selected_20260714_195944/vim-small/ablation_and_no_verifier/sample_0546/images/final_selected.png,place in dense undergrowth,[],[],False,True
vim-small,547,7529b42e71769777,476,617,476,703,True,True,0.6563140153884888,0.34368598461151123,0.7203180193901062,0.2796819806098938,data/nips2017/images/7529b42e71769777.png,outputs/nips2017/nips2017_selected_20260714_195944/vim-small/ablation_and_no_verifier/sample_0547/images/final_selected.png,place in sunlit park,[],[],False,True
vim-small,548,7700d0ba053dc4bd,936,291,936,993,True,True,0.8013244867324829,0.1986755132675171,0.5626862049102783,0.4373137950897217,data/nips2017/images/7700d0ba053dc4bd.png,outputs/nips2017/nips2017_selected_20260714_195944/vim-small/ablation_and_no_verifier/sample_0548/images/final_selected.png,coated in pale wax,[],[],False,True
vim-small,549,8094d4088a08cf09,440,614,440,680,True,True,0.9393998980522156,0.060600101947784424,0.8624628782272339,0.1375371217727661,data/nips2017/images/8094d4088a08cf09.png,outputs/nips2017/nips2017_selected_20260714_195944/vim-small/ablation_and_no_verifier/sample_0549/images/final_selected.png,introduce light haze,[],[],False,True
vim-small,550,8749fd2540a0cb01,832,447,832,698,True,True,0.7706938982009888,0.22930610179901123,0.7821005582809448,0.21789944171905518,data/nips2017/images/8749fd2540a0cb01.png,outputs/nips2017/nips2017_selected_20260714_195944/vim-small/ablation_and_no_verifier/sample_0550/images/final_selected.png,place in desert expanse,[],[],False,True
vim-small,551,8764eecf6e898c7f,483,710,483,975,True,True,0.4872409701347351,0.5127590298652649,0.3852023780345917,0.6147976219654083,data/nips2017/images/8764eecf6e898c7f.png,outputs/nips2017/nips2017_selected_20260714_195944/vim-small/ablation_and_no_verifier/sample_0551/images/final_selected.png,a photo of castle in the background,[483],"[""castle""]",False,True
vim-small,552,8800cff23fade16a,531,313,531,530,True,True,0.3043179214000702,0.6956820785999298,0.44966068863868713,0.5503393113613129,data/nips2017/images/8800cff23fade16a.png,outputs/nips2017/nips2017_selected_20260714_195944/vim-small/ablation_and_no_verifier/sample_0552/images/final_selected.png,a photo of digital watch in the background,[531],"[""digital watch""]",False,True
vim-small,553,8805b0b20d808c49,703,926,703,701,True,True,0.33654314279556274,0.6634568572044373,0.7424154281616211,0.2575845718383789,data/nips2017/images/8805b0b20d808c49.png,outputs/nips2017/nips2017_selected_20260714_195944/vim-small/ablation_and_no_verifier/sample_0553/images/final_selected.png,place in open field,[],[],False,True
vim-small,554,8859efd46fab37ff,922,598,922,623,True,True,0.7528431415557861,0.24715685844421387,0.6410031318664551,0.3589968681335449,data/nips2017/images/8859efd46fab37ff.png,outputs/nips2017/nips2017_selected_20260714_195944/vim-small/ablation_and_no_verifier/sample_0554/images/final_selected.png,a photo of menu in the background,[922],"[""menu""]",False,True
vim-small,557,9429f0d1ad2283df,437,463,437,733,True,True,0.8486719131469727,0.15132808685302734,0.6039745807647705,0.3960254192352295,data/nips2017/images/9429f0d1ad2283df.png,outputs/nips2017/nips2017_selected_20260714_195944/vim-small/ablation_and_no_verifier/sample_0557/images/final_selected.png,coated in weathered stone,[],[],False,True
vim-small,558,9455bd672cb9e4bd,521,581,521,651,True,True,0.7612903118133545,0.2387096881866455,0.7003951072692871,0.2996048927307129,data/nips2017/images/9455bd672cb9e4bd.png,outputs/nips2017/nips2017_selected_20260714_195944/vim-small/ablation_and_no_verifier/sample_0558/images/final_selected.png,place in bright kitchen,[],[],False,True
vim-small,559,9594ef7e0fc79ea8,402,114,402,835,True,True,0.9279131293296814,0.0720868706703186,0.45600855350494385,0.5439914464950562,data/nips2017/images/9594ef7e0fc79ea8.png,outputs/nips2017/nips2017_selected_20260714_195944/vim-small/ablation_and_no_verifier/sample_0559/images/final_selected.png,coated in matte black,[],[],False,True
vim-small,560,9876fe92d003c9d4,912,356,912,671,True,True,0.7007390856742859,0.2992609143257141,0.41364431381225586,0.5863556861877441,data/nips2017/images/9876fe92d003c9d4.png,outputs/nips2017/nips2017_selected_20260714_195944/vim-small/ablation_and_no_verifier/sample_0560/images/final_selected.png,coated in pale lichen,[],[],False,True
vim-small,561,11954d93a7051cb5,22,502,22,21,True,True,0.6930547952651978,0.30694520473480225,0.5206745862960815,0.47932541370391846,data/nips2017/images/11954d93a7051cb5.png,outputs/nips2017/nips2017_selected_20260714_195944/vim-small/ablation_and_no_verifier/sample_0561/images/final_selected.png,coated in dark patina,[],[],False,True
vim-small,562,13810fcac72f12ba,875,71,875,674,True,True,0.7574512362480164,0.24254876375198364,0.46228647232055664,0.5377135276794434,data/nips2017/images/13810fcac72f12ba.png,outputs/nips2017/nips2017_selected_20260714_195944/vim-small/ablation_and_no_verifier/sample_0562/images/final_selected.png,a photo of trombone in the background,[875],"[""trombone""]",False,True
vim-small,563,16179baa1513c701,94,504,94,95,True,True,0.8938310742378235,0.10616892576217651,0.7641644477844238,0.23583555221557617,data/nips2017/images/16179baa1513c701.png,outputs/nips2017/nips2017_selected_20260714_195944/vim-small/ablation_and_no_verifier/sample_0563/images/final_selected.png,coated in emerald scales,[],[],False,True
vim-small,564,19935b1c0a4d305d,760,641,760,974,True,True,0.8321832418441772,0.16781675815582275,0.8771388530731201,0.12286114692687988,data/nips2017/images/19935b1c0a4d305d.png,outputs/nips2017/nips2017_selected_20260714_195944/vim-small/ablation_and_no_verifier/sample_0564/images/final_selected.png,add gentle morning mist,[],[],False,True
vim-small,566,22712d0324d43ef2,897,846,897,706,True,True,-0.037625502794981,1.037625502794981,0.06186371669173241,0.9381362833082676,data/nips2017/images/22712d0324d43ef2.png,outputs/nips2017/nips2017_selected_20260714_195944/vim-small/ablation_and_no_verifier/sample_0566/images/final_selected.png,move to sunlit patio,[706],"[""patio""]",True,False
vim-small,567,24159caf9c5e92be,707,742,707,528,True,True,0.8227397203445435,0.17726027965545654,0.609849214553833,0.390150785446167,data/nips2017/images/24159caf9c5e92be.png,outputs/nips2017/nips2017_selected_20260714_195944/vim-small/ablation_and_no_verifier/sample_0567/images/final_selected.png,coated in aged patina,[],[],False,True
vim-small,568,24312de5c34473c0,873,819,873,716,True,True,0.7154244184494019,0.28457558155059814,0.7086958289146423,0.29130417108535767,data/nips2017/images/24312de5c34473c0.png,outputs/nips2017/nips2017_selected_20260714_195944/vim-small/ablation_and_no_verifier/sample_0568/images/final_selected.png,coated in aged stone,[],[],False,True
vim-small,569,24726d9054e9d78f,544,454,544,909,True,True,0.7913804054260254,0.2086195945739746,0.8127979040145874,0.1872020959854126,data/nips2017/images/24726d9054e9d78f.png,outputs/nips2017/nips2017_selected_20260714_195944/vim-small/ablation_and_no_verifier/sample_0569/images/final_selected.png,place in rustic kitchen,[],[],False,True
vim-small,570,29279d12ed3e29ff,457,327,457,708,True,True,0.15956321358680725,0.8404367864131927,0.3825567364692688,0.6174432635307312,data/nips2017/images/29279d12ed3e29ff.png,outputs/nips2017/nips2017_selected_20260714_195944/vim-small/ablation_and_no_verifier/sample_0570/images/final_selected.png,place scene near marble columns,[],[],False,True
vim-small,571,33197fa6ae88508a,847,29,847,408,True,True,0.7302291393280029,0.26977086067199707,0.7969918251037598,0.20300817489624023,data/nips2017/images/33197fa6ae88508a.png,outputs/nips2017/nips2017_selected_20260714_195944/vim-small/ablation_and_no_verifier/sample_0571/images/final_selected.png,change lighting to dusk,[],[],False,True
vim-small,573,38546e7d7136c2ab,599,113,599,532,True,True,0.12323348224163055,0.8767665177583694,0.25581681728363037,0.7441831827163696,data/nips2017/images/38546e7d7136c2ab.png,outputs/nips2017/nips2017_selected_20260714_195944/vim-small/ablation_and_no_verifier/sample_0573/images/final_selected.png,place in sunlit room,[],[],False,True
vim-small,574,43694caa12d5f823,978,756,978,975,True,True,0.7475706338882446,0.25242936611175537,0.7823671102523804,0.21763288974761963,data/nips2017/images/43694caa12d5f823.png,outputs/nips2017/nips2017_selected_20260714_195944/vim-small/ablation_and_no_verifier/sample_0574/images/final_selected.png,introduce gentle haze,[],[],False,True
vim-small,575,44982b98ba192bb7,321,410,321,322,True,True,0.8895686864852905,0.11043131351470947,0.8860942125320435,0.11390578746795654,data/nips2017/images/44982b98ba192bb7.png,outputs/nips2017/nips2017_selected_20260714_195944/vim-small/ablation_and_no_verifier/sample_0575/images/final_selected.png,place in sunlit meadow,[],[],False,True
vim-small,576,45315ea51da415ab,355,188,355,348,True,True,0.7047497630119324,0.2952502369880676,0.7206597328186035,0.2793402671813965,data/nips2017/images/45315ea51da415ab.png,outputs/nips2017/nips2017_selected_20260714_195944/vim-small/ablation_and_no_verifier/sample_0576/images/final_selected.png,a photo of llama in the background,[355],"[""llama""]",False,True
vim-small,577,48762c2cd2ed47e1,754,307,754,454,True,True,0.6922786235809326,0.3077213764190674,0.5707780122756958,0.4292219877243042,data/nips2017/images/48762c2cd2ed47e1.png,outputs/nips2017/nips2017_selected_20260714_195944/vim-small/ablation_and_no_verifier/sample_0577/images/final_selected.png,place in quiet study,[],[],False,True
vim-small,578,53211f8a1b131de6,945,577,945,929,True,True,0.8405929803848267,0.15940701961517334,0.7881926894187927,0.21180731058120728,data/nips2017/images/53211f8a1b131de6.png,outputs/nips2017/nips2017_selected_20260714_195944/vim-small/ablation_and_no_verifier/sample_0578/images/final_selected.png,change lighting to dusk,[],[],False,True
vim-small,579,54153d17b11b495c,656,550,656,974,True,True,0.8893535733222961,0.11064642667770386,0.7191752195358276,0.28082478046417236,data/nips2017/images/54153d17b11b495c.png,outputs/nips2017/nips2017_selected_20260714_195944/vim-small/ablation_and_no_verifier/sample_0579/images/final_selected.png,change lighting to dusk,[],[],False,True
vim-small,581,55512a6c2a45e2e8,927,386,927,924,True,True,0.6718328595161438,0.3281671404838562,0.6263375878334045,0.37366241216659546,data/nips2017/images/55512a6c2a45e2e8.png,outputs/nips2017/nips2017_selected_20260714_195944/vim-small/ablation_and_no_verifier/sample_0581/images/final_selected.png,coated in fine moss,[],[],False,True
vim-small,582,58420b727fcab02b,137,167,137,975,True,True,0.5254597067832947,0.4745402932167053,0.8032443523406982,0.19675564765930176,data/nips2017/images/58420b727fcab02b.png,outputs/nips2017/nips2017_selected_20260714_195944/vim-small/ablation_and_no_verifier/sample_0582/images/final_selected.png,place in calm bay,[],[],False,True
vim-small,584,60566d5680497389,472,543,472,974,True,True,0.641751766204834,0.358248233795166,0.8056402206420898,0.19435977935791016,data/nips2017/images/60566d5680497389.png,outputs/nips2017/nips2017_selected_20260714_195944/vim-small/ablation_and_no_verifier/sample_0584/images/final_selected.png,change light to golden hour,[],[],False,True
vim-small,586,62949c357e429690,972,115,972,500,True,True,0.8082334399223328,0.19176656007766724,0.7732664942741394,0.2267335057258606,data/nips2017/images/62949c357e429690.png,outputs/nips2017/nips2017_selected_20260714_195944/vim-small/ablation_and_no_verifier/sample_0586/images/final_selected.png,place in arid canyon,[],[],False,True
vim-small,588,67967c9db11151e0,251,819,251,246,True,True,0.7860867977142334,0.2139132022857666,0.7351765036582947,0.2648234963417053,data/nips2017/images/67967c9db11151e0.png,outputs/nips2017/nips2017_selected_20260714_195944/vim-small/ablation_and_no_verifier/sample_0588/images/final_selected.png,coated in fine dust,[],[],False,True
vim-small,589,68274b8293271807,833,578,833,974,True,True,0.8380181789398193,0.16198182106018066,0.7935159206390381,0.20648407936096191,data/nips2017/images/68274b8293271807.png,outputs/nips2017/nips2017_selected_20260714_195944/vim-small/ablation_and_no_verifier/sample_0589/images/final_selected.png,introduce light mist,[],[],False,True
vim-small,590,69788a29e7436808,309,49,309,310,True,True,0.88719242811203,0.11280757188796997,0.8724080324172974,0.12759196758270264,data/nips2017/images/69788a29e7436808.png,outputs/nips2017/nips2017_selected_20260714_195944/vim-small/ablation_and_no_verifier/sample_0590/images/final_selected.png,a photo of bee in the background,[309],"[""bee""]",False,True
vim-small,591,69854b68476d5068,892,732,892,409,True,True,0.7647345662117004,0.23526543378829956,0.828301191329956,0.17169880867004395,data/nips2017/images/69854b68476d5068.png,outputs/nips2017/nips2017_selected_20260714_195944/vim-small/ablation_and_no_verifier/sample_0591/images/final_selected.png,a photo of wall clock in the background,[892],"[""wall clock""]",False,True
vim-small,592,73064ceb466612d5,718,672,718,975,True,True,0.45188024640083313,0.5481197535991669,0.3717345595359802,0.6282654404640198,data/nips2017/images/73064ceb466612d5.png,outputs/nips2017/nips2017_selected_20260714_195944/vim-small/ablation_and_no_verifier/sample_0592/images/final_selected.png,place in calm bay,[],[],False,True
vim-small,593,73728c249317ccb9,847,144,847,820,True,True,0.8159298896789551,0.18407011032104492,0.6966403722763062,0.30335962772369385,data/nips2017/images/73728c249317ccb9.png,outputs/nips2017/nips2017_selected_20260714_195944/vim-small/ablation_and_no_verifier/sample_0593/images/final_selected.png,a photo of tank in the background,[847],"[""tank""]",False,True
vim-small,594,74355a8c878b6814,874,621,874,974,True,True,0.7740786671638489,0.22592133283615112,0.8623887300491333,0.1376112699508667,data/nips2017/images/74355a8c878b6814.png,outputs/nips2017/nips2017_selected_20260714_195944/vim-small/ablation_and_no_verifier/sample_0594/images/final_selected.png,introduce light mist,[],[],False,True
vim-small,595,78059d1afd7b9fea,57,247,57,32,True,True,0.6942496299743652,0.30575037002563477,0.5699331760406494,0.4300668239593506,data/nips2017/images/78059d1afd7b9fea.png,outputs/nips2017/nips2017_selected_20260714_195944/vim-small/ablation_and_no_verifier/sample_0595/images/final_selected.png,a photo of garter snake in the background,[57],"[""garter snake""]",False,True
vim-small,596,82179b1d313e0e23,829,901,829,874,True,True,0.9076747298240662,0.09232527017593384,0.8882185816764832,0.11178141832351685,data/nips2017/images/82179b1d313e0e23.png,outputs/nips2017/nips2017_selected_20260714_195944/vim-small/ablation_and_no_verifier/sample_0596/images/final_selected.png,change lighting to dusk,[],[],False,True
vim-small,597,83896b9fb7e9c2f8,536,546,536,517,True,True,0.9073377847671509,0.09266221523284912,0.9093818664550781,0.09061813354492188,data/nips2017/images/83896b9fb7e9c2f8.png,outputs/nips2017/nips2017_selected_20260714_195944/vim-small/ablation_and_no_verifier/sample_0597/images/final_selected.png,shift to twilight glow,[],[],False,True
vim-small,598,87937b805302f958,417,872,417,574,True,True,0.637965738773346,0.36203426122665405,0.45319318771362305,0.546806812286377,data/nips2017/images/87937b805302f958.png,outputs/nips2017/nips2017_selected_20260714_195944/vim-small/ablation_and_no_verifier/sample_0598/images/final_selected.png,coated in polished chrome,[],[],False,True
vim-small,599,93394c1f9c4c0053,319,882,319,47,True,True,0.8018755912780762,0.19812440872192383,0.5343624949455261,0.4656375050544739,data/nips2017/images/93394c1f9c4c0053.png,outputs/nips2017/nips2017_selected_20260714_195944/vim-small/ablation_and_no_verifier/sample_0599/images/final_selected.png,coated in fine pollen,[],[],False,True
vim-small,600,093402dc35f59027,733,112,733,829,True,True,0.10694465041160583,0.8930553495883942,0.38751929998397827,0.6124807000160217,data/nips2017/images/093402dc35f59027.png,outputs/nips2017/nips2017_selected_20260714_195944/vim-small/ablation_and_no_verifier/sample_0600/images/final_selected.png,shift to urban backdrop,[],[],False,True
vim-small,601,97025d82ec9860dc,675,573,675,656,True,True,0.9130806922912598,0.08691930770874023,0.8267067670822144,0.17329323291778564,data/nips2017/images/97025d82ec9860dc.png,outputs/nips2017/nips2017_selected_20260714_195944/vim-small/ablation_and_no_verifier/sample_0601/images/final_selected.png,a photo of moving van in the background,[675],"[""moving van""]",False,True
vim-small,602,97151fe7a0a6e2e3,733,227,733,437,True,True,0.4165824055671692,0.5834175944328308,0.6004019379615784,0.39959806203842163,data/nips2017/images/97151fe7a0a6e2e3.png,outputs/nips2017/nips2017_selected_20260714_195944/vim-small/ablation_and_no_verifier/sample_0602/images/final_selected.png,introduce light mist,[],[],False,True
vim-small,603,126175abfdcb1a21,470,485,470,624,True,True,0.46693822741508484,0.5330617725849152,0.47848135232925415,0.5215186476707458,data/nips2017/images/126175abfdcb1a21.png,outputs/nips2017/nips2017_selected_20260714_195944/vim-small/ablation_and_no_verifier/sample_0603/images/final_selected.png,shift background to aged library,[624],"[""library""]",True,False
vim-small,604,200285e90078210b,441,740,441,738,True,True,0.27519553899765015,0.7248044610023499,0.5398503541946411,0.4601496458053589,data/nips2017/images/200285e90078210b.png,outputs/nips2017/nips2017_selected_20260714_195944/vim-small/ablation_and_no_verifier/sample_0604/images/final_selected.png,place in sunlit patio,[706],"[""patio""]",False,True
vim-small,605,200735f93ea764f2,308,284,308,319,True,True,0.5315766334533691,0.46842336654663086,0.5650660991668701,0.4349339008331299,data/nips2017/images/200735f93ea764f2.png,outputs/nips2017/nips2017_selected_20260714_195944/vim-small/ablation_and_no_verifier/sample_0605/images/final_selected.png,change lighting to dusk,[],[],False,True
vim-small,606,212476b1b58a0cfe,511,696,511,974,True,True,0.9044945240020752,0.0955054759979248,0.8449181914329529,0.15508180856704712,data/nips2017/images/212476b1b58a0cfe.png,outputs/nips2017/nips2017_selected_20260714_195944/vim-small/ablation_and_no_verifier/sample_0606/images/final_selected.png,coated in polished chrome,[],[],False,True
vim-small,607,296033c3a5910845,360,796,360,150,True,True,0.9111611247062683,0.08883887529373169,0.9298349022865295,0.07016509771347046,data/nips2017/images/296033c3a5910845.png,outputs/nips2017/nips2017_selected_20260714_195944/vim-small/ablation_and_no_verifier/sample_0607/images/final_selected.png,a photo of otter in the background,[360],"[""otter""]",False,True
vim-small,608,324278ff7f22b4eb,497,302,497,442,True,True,0.7622798681259155,0.23772013187408447,0.5610433220863342,0.43895667791366577,data/nips2017/images/324278ff7f22b4eb.png,outputs/nips2017/nips2017_selected_20260714_195944/vim-small/ablation_and_no_verifier/sample_0608/images/final_selected.png,covered in aged stone,[],[],False,True
vim-small,609,348618ddbde3a39c,385,459,385,386,True,True,0.6560384035110474,0.34396159648895264,0.7566708326339722,0.24332916736602783,data/nips2017/images/348618ddbde3a39c.png,outputs/nips2017/nips2017_selected_20260714_195944/vim-small/ablation_and_no_verifier/sample_0609/images/final_selected.png,a photo of Indian elephant in the background,[385],"[""indian elephant""]",False,True
vim-small,611,398720b8f19d5b84,696,699,696,882,True,True,0.6070447564125061,0.3929552435874939,0.5369969010353088,0.46300309896469116,data/nips2017/images/398720b8f19d5b84.png,outputs/nips2017/nips2017_selected_20260714_195944/vim-small/ablation_and_no_verifier/sample_0611/images/final_selected.png,place in sunlit studio,[],[],False,True
vim-small,612,412311ea17528b7c,763,439,763,974,True,True,0.7277393341064453,0.2722606658935547,0.43645793199539185,0.5635420680046082,data/nips2017/images/412311ea17528b7c.png,outputs/nips2017/nips2017_selected_20260714_195944/vim-small/ablation_and_no_verifier/sample_0612/images/final_selected.png,coated in aged patina,[],[],False,True
vim-small,614,444109f3ccfacc7b,335,220,335,331,True,True,0.855577826499939,0.14442217350006104,0.9166419506072998,0.0833580493927002,data/nips2017/images/444109f3ccfacc7b.png,outputs/nips2017/nips2017_selected_20260714_195944/vim-small/ablation_and_no_verifier/sample_0614/images/final_selected.png,shift to rocky clearing,[],[],False,True
vim-small,615,582663fe666aac9c,922,927,922,964,True,True,0.5765137672424316,0.42348623275756836,0.5238749384880066,0.4761250615119934,data/nips2017/images/582663fe666aac9c.png,outputs/nips2017/nips2017_selected_20260714_195944/vim-small/ablation_and_no_verifier/sample_0615/images/final_selected.png,coated in aged vellum,[],[],False,True
vim-small,616,589319c64adf5fce,698,587,698,974,True,True,0.9418301582336426,0.05816984176635742,0.885007381439209,0.11499261856079102,data/nips2017/images/589319c64adf5fce.png,outputs/nips2017/nips2017_selected_20260714_195944/vim-small/ablation_and_no_verifier/sample_0616/images/final_selected.png,introduce soft mist,[],[],False,True
vim-small,618,648231d9393250fd,547,649,547,733,True,True,0.13154780864715576,0.8684521913528442,0.18286165595054626,0.8171383440494537,data/nips2017/images/648231d9393250fd.png,outputs/nips2017/nips2017_selected_20260714_195944/vim-small/ablation_and_no_verifier/sample_0618/images/final_selected.png,place in open field,[],[],False,True
vim-small,619,715335d5ddfca1f2,480,914,480,974,True,True,0.648070216178894,0.35192978382110596,0.9096566438674927,0.09034335613250732,data/nips2017/images/715335d5ddfca1f2.png,outputs/nips2017/nips2017_selected_20260714_195944/vim-small/ablation_and_no_verifier/sample_0619/images/final_selected.png,add light mist,[],[],False,True
vim-small,621,740981d161a38bad,571,148,571,897,True,True,0.09370351582765579,0.9062964841723442,0.5706665515899658,0.4293334484100342,data/nips2017/images/740981d161a38bad.png,outputs/nips2017/nips2017_selected_20260714_195944/vim-small/ablation_and_no_verifier/sample_0621/images/final_selected.png,place in sunlit alleyway,[],[],False,True
vim-small,622,789417c091011f53,344,176,344,348,True,True,0.5856450796127319,0.41435492038726807,0.7826011180877686,0.21739888191223145,data/nips2017/images/789417c091011f53.png,outputs/nips2017/nips2017_selected_20260714_195944/vim-small/ablation_and_no_verifier/sample_0622/images/final_selected.png,place in dry savanna,[],[],False,True
vim-small,623,803450d936b35ebb,933,257,933,931,True,True,0.8024805784225464,0.1975194215774536,0.559603214263916,0.440396785736084,data/nips2017/images/803450d936b35ebb.png,outputs/nips2017/nips2017_selected_20260714_195944/vim-small/ablation_and_no_verifier/sample_0623/images/final_selected.png,coated in fine dust,[],[],False,True
vim-small,624,943274babd06a662,668,677,668,498,True,True,0.8769881725311279,0.12301182746887207,0.9274553656578064,0.0725446343421936,data/nips2017/images/943274babd06a662.png,outputs/nips2017/nips2017_selected_20260714_195944/vim-small/ablation_and_no_verifier/sample_0624/images/final_selected.png,change lighting to dusk,[],[],False,True
vim-small,625,957529a2abaa0581,882,647,882,477,True,True,0.9501457214355469,0.049854278564453125,0.8843966722488403,0.11560332775115967,data/nips2017/images/957529a2abaa0581.png,outputs/nips2017/nips2017_selected_20260714_195944/vim-small/ablation_and_no_verifier/sample_0625/images/final_selected.png,a photo of vacuum in the background,[882],"[""vacuum""]",False,True
vim-small,626,979757e16b67ac7e,322,797,322,470,True,True,0.897337794303894,0.10266220569610596,0.8088511824607849,0.1911488175392151,data/nips2017/images/979757e16b67ac7e.png,outputs/nips2017/nips2017_selected_20260714_195944/vim-small/ablation_and_no_verifier/sample_0626/images/final_selected.png,introduce light mist,[],[],False,True
vim-small,628,1484479b7630af0a,701,903,701,947,True,True,0.6995553970336914,0.3004446029663086,0.4658176302909851,0.5341823697090149,data/nips2017/images/1484479b7630af0a.png,outputs/nips2017/nips2017_selected_20260714_195944/vim-small/ablation_and_no_verifier/sample_0628/images/final_selected.png,a photo of parachute in the background,[701],"[""parachute""]",False,True
vim-small,629,2200794c59b1808e,310,213,310,988,True,True,0.873916506767273,0.12608349323272705,0.8228167295455933,0.17718327045440674,data/nips2017/images/2200794c59b1808e.png,outputs/nips2017/nips2017_selected_20260714_195944/vim-small/ablation_and_no_verifier/sample_0629/images/final_selected.png,place scene on damp soil,[],[],False,True
vim-small,631,5973419efd52f783,624,794,624,762,True,True,0.9006519317626953,0.09934806823730469,0.7078927755355835,0.2921072244644165,data/nips2017/images/5973419efd52f783.png,outputs/nips2017/nips2017_selected_20260714_195944/vim-small/ablation_and_no_verifier/sample_0631/images/final_selected.png,a photo of library in the background,[624],"[""library""]",False,True
vim-small,632,7453471febf1db6f,594,89,594,557,True,True,0.917284369468689,0.08271563053131104,0.8899610042572021,0.11003899574279785,data/nips2017/images/7453471febf1db6f.png,outputs/nips2017/nips2017_selected_20260714_195944/vim-small/ablation_and_no_verifier/sample_0632/images/final_selected.png,introduce gentle haze,[],[],False,True
vim-small,633,8020698d79dc39f2,854,953,854,687,True,True,0.4586855173110962,0.5413144826889038,0.45913025736808777,0.5408697426319122,data/nips2017/images/8020698d79dc39f2.png,outputs/nips2017/nips2017_selected_20260714_195944/vim-small/ablation_and_no_verifier/sample_0633/images/final_selected.png,place scene in grand hall,[579],"[""grand piano""]",False,True
vim-small,634,8090736c8299ab28,979,893,979,972,True,True,0.8713457584381104,0.12865424156188965,0.8688044548034668,0.1311955451965332,data/nips2017/images/8090736c8299ab28.png,outputs/nips2017/nips2017_selected_20260714_195944/vim-small/ablation_and_no_verifier/sample_0634/images/final_selected.png,introduce soft haze,[],[],False,True
vim-small,636,8868879c2acd5d9e,321,129,321,322,True,True,0.5536400079727173,0.4463599920272827,0.553781270980835,0.44621872901916504,data/nips2017/images/8868879c2acd5d9e.png,outputs/nips2017/nips2017_selected_20260714_195944/vim-small/ablation_and_no_verifier/sample_0636/images/final_selected.png,place in sunlit meadow,[],[],False,True
vim-small,638,23955512cd0e1191,475,741,475,627,True,True,0.7972207069396973,0.20277929306030273,0.6195650100708008,0.3804349899291992,data/nips2017/images/23955512cd0e1191.png,outputs/nips2017/nips2017_selected_20260714_195944/vim-small/ablation_and_no_verifier/sample_0638/images/final_selected.png,shift to twilight setting,[],[],False,True
vim-small,640,49591319edeb6b3a,308,415,308,305,True,True,0.829853892326355,0.17014610767364502,0.6662542819976807,0.33374571800231934,data/nips2017/images/49591319edeb6b3a.png,outputs/nips2017/nips2017_selected_20260714_195944/vim-small/ablation_and_no_verifier/sample_0640/images/final_selected.png,coated in fine dust,[],[],False,True
vim-small,641,54666421b4a6998f,919,758,919,427,True,True,0.5201836824417114,0.4798163175582886,0.6560527086257935,0.34394729137420654,data/nips2017/images/54666421b4a6998f.png,outputs/nips2017/nips2017_selected_20260714_195944/vim-small/ablation_and_no_verifier/sample_0641/images/final_selected.png,a photo of street sign in the background,[919],"[""street sign""]",False,True
vim-small,642,71080285ad6cb4e9,455,477,455,700,True,True,0.7863092422485352,0.21369075775146484,0.8041427135467529,0.19585728645324707,data/nips2017/images/71080285ad6cb4e9.png,outputs/nips2017/nips2017_selected_20260714_195944/vim-small/ablation_and_no_verifier/sample_0642/images/final_selected.png,add slight humidity,[],[],False,True
vim-small,643,76886996d4ab4614,974,762,974,437,True,True,0.33223986625671387,0.6677601337432861,0.382534384727478,0.617465615272522,data/nips2017/images/76886996d4ab4614.png,outputs/nips2017/nips2017_selected_20260714_195944/vim-small/ablation_and_no_verifier/sample_0643/images/final_selected.png,change light to dusk,[],[],False,True
vim-small,644,80177288cda51d95,640,604,640,78,True,True,0.5915330648422241,0.4084669351577759,0.3992472290992737,0.6007527709007263,data/nips2017/images/80177288cda51d95.png,outputs/nips2017/nips2017_selected_20260714_195944/vim-small/ablation_and_no_verifier/sample_0644/images/final_selected.png,a photo of manhole cover in the background,[640],"[""manhole cover""]",False,True
vim-small,645,81804435ad51df95,436,240,436,734,True,True,0.9519023895263672,0.04809761047363281,0.9410144090652466,0.05898559093475342,data/nips2017/images/81804435ad51df95.png,outputs/nips2017/nips2017_selected_20260714_195944/vim-small/ablation_and_no_verifier/sample_0645/images/final_selected.png,add light drizzle,[],[],False,True
vim-small,646,84640859ee739095,719,579,719,332,True,True,0.7695624828338623,0.2304375171661377,0.7147767543792725,0.28522324562072754,data/nips2017/images/84640859ee739095.png,outputs/nips2017/nips2017_selected_20260714_195944/vim-small/ablation_and_no_verifier/sample_0646/images/final_selected.png,a photo of piggy bank in the background,[719],"[""piggy bank""]",False,True
vim-small,647,088560551b91ceb0,982,796,982,578,True,True,0.817669153213501,0.18233084678649902,0.8429390788078308,0.1570609211921692,data/nips2017/images/088560551b91ceb0.png,outputs/nips2017/nips2017_selected_20260714_195944/vim-small/ablation_and_no_verifier/sample_0647/images/final_selected.png,a photo of groom in the background,[982],"[""groom""]",False,True
vim-small,649,93114736f072d6d3,616,762,616,636,True,True,0.625098466873169,0.37490153312683105,0.611304759979248,0.38869524002075195,data/nips2017/images/93114736f072d6d3.png,outputs/nips2017/nips2017_selected_20260714_195944/vim-small/ablation_and_no_verifier/sample_0649/images/final_selected.png,coated in aged leather,[],[],False,True
vim-small,650,150249123e81930d,922,484,922,692,True,True,0.7689386606216431,0.23106133937835693,0.7346223592758179,0.26537764072418213,data/nips2017/images/150249123e81930d.png,outputs/nips2017/nips2017_selected_20260714_195944/vim-small/ablation_and_no_verifier/sample_0650/images/final_selected.png,covered in aged parchment,[],[],False,True
vim-small,651,217597258ac12258,582,804,582,509,True,True,0.8331966400146484,0.16680335998535156,0.7602401971817017,0.23975980281829834,data/nips2017/images/217597258ac12258.png,outputs/nips2017/nips2017_selected_20260714_195944/vim-small/ablation_and_no_verifier/sample_0651/images/final_selected.png,a photo of grocery store in the background,[582],"[""grocery store""]",False,True
vim-small,653,493694833dc23399,537,834,537,249,True,True,0.8144642114639282,0.18553578853607178,0.8466941118240356,0.15330588817596436,data/nips2017/images/493694833dc23399.png,outputs/nips2017/nips2017_selected_20260714_195944/vim-small/ablation_and_no_verifier/sample_0653/images/final_selected.png,shift to open field,[],[],False,True
vim-small,655,692016122b9e07a6,959,122,959,488,True,True,0.4871678352355957,0.5128321647644043,0.5890851020812988,0.41091489791870117,data/nips2017/images/692016122b9e07a6.png,outputs/nips2017/nips2017_selected_20260714_195944/vim-small/ablation_and_no_verifier/sample_0655/images/final_selected.png,coated in golden sheen,[],[],False,True
vim-small,656,784232355d49601b,326,160,326,322,True,True,0.800004243850708,0.199995756149292,0.709760308265686,0.29023969173431396,data/nips2017/images/784232355d49601b.png,outputs/nips2017/nips2017_selected_20260714_195944/vim-small/ablation_and_no_verifier/sample_0656/images/final_selected.png,change lighting to golden hour,[],[],False,True
vim-small,657,4063377442ea93d3,595,813,595,972,True,True,0.8932099342346191,0.10679006576538086,0.857541024684906,0.142458975315094,data/nips2017/images/4063377442ea93d3.png,outputs/nips2017/nips2017_selected_20260714_195944/vim-small/ablation_and_no_verifier/sample_0657/images/final_selected.png,introduce light mist,[],[],False,True
vim-small,659,8555611998ea426a,990,496,990,998,True,True,0.8576514720916748,0.1423485279083252,0.8677924871444702,0.13220751285552979,data/nips2017/images/8555611998ea426a.png,outputs/nips2017/nips2017_selected_20260714_195944/vim-small/ablation_and_no_verifier/sample_0659/images/final_selected.png,shift to open field,[],[],False,True
vim-small,660,8724748782cb6c31,75,646,75,311,True,True,0.7390976548194885,0.2609023451805115,0.6005117893218994,0.3994882106781006,data/nips2017/images/8724748782cb6c31.png,outputs/nips2017/nips2017_selected_20260714_195944/vim-small/ablation_and_no_verifier/sample_0660/images/final_selected.png,a photo of black widow in the background,[75],"[""black widow""]",False,True
vim-small,661,65251969959ce0e6,937,836,937,991,True,True,0.20927762985229492,0.7907223701477051,0.36204978823661804,0.637950211763382,data/nips2017/images/65251969959ce0e6.png,outputs/nips2017/nips2017_selected_20260714_195944/vim-small/ablation_and_no_verifier/sample_0661/images/final_selected.png,coated in pale wax,[],[],False,True
vim-small,663,55599050147071cc,472,961,472,693,True,True,0.5307865738868713,0.46921342611312866,0.6141010522842407,0.3858989477157593,data/nips2017/images/55599050147071cc.png,outputs/nips2017/nips2017_selected_20260714_195944/vim-small/ablation_and_no_verifier/sample_0663/images/final_selected.png,a photo of canoe in the background,[472],"[""canoe""]",False,True
vim-small,664,95185508805329aa,652,720,652,715,True,True,0.47348329424858093,0.5265167057514191,0.21030890941619873,0.7896910905838013,data/nips2017/images/95185508805329aa.png,outputs/nips2017/nips2017_selected_20260714_195944/vim-small/ablation_and_no_verifier/sample_0664/images/final_selected.png,coated in aged brass,[458],"[""brass""]",False,True
vim-small,665,a00c8d22e63497c4,430,891,430,805,True,True,0.9030585289001465,0.09694147109985352,0.781700849533081,0.21829915046691895,data/nips2017/images/a00c8d22e63497c4.png,outputs/nips2017/nips2017_selected_20260714_195944/vim-small/ablation_and_no_verifier/sample_0665/images/final_selected.png,a photo of basketball in the background,[430],"[""basketball""]",False,True
vim-small,666,a2de1f4f2c1021fa,455,184,455,635,True,True,0.4839550256729126,0.5160449743270874,0.8650254011154175,0.13497459888458252,data/nips2017/images/a2de1f4f2c1021fa.png,outputs/nips2017/nips2017_selected_20260714_195944/vim-small/ablation_and_no_verifier/sample_0666/images/final_selected.png,place in rough wood,[],[],False,True
vim-small,667,a3c4dd88edacb575,399,350,399,735,True,True,0.5693162083625793,0.43068379163742065,0.34065961837768555,0.6593403816223145,data/nips2017/images/a3c4dd88edacb575.png,outputs/nips2017/nips2017_selected_20260714_195944/vim-small/ablation_and_no_verifier/sample_0667/images/final_selected.png,coated in rough linen,[],[],False,True
vim-small,668,a3c651cf20ee2d34,640,560,640,122,True,True,0.8713521957397461,0.1286478042602539,0.5958104133605957,0.4041895866394043,data/nips2017/images/a3c651cf20ee2d34.png,outputs/nips2017/nips2017_selected_20260714_195944/vim-small/ablation_and_no_verifier/sample_0668/images/final_selected.png,coated in oxidized copper,[],[],False,True
vim-small,669,a4f718e554dd18dd,975,94,975,132,True,True,0.5849312543869019,0.41506874561309814,0.6436668634414673,0.3563331365585327,data/nips2017/images/a4f718e554dd18dd.png,outputs/nips2017/nips2017_selected_20260714_195944/vim-small/ablation_and_no_verifier/sample_0669/images/final_selected.png,a photo of lakeside in the background,[975],"[""lakeside""]",False,True
vim-small,671,a8c3363bbcc7015c,738,839,738,580,True,True,0.6780574321746826,0.3219425678253174,0.6861039996147156,0.3138960003852844,data/nips2017/images/a8c3363bbcc7015c.png,outputs/nips2017/nips2017_selected_20260714_195944/vim-small/ablation_and_no_verifier/sample_0671/images/final_selected.png,place in sunlit conservatory,[],[],False,True
vim-small,674,a8fe76c687b00e33,597,118,597,570,True,True,0.8346565961837769,0.16534340381622314,0.8252078294754028,0.17479217052459717,data/nips2017/images/a8fe76c687b00e33.png,outputs/nips2017/nips2017_selected_20260714_195944/vim-small/ablation_and_no_verifier/sample_0674/images/final_selected.png,add gentle haze,[],[],False,True
vim-small,675,a28beac14b9037da,404,350,404,972,True,True,0.4462057054042816,0.5537942945957184,0.5771072506904602,0.4228927493095398,data/nips2017/images/a28beac14b9037da.png,outputs/nips2017/nips2017_selected_20260714_195944/vim-small/ablation_and_no_verifier/sample_0675/images/final_selected.png,a photo of airliner in the background,[404],"[""airliner""]",False,True
vim-small,676,a33af1b9f8b8a81b,879,666,879,614,True,True,0.9243483543395996,0.07565164566040039,0.7407796382904053,0.2592203617095947,data/nips2017/images/a33af1b9f8b8a81b.png,outputs/nips2017/nips2017_selected_20260714_195944/vim-small/ablation_and_no_verifier/sample_0676/images/final_selected.png,coated in sheer silk,[],[],False,True
vim-small,677,a64ae1acd9d09a87,130,82,130,144,True,True,0.6204674243927002,0.3795325756072998,0.5769007205963135,0.4230992794036865,data/nips2017/images/a64ae1acd9d09a87.png,outputs/nips2017/nips2017_selected_20260714_195944/vim-small/ablation_and_no_verifier/sample_0677/images/final_selected.png,a photo of flamingo in the background,[130],"[""flamingo""]",False,True
vim-small,678,a70b1cda0776cba6,142,118,142,139,True,True,0.6447309851646423,0.35526901483535767,0.6905515789985657,0.3094484210014343,data/nips2017/images/a70b1cda0776cba6.png,outputs/nips2017/nips2017_selected_20260714_195944/vim-small/ablation_and_no_verifier/sample_0678/images/final_selected.png,coated in damp moss,[],[],False,True
vim-small,679,a74f197288b10a0d,807,747,807,595,True,True,0.9216369986534119,0.07836300134658813,0.7994345426559448,0.20056545734405518,data/nips2017/images/a74f197288b10a0d.png,outputs/nips2017/nips2017_selected_20260714_195944/vim-small/ablation_and_no_verifier/sample_0679/images/final_selected.png,coated in oxidized copper,[],[],False,True
vim-small,680,a84ead15406596ce,479,936,479,535,True,True,0.7405943870544434,0.25940561294555664,0.6107844114303589,0.3892155885696411,data/nips2017/images/a84ead15406596ce.png,outputs/nips2017/nips2017_selected_20260714_195944/vim-small/ablation_and_no_verifier/sample_0680/images/final_selected.png,coated in matte black,[],[],False,True
vim-small,681,a90d9627e2145090,425,721,425,59,True,True,0.2859606444835663,0.7140393555164337,0.5434079170227051,0.4565920829772949,data/nips2017/images/a90d9627e2145090.png,outputs/nips2017/nips2017_selected_20260714_195944/vim-small/ablation_and_no_verifier/sample_0681/images/final_selected.png,a photo of barn in the background,[425],"[""barn""]",False,True
vim-small,683,a92babc0a6436d3b,759,654,759,622,True,True,0.9250609874725342,0.07493901252746582,0.8426824808120728,0.15731751918792725,data/nips2017/images/a92babc0a6436d3b.png,outputs/nips2017/nips2017_selected_20260714_195944/vim-small/ablation_and_no_verifier/sample_0683/images/final_selected.png,apply soft ambient light,[],[],False,True
vim-small,685,a187afb98f295057,120,754,120,119,True,True,0.5206107497215271,0.4793892502784729,0.4746074676513672,0.5253925323486328,data/nips2017/images/a187afb98f295057.png,outputs/nips2017/nips2017_selected_20260714_195944/vim-small/ablation_and_no_verifier/sample_0685/images/final_selected.png,a photo of fiddler crab in the background,[120],"[""fiddler crab""]",False,True
vim-small,686,a193f7ae7d550a82,737,630,737,838,True,True,0.8585889935493469,0.14141100645065308,0.8670328855514526,0.13296711444854736,data/nips2017/images/a193f7ae7d550a82.png,outputs/nips2017/nips2017_selected_20260714_195944/vim-small/ablation_and_no_verifier/sample_0686/images/final_selected.png,a photo of pop bottle in the background,[737],"[""pop bottle""]",False,True
vim-small,687,a414ccf5c51454e0,829,865,829,604,True,True,0.8575531244277954,0.1424468755722046,0.707844078540802,0.292155921459198,data/nips2017/images/a414ccf5c51454e0.png,outputs/nips2017/nips2017_selected_20260714_195944/vim-small/ablation_and_no_verifier/sample_0687/images/final_selected.png,coated in polished chrome,[],[],False,True
vim-small,688,a777db736ecdfb65,325,55,325,947,True,True,0.8098403215408325,0.19015967845916748,0.9037492275238037,0.09625077247619629,data/nips2017/images/a777db736ecdfb65.png,outputs/nips2017/nips2017_selected_20260714_195944/vim-small/ablation_and_no_verifier/sample_0688/images/final_selected.png,place in dry grass,[],[],False,True
vim-small,689,a5949b0719d3ea77,980,472,980,644,True,True,0.11928641051054001,0.88071358948946,0.17490911483764648,0.8250908851623535,data/nips2017/images/a5949b0719d3ea77.png,outputs/nips2017/nips2017_selected_20260714_195944/vim-small/ablation_and_no_verifier/sample_0689/images/final_selected.png,a photo of volcano in the background,[980],"[""volcano""]",False,True
vim-small,690,a6535c039bfeba2c,535,291,535,733,True,True,0.5249100923538208,0.4750899076461792,0.6889177560806274,0.31108224391937256,data/nips2017/images/a6535c039bfeba2c.png,outputs/nips2017/nips2017_selected_20260714_195944/vim-small/ablation_and_no_verifier/sample_0690/images/final_selected.png,place in industrial setting,[],[],False,True
vim-small,691,a7151de51c2f1d0b,344,213,344,50,True,True,0.6465204954147339,0.3534795045852661,0.7057607173919678,0.2942392826080322,data/nips2017/images/a7151de51c2f1d0b.png,outputs/nips2017/nips2017_selected_20260714_195944/vim-small/ablation_and_no_verifier/sample_0691/images/final_selected.png,a photo of hippopotamus in the background,[344],"[""hippopotamus""]",False,True
vim-small,692,a8631b077e74f7aa,479,485,479,535,True,True,0.8956330418586731,0.1043669581413269,0.8029714822769165,0.1970285177230835,data/nips2017/images/a8631b077e74f7aa.png,outputs/nips2017/nips2017_selected_20260714_195944/vim-small/ablation_and_no_verifier/sample_0692/images/final_selected.png,a photo of car wheel in the background,[479],"[""car wheel""]",False,True
vim-small,694,a97274c7e80a1764,865,925,865,788,True,True,0.7133883237838745,0.2866116762161255,0.767846941947937,0.232153058052063,data/nips2017/images/a97274c7e80a1764.png,outputs/nips2017/nips2017_selected_20260714_195944/vim-small/ablation_and_no_verifier/sample_0694/images/final_selected.png,a photo of toyshop in the background,[865],"[""toyshop""]",False,True
vim-small,696,a920691cf2d50f79,946,951,946,328,True,True,0.8997796177864075,0.10022038221359253,0.7680518627166748,0.2319481372833252,data/nips2017/images/a920691cf2d50f79.png,outputs/nips2017/nips2017_selected_20260714_195944/vim-small/ablation_and_no_verifier/sample_0696/images/final_selected.png,coated in deep crimson,[],[],False,True
vim-small,697,a52570066ecc61fd,975,582,975,343,True,True,0.8101877570152283,0.18981224298477173,0.7667241096496582,0.2332758903503418,data/nips2017/images/a52570066ecc61fd.png,outputs/nips2017/nips2017_selected_20260714_195944/vim-small/ablation_and_no_verifier/sample_0697/images/final_selected.png,apply soft afternoon haze,[],[],False,True
vim-small,698,aa4e1cf9cb6e7801,895,839,895,403,True,True,0.9508410692214966,0.04915893077850342,0.938156247138977,0.06184375286102295,data/nips2017/images/aa4e1cf9cb6e7801.png,outputs/nips2017/nips2017_selected_20260714_195944/vim-small/ablation_and_no_verifier/sample_0698/images/final_selected.png,place on tarmac,[],[],False,True
vim-small,699,aa07ba1587ec047e,468,899,468,657,True,True,0.9128117561340332,0.0871882438659668,0.9271216988563538,0.07287830114364624,data/nips2017/images/aa07ba1587ec047e.png,outputs/nips2017/nips2017_selected_20260714_195944/vim-small/ablation_and_no_verifier/sample_0699/images/final_selected.png,add light mist effect,[],[],False,True
vim-small,700,aa90f93ed6fae139,309,827,309,316,True,True,0.6746511459350586,0.3253488540649414,0.5322047472000122,0.4677952527999878,data/nips2017/images/aa90f93ed6fae139.png,outputs/nips2017/nips2017_selected_20260714_195944/vim-small/ablation_and_no_verifier/sample_0700/images/final_selected.png,a photo of bee in the background,[309],"[""bee""]",False,True
vim-small,701,ab3fef142d031784,656,736,656,468,True,True,0.5414565205574036,0.45854347944259644,0.6492601633071899,0.35073983669281006,data/nips2017/images/ab3fef142d031784.png,outputs/nips2017/nips2017_selected_20260714_195944/vim-small/ablation_and_no_verifier/sample_0701/images/final_selected.png,move to urban street,[],[],False,True
vim-small,702,ab42aa5e9745c214,581,590,581,447,True,True,0.8399629592895508,0.16003704071044922,0.7530893087387085,0.2469106912612915,data/nips2017/images/ab42aa5e9745c214.png,outputs/nips2017/nips2017_selected_20260714_195944/vim-small/ablation_and_no_verifier/sample_0702/images/final_selected.png,coated in polished chrome,[],[],False,True
vim-small,703,ab8329c28d8538c3,468,12,468,974,True,True,0.8430444002151489,0.15695559978485107,0.6620420813560486,0.3379579186439514,data/nips2017/images/ab8329c28d8538c3.png,outputs/nips2017/nips2017_selected_20260714_195944/vim-small/ablation_and_no_verifier/sample_0703/images/final_selected.png,a photo of cab in the background,[468],"[""cab""]",False,True
vim-small,704,abd121ef53a69ef8,239,334,239,232,True,True,0.7542346119880676,0.24576538801193237,0.550207257270813,0.449792742729187,data/nips2017/images/abd121ef53a69ef8.png,outputs/nips2017/nips2017_selected_20260714_195944/vim-small/ablation_and_no_verifier/sample_0704/images/final_selected.png,coated in soft moss,[],[],False,True
vim-small,705,abe9504895f6e8dd,565,606,565,820,True,True,0.8747594356536865,0.12524056434631348,0.6681687235832214,0.33183127641677856,data/nips2017/images/abe9504895f6e8dd.png,outputs/nips2017/nips2017_selected_20260714_195944/vim-small/ablation_and_no_verifier/sample_0705/images/final_selected.png,change lighting to dusk,[],[],False,True
vim-small,706,ac2a8a4777dbe746,895,45,895,404,True,True,0.9277216196060181,0.07227838039398193,0.835311770439148,0.16468822956085205,data/nips2017/images/ac2a8a4777dbe746.png,outputs/nips2017/nips2017_selected_20260714_195944/vim-small/ablation_and_no_verifier/sample_0706/images/final_selected.png,change lighting to dusk,[],[],False,True
vim-small,708,ac668c13ccfd4b79,597,750,597,787,True,True,0.7225086688995361,0.27749133110046387,0.7562923431396484,0.24370765686035156,data/nips2017/images/ac668c13ccfd4b79.png,outputs/nips2017/nips2017_selected_20260714_195944/vim-small/ablation_and_no_verifier/sample_0708/images/final_selected.png,place in stone alcove,[],[],False,True
vim-small,709,acd99e9b7128395a,858,752,858,538,True,True,0.8740077614784241,0.12599223852157593,0.8183318972587585,0.18166810274124146,data/nips2017/images/acd99e9b7128395a.png,outputs/nips2017/nips2017_selected_20260714_195944/vim-small/ablation_and_no_verifier/sample_0709/images/final_selected.png,change light to dusk,[],[],False,True
vim-small,710,ad43e858c614db4d,967,70,967,731,True,True,0.5151299834251404,0.4848700165748596,0.5317206382751465,0.4682793617248535,data/nips2017/images/ad43e858c614db4d.png,outputs/nips2017/nips2017_selected_20260714_195944/vim-small/ablation_and_no_verifier/sample_0710/images/final_selected.png,diffuse the light softly,[],[],False,True
vim-small,711,ad333e5d6953cbbf,632,296,632,818,True,True,0.37933745980262756,0.6206625401973724,0.7201825380325317,0.27981746196746826,data/nips2017/images/ad333e5d6953cbbf.png,outputs/nips2017/nips2017_selected_20260714_195944/vim-small/ablation_and_no_verifier/sample_0711/images/final_selected.png,place in studio setting,[],[],False,True
vim-small,713,ae24c23192976a40,751,887,751,408,True,True,0.8049906492233276,0.19500935077667236,0.5126540064811707,0.48734599351882935,data/nips2017/images/ae24c23192976a40.png,outputs/nips2017/nips2017_selected_20260714_195944/vim-small/ablation_and_no_verifier/sample_0713/images/final_selected.png,a photo of racer in the background,[751],"[""racer""]",False,True
vim-small,714,ae78688b32986638,912,878,912,646,True,True,0.6268885135650635,0.3731114864349365,0.5236110687255859,0.47638893127441406,data/nips2017/images/ae78688b32986638.png,outputs/nips2017/nips2017_selected_20260714_195944/vim-small/ablation_and_no_verifier/sample_0714/images/final_selected.png,coated in pale moss,[],[],False,True
vim-small,715,af2ac1705dc19a5f,383,98,383,371,True,True,0.4622475504875183,0.5377524495124817,0.6546436548233032,0.3453563451766968,data/nips2017/images/af2ac1705dc19a5f.png,outputs/nips2017/nips2017_selected_20260714_195944/vim-small/ablation_and_no_verifier/sample_0715/images/final_selected.png,introduce gentle haze,[],[],False,True
vim-small,717,af3736cca01a2d28,317,765,317,319,True,True,0.5105928182601929,0.48940718173980713,0.7090550661087036,0.2909449338912964,data/nips2017/images/af3736cca01a2d28.png,outputs/nips2017/nips2017_selected_20260714_195944/vim-small/ablation_and_no_verifier/sample_0717/images/final_selected.png,place in sunlit meadow,[],[],False,True
vim-small,718,afa0f88aaab03427,544,2,544,845,True,True,0.613409161567688,0.386590838432312,0.4826214909553528,0.5173785090446472,data/nips2017/images/afa0f88aaab03427.png,outputs/nips2017/nips2017_selected_20260714_195944/vim-small/ablation_and_no_verifier/sample_0718/images/final_selected.png,place in dry earth,[],[],False,True
vim-small,719,afb0233b2e0545c4,580,958,580,646,True,True,0.5149320960044861,0.4850679039955139,0.641905665397644,0.35809433460235596,data/nips2017/images/afb0233b2e0545c4.png,outputs/nips2017/nips2017_selected_20260714_195944/vim-small/ablation_and_no_verifier/sample_0719/images/final_selected.png,shift to open field,[],[],False,True
vim-small,720,afe045d68f1a60d0,989,955,989,323,True,True,0.8298122882843018,0.17018771171569824,0.7614365816116333,0.2385634183883667,data/nips2017/images/afe045d68f1a60d0.png,outputs/nips2017/nips2017_selected_20260714_195944/vim-small/ablation_and_no_verifier/sample_0720/images/final_selected.png,introduce soft haze,[],[],False,True
vim-small,721,b0bb1ea9bcc45800,844,455,844,540,True,True,0.14449545741081238,0.8555045425891876,0.3953660726547241,0.6046339273452759,data/nips2017/images/b0bb1ea9bcc45800.png,outputs/nips2017/nips2017_selected_20260714_195944/vim-small/ablation_and_no_verifier/sample_0721/images/final_selected.png,shift to industrial setting,[],[],False,True
vim-small,722,b0e0e06e647b478f,483,914,483,663,True,True,0.47598645091056824,0.5240135490894318,0.48102161288261414,0.5189783871173859,data/nips2017/images/b0e0e06e647b478f.png,outputs/nips2017/nips2017_selected_20260714_195944/vim-small/ablation_and_no_verifier/sample_0722/images/final_selected.png,a photo of castle in the background,[483],"[""castle""]",False,True
vim-small,723,b1bf532ce2c4c3a1,874,556,874,654,True,True,0.9001890420913696,0.09981095790863037,0.9007556438446045,0.09924435615539551,data/nips2017/images/b1bf532ce2c4c3a1.png,outputs/nips2017/nips2017_selected_20260714_195944/vim-small/ablation_and_no_verifier/sample_0723/images/final_selected.png,apply soft afternoon haze,[],[],False,True
vim-small,724,b1e69e9c3d740f4c,3,832,3,973,True,True,0.8324695229530334,0.16753047704696655,0.6147355437278748,0.38526445627212524,data/nips2017/images/b1e69e9c3d740f4c.png,outputs/nips2017/nips2017_selected_20260714_195944/vim-small/ablation_and_no_verifier/sample_0724/images/final_selected.png,covered in algae growth,[],[],False,True
vim-small,725,b2a7e558f1a3ff16,619,535,619,818,True,True,0.719720721244812,0.280279278755188,0.5307139158248901,0.46928608417510986,data/nips2017/images/b2a7e558f1a3ff16.png,outputs/nips2017/nips2017_selected_20260714_195944/vim-small/ablation_and_no_verifier/sample_0725/images/final_selected.png,a photo of lampshade in the background,[619],"[""lampshade""]",False,True
vim-small,726,b02b553998809e17,703,846,703,975,True,True,0.533660888671875,0.466339111328125,0.46585825085639954,0.5341417491436005,data/nips2017/images/b02b553998809e17.png,outputs/nips2017/nips2017_selected_20260714_195944/vim-small/ablation_and_no_verifier/sample_0726/images/final_selected.png,a photo of park bench in the background,[703],"[""park bench""]",False,True
vim-small,727,b3ba6f0352a29b2d,751,562,751,817,True,True,0.9323951005935669,0.0676048994064331,0.8636543154716492,0.13634568452835083,data/nips2017/images/b3ba6f0352a29b2d.png,outputs/nips2017/nips2017_selected_20260714_195944/vim-small/ablation_and_no_verifier/sample_0727/images/final_selected.png,change lighting to dusk,[],[],False,True
vim-small,728,b3c384a2d1a391c0,630,455,630,706,True,True,-0.021949920803308487,1.0219499208033085,0.048951223492622375,0.9510487765073776,data/nips2017/images/b3c384a2d1a391c0.png,outputs/nips2017/nips2017_selected_20260714_195944/vim-small/ablation_and_no_verifier/sample_0728/images/final_selected.png,place in sunlit patio,[706],"[""patio""]",True,False
vim-small,729,b3f200c672c5ca4f,975,274,975,979,True,True,0.5398103594779968,0.4601896405220032,0.617189884185791,0.382810115814209,data/nips2017/images/b3f200c672c5ca4f.png,outputs/nips2017/nips2017_selected_20260714_195944/vim-small/ablation_and_no_verifier/sample_0729/images/final_selected.png,shift to rolling hills,[],[],False,True
vim-small,730,b6c6a5b7829fbc9b,472,505,472,576,True,True,0.92423415184021,0.07576584815979004,0.8297532796859741,0.17024672031402588,data/nips2017/images/b6c6a5b7829fbc9b.png,outputs/nips2017/nips2017_selected_20260714_195944/vim-small/ablation_and_no_verifier/sample_0730/images/final_selected.png,change light to dusk,[],[],False,True
vim-small,731,b7d9e1d8cf1d7912,518,484,518,802,True,True,0.8522655367851257,0.14773446321487427,0.8942965269088745,0.10570347309112549,data/nips2017/images/b7d9e1d8cf1d7912.png,outputs/nips2017/nips2017_selected_20260714_195944/vim-small/ablation_and_no_verifier/sample_0731/images/final_selected.png,a photo of crash helmet in the background,[518],"[""crash helmet""]",False,True
vim-small,732,b11fa0f292c0178f,701,900,701,538,True,True,0.5492258071899414,0.4507741928100586,0.44607973098754883,0.5539202690124512,data/nips2017/images/b11fa0f292c0178f.png,outputs/nips2017/nips2017_selected_20260714_195944/vim-small/ablation_and_no_verifier/sample_0732/images/final_selected.png,a photo of parachute in the background,[701],"[""parachute""]",False,True
vim-small,733,b19e2df06dbcccd9,672,815,672,970,True,True,0.4160834550857544,0.5839165449142456,0.5421444177627563,0.45785558223724365,data/nips2017/images/b19e2df06dbcccd9.png,outputs/nips2017/nips2017_selected_20260714_195944/vim-small/ablation_and_no_verifier/sample_0733/images/final_selected.png,a photo of mountain tent in the background,[672],"[""mountain tent""]",False,True
vim-small,734,b48febf2b989205b,759,634,759,980,True,True,0.7795292139053345,0.22047078609466553,0.7967662811279297,0.2032337188720703,data/nips2017/images/b48febf2b989205b.png,outputs/nips2017/nips2017_selected_20260714_195944/vim-small/ablation_and_no_verifier/sample_0734/images/final_selected.png,introduce light mist,[],[],False,True
vim-small,735,b58e8d136aff5a50,624,564,624,454,True,True,0.7635458111763,0.23645418882369995,0.8565893769264221,0.14341062307357788,data/nips2017/images/b58e8d136aff5a50.png,outputs/nips2017/nips2017_selected_20260714_195944/vim-small/ablation_and_no_verifier/sample_0735/images/final_selected.png,covered in dark wood,[],[],False,True
vim-small,736,b74c05ecff5f99d8,406,567,406,663,True,True,0.7570797801017761,0.24292021989822388,0.6963829398155212,0.30361706018447876,data/nips2017/images/b74c05ecff5f99d8.png,outputs/nips2017/nips2017_selected_20260714_195944/vim-small/ablation_and_no_verifier/sample_0736/images/final_selected.png,a photo of altar in the background,[406],"[""altar""]",False,True
vim-small,738,b86d604067f50613,489,997,489,864,True,True,0.8312386274337769,0.16876137256622314,0.7904224991798401,0.2095775008201599,data/nips2017/images/b86d604067f50613.png,outputs/nips2017/nips2017_selected_20260714_195944/vim-small/ablation_and_no_verifier/sample_0738/images/final_selected.png,change lighting to dusk,[],[],False,True
vim-small,739,b89dbfcc49dcf156,888,466,888,663,True,True,0.7512980699539185,0.24870193004608154,0.7211439609527588,0.2788560390472412,data/nips2017/images/b89dbfcc49dcf156.png,outputs/nips2017/nips2017_selected_20260714_195944/vim-small/ablation_and_no_verifier/sample_0739/images/final_selected.png,place in arid canyon,[],[],False,True
vim-small,741,b239b5b3e1642f3b,913,745,913,974,True,True,0.9151193499565125,0.08488065004348755,0.9192185401916504,0.08078145980834961,data/nips2017/images/b239b5b3e1642f3b.png,outputs/nips2017/nips2017_selected_20260714_195944/vim-small/ablation_and_no_verifier/sample_0741/images/final_selected.png,introduce low mist,[],[],False,True
vim-small,742,b0619a61cf135f5e,984,419,984,815,True,True,0.7619651556015015,0.23803484439849854,0.7241113185882568,0.27588868141174316,data/nips2017/images/b0619a61cf135f5e.png,outputs/nips2017/nips2017_selected_20260714_195944/vim-small/ablation_and_no_verifier/sample_0742/images/final_selected.png,a photo of rapeseed in the background,[984],"[""rapeseed""]",False,True
vim-small,744,b722c809657aecee,776,639,776,62,True,True,0.6604394912719727,0.33956050872802734,0.7247147560119629,0.2752852439880371,data/nips2017/images/b722c809657aecee.png,outputs/nips2017/nips2017_selected_20260714_195944/vim-small/ablation_and_no_verifier/sample_0744/images/final_selected.png,shift to a grand ballroom,[579],"[""grand piano""]",False,True
vim-small,745,b5548ecffa20aac8,933,107,933,923,True,True,0.8098331689834595,0.19016683101654053,0.7399292588233948,0.2600707411766052,data/nips2017/images/b5548ecffa20aac8.png,outputs/nips2017/nips2017_selected_20260714_195944/vim-small/ablation_and_no_verifier/sample_0745/images/final_selected.png,coated in toasted crumbs,[],[],False,True
vim-small,746,b8596bba57a73794,351,40,351,353,True,True,0.830600917339325,0.16939908266067505,0.8195555806159973,0.18044441938400269,data/nips2017/images/b8596bba57a73794.png,outputs/nips2017/nips2017_selected_20260714_195944/vim-small/ablation_and_no_verifier/sample_0746/images/final_selected.png,a photo of hartebeest in the background,[351],"[""hartebeest""]",False,True
vim-small,747,b9310b9080c06e4f,866,268,866,730,True,True,0.8588273525238037,0.1411726474761963,0.8700878620147705,0.1299121379852295,data/nips2017/images/b9310b9080c06e4f.png,outputs/nips2017/nips2017_selected_20260714_195944/vim-small/ablation_and_no_verifier/sample_0747/images/final_selected.png,place in dry field,[],[],False,True
vim-small,748,b217644382dcd864,511,707,511,581,True,True,0.9134345054626465,0.08656549453735352,0.7529851794242859,0.2470148205757141,data/nips2017/images/b217644382dcd864.png,outputs/nips2017/nips2017_selected_20260714_195944/vim-small/ablation_and_no_verifier/sample_0748/images/final_selected.png,coated in aged patina,[],[],False,True
vim-small,749,ba4b978112a20be1,971,15,971,800,True,True,0.2728548049926758,0.7271451950073242,0.4431564509868622,0.5568435490131378,data/nips2017/images/ba4b978112a20be1.png,outputs/nips2017/nips2017_selected_20260714_195944/vim-small/ablation_and_no_verifier/sample_0749/images/final_selected.png,a photo of bubble in the background,[971],"[""bubble""]",False,True
vim-small,750,ba4508962af69d90,672,826,672,428,True,True,0.631611704826355,0.368388295173645,0.3117050528526306,0.6882949471473694,data/nips2017/images/ba4508962af69d90.png,outputs/nips2017/nips2017_selected_20260714_195944/vim-small/ablation_and_no_verifier/sample_0750/images/final_selected.png,a photo of mountain tent in the background,[672],"[""mountain tent""]",False,True
vim-small,751,baeb1300832574aa,971,659,971,417,True,True,0.8397135138511658,0.16028648614883423,0.7788127660751343,0.22118723392486572,data/nips2017/images/baeb1300832574aa.png,outputs/nips2017/nips2017_selected_20260714_195944/vim-small/ablation_and_no_verifier/sample_0751/images/final_selected.png,introduce gentle haze,[],[],False,True
vim-small,752,bb03be3702584eeb,671,623,671,870,True,True,0.9674023389816284,0.03259766101837158,0.6448183655738831,0.35518163442611694,data/nips2017/images/bb03be3702584eeb.png,outputs/nips2017/nips2017_selected_20260714_195944/vim-small/ablation_and_no_verifier/sample_0752/images/final_selected.png,coated in dark bronze,[],[],False,True
vim-small,753,bb6fcb4a52b4fc0f,734,509,734,656,True,True,0.921174168586731,0.07882583141326904,0.7446616888046265,0.25533831119537354,data/nips2017/images/bb6fcb4a52b4fc0f.png,outputs/nips2017/nips2017_selected_20260714_195944/vim-small/ablation_and_no_verifier/sample_0753/images/final_selected.png,coated in matte grey,[],[],False,True
vim-small,754,bb748281da5e8681,347,693,347,346,True,True,0.7579270005226135,0.24207299947738647,0.5819124579429626,0.41808754205703735,data/nips2017/images/bb748281da5e8681.png,outputs/nips2017/nips2017_selected_20260714_195944/vim-small/ablation_and_no_verifier/sample_0754/images/final_selected.png,a photo of bison in the background,[347],"[""bison""]",False,True
vim-small,755,bba5c56cc3eb07c9,920,593,920,718,True,True,0.8921758532524109,0.10782414674758911,0.7252379655838013,0.27476203441619873,data/nips2017/images/bba5c56cc3eb07c9.png,outputs/nips2017/nips2017_selected_20260714_195944/vim-small/ablation_and_no_verifier/sample_0755/images/final_selected.png,coated in aged brass,[458],"[""brass""]",False,True
vim-small,756,bc7dff0960bb3335,442,764,442,497,True,True,0.6970935463905334,0.30290645360946655,0.728816032409668,0.27118396759033203,data/nips2017/images/bc7dff0960bb3335.png,outputs/nips2017/nips2017_selected_20260714_195944/vim-small/ablation_and_no_verifier/sample_0756/images/final_selected.png,change lighting to dusk,[],[],False,True
vim-small,757,bc9a5e01c02e759e,922,17,922,549,True,True,0.6172904968261719,0.3827095031738281,0.6602804660797119,0.3397195339202881,data/nips2017/images/bc9a5e01c02e759e.png,outputs/nips2017/nips2017_selected_20260714_195944/vim-small/ablation_and_no_verifier/sample_0757/images/final_selected.png,a photo of menu in the background,[922],"[""menu""]",False,True
vim-small,758,bd3617fcc985fe31,832,60,832,698,True,True,0.790477454662323,0.209522545337677,0.3885904550552368,0.6114095449447632,data/nips2017/images/bd3617fcc985fe31.png,outputs/nips2017/nips2017_selected_20260714_195944/vim-small/ablation_and_no_verifier/sample_0758/images/final_selected.png,coated in aged patina,[],[],False,True
vim-small,759,be1c43056c5d0085,144,435,144,975,True,True,0.6352546215057373,0.3647453784942627,0.513163149356842,0.48683685064315796,data/nips2017/images/be1c43056c5d0085.png,outputs/nips2017/nips2017_selected_20260714_195944/vim-small/ablation_and_no_verifier/sample_0759/images/final_selected.png,coated in damp algae,[],[],False,True
vim-small,760,be9a3bea2989a0b4,717,676,717,468,True,True,0.8718761801719666,0.12812381982803345,0.873164713382721,0.12683528661727905,data/nips2017/images/be9a3bea2989a0b4.png,outputs/nips2017/nips2017_selected_20260714_195944/vim-small/ablation_and_no_verifier/sample_0760/images/final_selected.png,place in dusty lot,[],[],False,True
vim-small,761,be95f5be87f6fadd,458,602,458,884,True,True,0.5017528533935547,0.4982471466064453,0.6532063484191895,0.34679365158081055,data/nips2017/images/be95f5be87f6fadd.png,outputs/nips2017/nips2017_selected_20260714_195944/vim-small/ablation_and_no_verifier/sample_0761/images/final_selected.png,place in dimly lit hall,[],[],False,True
vim-small,762,be97d1e63c32043e,94,229,94,323,True,True,0.9047621488571167,0.0952378511428833,0.8007644414901733,0.19923555850982666,data/nips2017/images/be97d1e63c32043e.png,outputs/nips2017/nips2017_selected_20260714_195944/vim-small/ablation_and_no_verifier/sample_0762/images/final_selected.png,change lighting to golden hour,[],[],False,True
vim-small,763,be5543dc68f0b970,779,635,779,561,True,True,0.6995178461074829,0.3004821538925171,0.537043571472168,0.46295642852783203,data/nips2017/images/be5543dc68f0b970.png,outputs/nips2017/nips2017_selected_20260714_195944/vim-small/ablation_and_no_verifier/sample_0763/images/final_selected.png,coated in matte yellow,[],[],False,True
vim-small,764,beb3e55c385feb12,814,880,814,975,True,True,0.5429913997650146,0.45700860023498535,0.7926778197288513,0.20732218027114868,data/nips2017/images/beb3e55c385feb12.png,outputs/nips2017/nips2017_selected_20260714_195944/vim-small/ablation_and_no_verifier/sample_0764/images/final_selected.png,place in calm bay,[],[],False,True
vim-small,766,bfb2aaf48d7fc08c,978,952,978,975,True,True,0.6702285408973694,0.3297714591026306,0.6513577103614807,0.3486422896385193,data/nips2017/images/bfb2aaf48d7fc08c.png,outputs/nips2017/nips2017_selected_20260714_195944/vim-small/ablation_and_no_verifier/sample_0766/images/final_selected.png,a photo of seashore in the background,[978],"[""seashore""]",False,True
vim-small,770,c3e9a84e039df3ce,468,764,468,436,True,True,0.7814880609512329,0.2185119390487671,0.5967835783958435,0.4032164216041565,data/nips2017/images/c3e9a84e039df3ce.png,outputs/nips2017/nips2017_selected_20260714_195944/vim-small/ablation_and_no_verifier/sample_0770/images/final_selected.png,coated in polished chrome,[],[],False,True
vim-small,771,c3f452167c39302f,295,921,295,294,True,True,0.49555569887161255,0.5044443011283875,0.47025322914123535,0.5297467708587646,data/nips2017/images/c3f452167c39302f.png,outputs/nips2017/nips2017_selected_20260714_195944/vim-small/ablation_and_no_verifier/sample_0771/images/final_selected.png,a photo of American black bear in the background,[295],"[""american black bear""]",False,True
vim-small,772,c5c9d17672ff88ce,457,265,457,501,True,True,0.2738988995552063,0.7261011004447937,0.2244700789451599,0.7755299210548401,data/nips2017/images/c5c9d17672ff88ce.png,outputs/nips2017/nips2017_selected_20260714_195944/vim-small/ablation_and_no_verifier/sample_0772/images/final_selected.png,a photo of bow tie in the background,"[456,457]","[""bow"",""bow tie""]",False,True
vim-small,773,c5f5e09f4f5fd41a,403,420,403,554,True,True,0.8600071668624878,0.1399928331375122,0.8817936778068542,0.11820632219314575,data/nips2017/images/c5f5e09f4f5fd41a.png,outputs/nips2017/nips2017_selected_20260714_195944/vim-small/ablation_and_no_verifier/sample_0773/images/final_selected.png,coated in matte grey,[],[],False,True
vim-small,774,c6b5f6c1d79dffc6,582,651,582,943,True,True,0.8791072368621826,0.12089276313781738,0.8805860280990601,0.11941397190093994,data/nips2017/images/c6b5f6c1d79dffc6.png,outputs/nips2017/nips2017_selected_20260714_195944/vim-small/ablation_and_no_verifier/sample_0774/images/final_selected.png,shift to cobblestone alley,[],[],False,True
vim-small,775,c6e0d2ab3bbf4a3e,705,837,705,757,True,True,0.7452816963195801,0.2547183036804199,0.6760115623474121,0.3239884376525879,data/nips2017/images/c6e0d2ab3bbf4a3e.png,outputs/nips2017/nips2017_selected_20260714_195944/vim-small/ablation_and_no_verifier/sample_0775/images/final_selected.png,a photo of passenger car in the background,[705],"[""passenger car""]",False,True
vim-small,776,c7d0c73d636300f5,829,800,829,705,True,True,0.8880611658096313,0.11193883419036865,0.7873368859291077,0.21266311407089233,data/nips2017/images/c7d0c73d636300f5.png,outputs/nips2017/nips2017_selected_20260714_195944/vim-small/ablation_and_no_verifier/sample_0776/images/final_selected.png,change light to dusk,[],[],False,True
vim-small,777,c8abefc975e94b10,874,674,874,517,True,True,0.8597511649131775,0.1402488350868225,0.513418972492218,0.486581027507782,data/nips2017/images/c8abefc975e94b10.png,outputs/nips2017/nips2017_selected_20260714_195944/vim-small/ablation_and_no_verifier/sample_0777/images/final_selected.png,a photo of trolleybus in the background,[874],"[""trolleybus""]",False,True
vim-small,778,c9ddfb1043177de8,974,116,974,978,True,True,0.6849191188812256,0.3150808811187744,0.7216793298721313,0.27832067012786865,data/nips2017/images/c9ddfb1043177de8.png,outputs/nips2017/nips2017_selected_20260714_195944/vim-small/ablation_and_no_verifier/sample_0778/images/final_selected.png,coated in dark silt,[],[],False,True
vim-small,781,c25da85d5d62b000,403,218,403,554,True,True,0.7643021941184998,0.23569780588150024,0.7134151458740234,0.28658485412597656,data/nips2017/images/c25da85d5d62b000.png,outputs/nips2017/nips2017_selected_20260714_195944/vim-small/ablation_and_no_verifier/sample_0781/images/final_selected.png,introduce light sea spray,[],[],False,True
vim-small,782,c27e3bde18fba21b,322,127,322,325,True,True,0.7963249683380127,0.2036750316619873,0.7944015264511108,0.20559847354888916,data/nips2017/images/c27e3bde18fba21b.png,outputs/nips2017/nips2017_selected_20260714_195944/vim-small/ablation_and_no_verifier/sample_0782/images/final_selected.png,change light to dusk,[],[],False,True
vim-small,783,c35cd0d5673ec1db,962,366,962,651,True,True,0.33795616030693054,0.6620438396930695,0.5522462129592896,0.44775378704071045,data/nips2017/images/c35cd0d5673ec1db.png,outputs/nips2017/nips2017_selected_20260714_195944/vim-small/ablation_and_no_verifier/sample_0783/images/final_selected.png,place in rustic kitchen,[],[],False,True
vim-small,784,c036b20afde859b7,280,507,280,272,True,True,0.5841227173805237,0.4158772826194763,0.4849545955657959,0.5150454044342041,data/nips2017/images/c036b20afde859b7.png,outputs/nips2017/nips2017_selected_20260714_195944/vim-small/ablation_and_no_verifier/sample_0784/images/final_selected.png,covered in fine moss,[],[],False,True
vim-small,785,c42c88890b5fc86d,670,111,670,974,True,True,0.8517392873764038,0.1482607126235962,0.8881590366363525,0.11184096336364746,data/nips2017/images/c42c88890b5fc86d.png,outputs/nips2017/nips2017_selected_20260714_195944/vim-small/ablation_and_no_verifier/sample_0785/images/final_selected.png,change lighting to dusk,[],[],False,True
vim-small,787,c83cfca4bc9dd3c7,695,729,695,471,True,True,0.5806580781936646,0.41934192180633545,0.6365293264389038,0.3634706735610962,data/nips2017/images/c83cfca4bc9dd3c7.png,outputs/nips2017/nips2017_selected_20260714_195944/vim-small/ablation_and_no_verifier/sample_0787/images/final_selected.png,a photo of padlock in the background,[695],"[""padlock""]",False,True
vim-small,788,c84cbc2c05227bee,436,978,436,581,True,True,0.8507096767425537,0.1492903232574463,0.8447781205177307,0.1552218794822693,data/nips2017/images/c84cbc2c05227bee.png,outputs/nips2017/nips2017_selected_20260714_195944/vim-small/ablation_and_no_verifier/sample_0788/images/final_selected.png,place in open field,[],[],False,True
vim-small,789,c96c3eab644075d3,347,299,347,556,True,True,0.91690993309021,0.08309006690979004,0.9029079675674438,0.09709203243255615,data/nips2017/images/c96c3eab644075d3.png,outputs/nips2017/nips2017_selected_20260714_195944/vim-small/ablation_and_no_verifier/sample_0789/images/final_selected.png,add light haze,[],[],False,True
vim-small,790,c98a8640dcfaa5e0,746,846,746,802,True,True,0.8498901724815369,0.15010982751846313,0.6365348100662231,0.36346518993377686,data/nips2017/images/c98a8640dcfaa5e0.png,outputs/nips2017/nips2017_selected_20260714_195944/vim-small/ablation_and_no_verifier/sample_0790/images/final_selected.png,add subtle ambient haze,[],[],False,True
vim-small,791,c135b139d293f7f2,346,490,346,354,True,True,0.6619249582290649,0.33807504177093506,0.21166692674160004,0.7883330732584,data/nips2017/images/c135b139d293f7f2.png,outputs/nips2017/nips2017_selected_20260714_195944/vim-small/ablation_and_no_verifier/sample_0791/images/final_selected.png,coated in wet clay,[],[],False,True
vim-small,793,c609f86fa706bb9e,112,888,112,116,True,True,0.716675877571106,0.28332412242889404,0.8197472095489502,0.1802527904510498,data/nips2017/images/c609f86fa706bb9e.png,outputs/nips2017/nips2017_selected_20260714_195944/vim-small/ablation_and_no_verifier/sample_0793/images/final_selected.png,place on rough stone,[],[],False,True
vim-small,794,c755f3b0f89028fc,565,826,565,818,True,True,0.8157416582107544,0.1842583417892456,0.814909815788269,0.18509018421173096,data/nips2017/images/c755f3b0f89028fc.png,outputs/nips2017/nips2017_selected_20260714_195944/vim-small/ablation_and_no_verifier/sample_0794/images/final_selected.png,a photo of freight car in the background,[565],"[""freight car""]",False,True
vim-small,796,c4824f023903731a,737,816,737,631,True,True,0.707923948764801,0.292076051235199,0.7425726056098938,0.2574273943901062,data/nips2017/images/c4824f023903731a.png,outputs/nips2017/nips2017_selected_20260714_195944/vim-small/ablation_and_no_verifier/sample_0796/images/final_selected.png,a photo of pop bottle in the background,[737],"[""pop bottle""]",False,True
vim-small,797,c9302f3b2b0452e4,883,891,883,711,True,True,0.8735634088516235,0.12643659114837646,0.89738929271698,0.10261070728302002,data/nips2017/images/c9302f3b2b0452e4.png,outputs/nips2017/nips2017_selected_20260714_195944/vim-small/ablation_and_no_verifier/sample_0797/images/final_selected.png,change lighting to warm,[],[],False,True
vim-small,798,c43077b2283479be,13,764,13,94,True,True,0.5515907406806946,0.4484092593193054,0.5792227983474731,0.42077720165252686,data/nips2017/images/c43077b2283479be.png,outputs/nips2017/nips2017_selected_20260714_195944/vim-small/ablation_and_no_verifier/sample_0798/images/final_selected.png,coated in soft moss,[],[],False,True
vim-small,799,c66310d8b709d6d5,762,105,762,881,True,True,0.797107994556427,0.202892005443573,0.7695830464363098,0.23041695356369019,data/nips2017/images/c66310d8b709d6d5.png,outputs/nips2017/nips2017_selected_20260714_195944/vim-small/ablation_and_no_verifier/sample_0799/images/final_selected.png,a photo of restaurant in the background,[762],"[""restaurant""]",False,True
vim-small,800,c96358fe7b8eaf28,705,491,705,598,True,True,0.8401578664779663,0.1598421335220337,0.7576124668121338,0.2423875331878662,data/nips2017/images/c96358fe7b8eaf28.png,outputs/nips2017/nips2017_selected_20260714_195944/vim-small/ablation_and_no_verifier/sample_0800/images/final_selected.png,place in twilight station,[],[],False,True
vim-small,801,c135337ca7a575ae,347,177,347,346,True,True,0.8023115992546082,0.19768840074539185,0.66028892993927,0.33971107006073,data/nips2017/images/c135337ca7a575ae.png,outputs/nips2017/nips2017_selected_20260714_195944/vim-small/ablation_and_no_verifier/sample_0801/images/final_selected.png,coated in damp moss,[],[],False,True
vim-small,802,c179282bd977c6e0,671,104,671,409,True,True,0.6090553998947144,0.39094460010528564,0.8583171367645264,0.14168286323547363,data/nips2017/images/c179282bd977c6e0.png,outputs/nips2017/nips2017_selected_20260714_195944/vim-small/ablation_and_no_verifier/sample_0802/images/final_selected.png,a photo of mountain bike in the background,[671],"[""mountain bike""]",False,True
vim-small,803,c663670c06c06ea4,908,902,908,980,True,True,0.9154958724975586,0.0845041275024414,0.767231822013855,0.23276817798614502,data/nips2017/images/c663670c06c06ea4.png,outputs/nips2017/nips2017_selected_20260714_195944/vim-small/ablation_and_no_verifier/sample_0803/images/final_selected.png,a photo of wing in the background,[908],"[""wing""]",False,True
vim-small,804,c819099fed6f0d73,961,776,961,964,True,True,0.8654310703277588,0.1345689296722412,0.8229063153266907,0.17709368467330933,data/nips2017/images/c819099fed6f0d73.png,outputs/nips2017/nips2017_selected_20260714_195944/vim-small/ablation_and_no_verifier/sample_0804/images/final_selected.png,add gentle steam,[],[],False,True
vim-small,805,c8231978dc765004,471,740,471,866,True,True,0.8199173212051392,0.18008267879486084,0.3453722596168518,0.6546277403831482,data/nips2017/images/c8231978dc765004.png,outputs/nips2017/nips2017_selected_20260714_195944/vim-small/ablation_and_no_verifier/sample_0805/images/final_selected.png,coated in verdigris,[],[],False,True
vim-small,807,ca50e3535eb6396c,555,928,555,974,True,True,0.9128293991088867,0.08717060089111328,0.9069945812225342,0.09300541877746582,data/nips2017/images/ca50e3535eb6396c.png,outputs/nips2017/nips2017_selected_20260714_195944/vim-small/ablation_and_no_verifier/sample_0807/images/final_selected.png,add light drizzle,[],[],False,True
vim-small,808,cb63df64516985c1,634,771,634,947,True,True,0.16486893594264984,0.8351310640573502,0.4435194432735443,0.5564805567264557,data/nips2017/images/cb63df64516985c1.png,outputs/nips2017/nips2017_selected_20260714_195944/vim-small/ablation_and_no_verifier/sample_0808/images/final_selected.png,place in open field,[],[],False,True
vim-small,810,cbaff3255afbe83f,560,852,560,701,True,True,0.8139578104019165,0.1860421895980835,0.2677649259567261,0.7322350740432739,data/nips2017/images/cbaff3255afbe83f.png,outputs/nips2017/nips2017_selected_20260714_195944/vim-small/ablation_and_no_verifier/sample_0810/images/final_selected.png,coated in rough canvas,[],[],False,True
vim-small,811,cbcb7444cc827812,762,785,762,736,True,True,0.8621373772621155,0.13786262273788452,0.7396581172943115,0.2603418827056885,data/nips2017/images/cbcb7444cc827812.png,outputs/nips2017/nips2017_selected_20260714_195944/vim-small/ablation_and_no_verifier/sample_0811/images/final_selected.png,a photo of restaurant in the background,[762],"[""restaurant""]",False,True
vim-small,812,cc8d850717026796,661,790,661,974,True,True,0.9131908416748047,0.08680915832519531,0.7596215009689331,0.2403784990310669,data/nips2017/images/cc8d850717026796.png,outputs/nips2017/nips2017_selected_20260714_195944/vim-small/ablation_and_no_verifier/sample_0812/images/final_selected.png,introduce light mist,[],[],False,True
vim-small,813,cc13c2bc5cdd1f44,559,740,559,532,True,True,0.9038854837417603,0.09611451625823975,0.8778564929962158,0.12214350700378418,data/nips2017/images/cc13c2bc5cdd1f44.png,outputs/nips2017/nips2017_selected_20260714_195944/vim-small/ablation_and_no_verifier/sample_0813/images/final_selected.png,add soft morning mist,[],[],False,True
vim-small,814,cc283b8f7f46fbf0,573,961,573,525,True,True,0.6906473636627197,0.3093526363372803,0.813217043876648,0.18678295612335205,data/nips2017/images/cc283b8f7f46fbf0.png,outputs/nips2017/nips2017_selected_20260714_195944/vim-small/ablation_and_no_verifier/sample_0814/images/final_selected.png,a photo of go-kart in the background,[573],"[""go-kart""]",False,True
vim-small,815,cc43200264a62126,980,589,980,970,True,True,0.6200405359268188,0.37995946407318115,0.73377925157547,0.26622074842453003,data/nips2017/images/cc43200264a62126.png,outputs/nips2017/nips2017_selected_20260714_195944/vim-small/ablation_and_no_verifier/sample_0815/images/final_selected.png,change lighting to late afternoon,[],[],False,True
vim-small,816,ccbcaf10176e78e0,922,857,922,692,True,True,0.578603982925415,0.42139601707458496,0.6256467700004578,0.37435322999954224,data/nips2017/images/ccbcaf10176e78e0.png,outputs/nips2017/nips2017_selected_20260714_195944/vim-small/ablation_and_no_verifier/sample_0816/images/final_selected.png,covered in parchment texture,[],[],False,True
vim-small,817,cd2d2889ef7ac51c,923,606,923,762,True,True,0.8039583563804626,0.19604164361953735,0.7960580587387085,0.2039419412612915,data/nips2017/images/cd2d2889ef7ac51c.png,outputs/nips2017/nips2017_selected_20260714_195944/vim-small/ablation_and_no_verifier/sample_0817/images/final_selected.png,shift to rustic kitchen,[],[],False,True
vim-small,820,cebd45d7200f6111,70,946,70,600,True,True,0.39165154099464417,0.6083484590053558,0.3204815089702606,0.6795184910297394,data/nips2017/images/cebd45d7200f6111.png,outputs/nips2017/nips2017_selected_20260714_195944/vim-small/ablation_and_no_verifier/sample_0820/images/final_selected.png,coated in pale dust,[],[],False,True
vim-small,821,cec46dbd1fa3473a,897,245,897,534,True,True,0.8120042085647583,0.1879957914352417,0.7991930842399597,0.20080691576004028,data/nips2017/images/cec46dbd1fa3473a.png,outputs/nips2017/nips2017_selected_20260714_195944/vim-small/ablation_and_no_verifier/sample_0821/images/final_selected.png,shift to twilight setting,[],[],False,True
vim-small,822,cfab8f880da31ad8,540,307,540,517,True,True,0.9136148691177368,0.08638513088226318,0.7064530849456787,0.2935469150543213,data/nips2017/images/cfab8f880da31ad8.png,outputs/nips2017/nips2017_selected_20260714_195944/vim-small/ablation_and_no_verifier/sample_0822/images/final_selected.png,coated in oxidized copper,[],[],False,True
vim-small,823,d0c6c29954f0380b,430,95,430,974,True,True,0.8628221750259399,0.13717782497406006,0.7974300384521484,0.20256996154785156,data/nips2017/images/d0c6c29954f0380b.png,outputs/nips2017/nips2017_selected_20260714_195944/vim-small/ablation_and_no_verifier/sample_0823/images/final_selected.png,introduce light drizzle,[],[],False,True
vim-small,824,d0fe8afb55c3c7cd,497,777,497,483,True,True,0.7876155972480774,0.2123844027519226,0.5886837244033813,0.41131627559661865,data/nips2017/images/d0fe8afb55c3c7cd.png,outputs/nips2017/nips2017_selected_20260714_195944/vim-small/ablation_and_no_verifier/sample_0824/images/final_selected.png,covered in aged stone,[],[],False,True
vim-small,825,d1a723656dc08b5e,821,813,821,718,True,True,0.7920850515365601,0.20791494846343994,0.5956500768661499,0.4043499231338501,data/nips2017/images/d1a723656dc08b5e.png,outputs/nips2017/nips2017_selected_20260714_195944/vim-small/ablation_and_no_verifier/sample_0825/images/final_selected.png,a photo of steel arch bridge in the background,[821],"[""steel arch bridge""]",False,True
vim-small,826,d02adcb9140880a1,915,782,915,672,True,True,0.5010278820991516,0.4989721179008484,0.5202831625938416,0.47971683740615845,data/nips2017/images/d02adcb9140880a1.png,outputs/nips2017/nips2017_selected_20260714_195944/vim-small/ablation_and_no_verifier/sample_0826/images/final_selected.png,place in alpine meadow,[],[],False,True
vim-small,827,d2cc2eabfc7bf54a,555,720,555,609,True,True,0.8475977778434753,0.15240222215652466,0.8403890132904053,0.15961098670959473,data/nips2017/images/d2cc2eabfc7bf54a.png,outputs/nips2017/nips2017_selected_20260714_195944/vim-small/ablation_and_no_verifier/sample_0827/images/final_selected.png,place in open field,[],[],False,True
vim-small,828,d2d2b255935f0aae,947,431,947,83,True,True,0.8609032034873962,0.13909679651260376,0.6361333727836609,0.3638666272163391,data/nips2017/images/d2d2b255935f0aae.png,outputs/nips2017/nips2017_selected_20260714_195944/vim-small/ablation_and_no_verifier/sample_0828/images/final_selected.png,shift to dry grassland,[],[],False,True
vim-small,829,d2d6ae6e0b8a0c31,985,600,985,883,True,True,0.4131282567977905,0.5868717432022095,0.4468057155609131,0.5531942844390869,data/nips2017/images/d2d6ae6e0b8a0c31.png,outputs/nips2017/nips2017_selected_20260714_195944/vim-small/ablation_and_no_verifier/sample_0829/images/final_selected.png,coated in pale silk,[],[],False,True
vim-small,830,d3a88c50958b1b5f,976,999,976,972,True,True,0.8499813079833984,0.15001869201660156,0.7964564561843872,0.2035435438156128,data/nips2017/images/d3a88c50958b1b5f.png,outputs/nips2017/nips2017_selected_20260714_195944/vim-small/ablation_and_no_verifier/sample_0830/images/final_selected.png,introduce soft haze,[],[],False,True
vim-small,832,d4c817db6be62b71,94,163,94,380,True,True,0.5624432563781738,0.43755674362182617,0.8379657864570618,0.16203421354293823,data/nips2017/images/d4c817db6be62b71.png,outputs/nips2017/nips2017_selected_20260714_195944/vim-small/ablation_and_no_verifier/sample_0832/images/final_selected.png,shift to dense foliage,[],[],False,True
vim-small,833,d5d5f843f100328c,885,537,885,696,True,True,0.6319156885147095,0.3680843114852905,0.6637717485427856,0.33622825145721436,data/nips2017/images/d5d5f843f100328c.png,outputs/nips2017/nips2017_selected_20260714_195944/vim-small/ablation_and_no_verifier/sample_0833/images/final_selected.png,introduce light drizzle,[],[],False,True
vim-small,834,d6d42f8a1f6b4460,665,373,665,870,True,True,0.6609076261520386,0.3390923738479614,0.7004199624061584,0.29958003759384155,data/nips2017/images/d6d42f8a1f6b4460.png,outputs/nips2017/nips2017_selected_20260714_195944/vim-small/ablation_and_no_verifier/sample_0834/images/final_selected.png,a photo of moped in the background,[665],"[""moped""]",False,True
vim-small,835,d6d192c5786f29f5,472,829,472,974,True,True,0.8455301523208618,0.15446984767913818,0.8707417249679565,0.12925827503204346,data/nips2017/images/d6d192c5786f29f5.png,outputs/nips2017/nips2017_selected_20260714_195944/vim-small/ablation_and_no_verifier/sample_0835/images/final_selected.png,add light mist rising,[],[],False,True
vim-small,836,d6eac6858474111c,322,249,322,326,True,True,0.8942593932151794,0.10574060678482056,0.8248646259307861,0.17513537406921387,data/nips2017/images/d6eac6858474111c.png,outputs/nips2017/nips2017_selected_20260714_195944/vim-small/ablation_and_no_verifier/sample_0836/images/final_selected.png,shift to twilight glow,[],[],False,True
vim-small,837,d7c1d1632cf0acc7,403,872,403,536,True,True,0.928665041923523,0.07133495807647705,0.8721052408218384,0.12789475917816162,data/nips2017/images/d7c1d1632cf0acc7.png,outputs/nips2017/nips2017_selected_20260714_195944/vim-small/ablation_and_no_verifier/sample_0837/images/final_selected.png,change lighting to dusk,[],[],False,True
vim-small,838,d7c8008bf74f2324,814,671,814,472,True,True,0.4465164840221405,0.5534835159778595,0.747632622718811,0.25236737728118896,data/nips2017/images/d7c8008bf74f2324.png,outputs/nips2017/nips2017_selected_20260714_195944/vim-small/ablation_and_no_verifier/sample_0838/images/final_selected.png,place in calm bay,[],[],False,True
vim-small,840,d7d8fc1442a82a8e,21,845,21,94,True,True,0.5941826701164246,0.40581732988357544,0.5963171720504761,0.4036828279495239,data/nips2017/images/d7d8fc1442a82a8e.png,outputs/nips2017/nips2017_selected_20260714_195944/vim-small/ablation_and_no_verifier/sample_0840/images/final_selected.png,coated in dark moss,[],[],False,True
vim-small,841,d7de327bbf412965,489,659,489,573,True,True,0.897517740726471,0.10248225927352905,0.8636189699172974,0.13638103008270264,data/nips2017/images/d7de327bbf412965.png,outputs/nips2017/nips2017_selected_20260714_195944/vim-small/ablation_and_no_verifier/sample_0841/images/final_selected.png,place scene near gravel lot,[],[],False,True
vim-small,842,d7ffed8f21024a14,751,921,751,817,True,True,0.7329176664352417,0.2670823335647583,0.5045991539955139,0.4954008460044861,data/nips2017/images/d7ffed8f21024a14.png,outputs/nips2017/nips2017_selected_20260714_195944/vim-small/ablation_and_no_verifier/sample_0842/images/final_selected.png,wrapped in metallic silver,[],[],False,True
vim-small,844,d9da4e5ef53d5e8b,640,486,640,559,True,True,0.0774136632680893,0.9225863367319107,0.49627262353897095,0.503727376461029,data/nips2017/images/d9da4e5ef53d5e8b.png,outputs/nips2017/nips2017_selected_20260714_195944/vim-small/ablation_and_no_verifier/sample_0844/images/final_selected.png,place in cobblestone alley,[],[],False,True
vim-small,846,d12aad0d18252b40,324,38,324,958,True,True,0.20002171397209167,0.7999782860279083,0.3745300769805908,0.6254699230194092,data/nips2017/images/d12aad0d18252b40.png,outputs/nips2017/nips2017_selected_20260714_195944/vim-small/ablation_and_no_verifier/sample_0846/images/final_selected.png,place in sunlit meadow,[],[],False,True
vim-small,848,d23fd2119c4f5dec,328,122,328,973,True,True,0.46210694313049316,0.5378930568695068,0.40769055485725403,0.592309445142746,data/nips2017/images/d23fd2119c4f5dec.png,outputs/nips2017/nips2017_selected_20260714_195944/vim-small/ablation_and_no_verifier/sample_0848/images/final_selected.png,dim the ambient light,[],[],False,True
vim-small,849,d25df1a8259d3fdf,160,832,160,568,True,True,0.7826768159866333,0.2173231840133667,0.6583483219146729,0.34165167808532715,data/nips2017/images/d25df1a8259d3fdf.png,outputs/nips2017/nips2017_selected_20260714_195944/vim-small/ablation_and_no_verifier/sample_0849/images/final_selected.png,coated in fine velvet,[885],"[""velvet""]",False,True
vim-small,850,d0029b3675b792ae,789,901,789,501,True,True,0.3496135473251343,0.6503864526748657,0.7964054942131042,0.20359450578689575,data/nips2017/images/d0029b3675b792ae.png,outputs/nips2017/nips2017_selected_20260714_195944/vim-small/ablation_and_no_verifier/sample_0850/images/final_selected.png,place in sunlit courtyard,[],[],False,True
vim-small,851,d34c51d7523e9c0f,646,654,646,975,True,True,0.7806748747825623,0.21932512521743774,0.7015737295150757,0.2984262704849243,data/nips2017/images/d34c51d7523e9c0f.png,outputs/nips2017/nips2017_selected_20260714_195944/vim-small/ablation_and_no_verifier/sample_0851/images/final_selected.png,a photo of maze in the background,[646],"[""maze""]",False,True
vim-small,853,d051e0bd46125123,668,775,668,908,True,True,0.8401936292648315,0.15980637073516846,0.8295071721076965,0.17049282789230347,data/nips2017/images/d051e0bd46125123.png,outputs/nips2017/nips2017_selected_20260714_195944/vim-small/ablation_and_no_verifier/sample_0853/images/final_selected.png,add soft morning mist,[],[],False,True
vim-small,854,d67b326ef48bb7b7,873,545,873,698,True,True,0.7653990983963013,0.23460090160369873,0.5670027136802673,0.43299728631973267,data/nips2017/images/d67b326ef48bb7b7.png,outputs/nips2017/nips2017_selected_20260714_195944/vim-small/ablation_and_no_verifier/sample_0854/images/final_selected.png,covered in aged patina,[],[],False,True
vim-small,855,d72f34526e12fd83,441,324,441,706,True,True,0.3237203359603882,0.6762796640396118,0.49965110421180725,0.5003488957881927,data/nips2017/images/d72f34526e12fd83.png,outputs/nips2017/nips2017_selected_20260714_195944/vim-small/ablation_and_no_verifier/sample_0855/images/final_selected.png,place in sunlit patio,[706],"[""patio""]",True,False
vim-small,856,d77af00930283f4b,900,648,900,476,True,True,0.9439139366149902,0.056086063385009766,0.9279161691665649,0.07208383083343506,data/nips2017/images/d77af00930283f4b.png,outputs/nips2017/nips2017_selected_20260714_195944/vim-small/ablation_and_no_verifier/sample_0856/images/final_selected.png,change lighting to dusk,[],[],False,True
vim-small,857,d97c1f3f1c211d1a,978,466,978,327,True,True,0.1126762181520462,0.8873237818479538,0.36297470331192017,0.6370252966880798,data/nips2017/images/d97c1f3f1c211d1a.png,outputs/nips2017/nips2017_selected_20260714_195944/vim-small/ablation_and_no_verifier/sample_0857/images/final_selected.png,covered in warm sand,[],[],False,True
vim-small,858,d392f0639c17f396,807,589,807,854,True,True,0.8127596974372864,0.18724030256271362,0.7578045725822449,0.24219542741775513,data/nips2017/images/d392f0639c17f396.png,outputs/nips2017/nips2017_selected_20260714_195944/vim-small/ablation_and_no_verifier/sample_0858/images/final_selected.png,change lighting to dusk,[],[],False,True
vim-small,859,d531a31add433f46,763,768,763,846,True,True,0.8156850337982178,0.18431496620178223,0.8346434831619263,0.16535651683807373,data/nips2017/images/d531a31add433f46.png,outputs/nips2017/nips2017_selected_20260714_195944/vim-small/ablation_and_no_verifier/sample_0859/images/final_selected.png,place in dimly lit display,[],[],False,True
vim-small,860,d741b583a123562b,320,791,320,75,True,True,0.8829498291015625,0.1170501708984375,0.8937874436378479,0.1062125563621521,data/nips2017/images/d741b583a123562b.png,outputs/nips2017/nips2017_selected_20260714_195944/vim-small/ablation_and_no_verifier/sample_0860/images/final_selected.png,add light mist,[],[],False,True
vim-small,861,d959fd91192d5717,628,595,628,833,True,True,0.7640900611877441,0.23590993881225586,0.703619122505188,0.296380877494812,data/nips2017/images/d959fd91192d5717.png,outputs/nips2017/nips2017_selected_20260714_195944/vim-small/ablation_and_no_verifier/sample_0861/images/final_selected.png,a photo of liner in the background,[628],"[""liner""]",False,True
vim-small,862,d1709eec353a6f93,296,555,296,208,True,True,0.711357593536377,0.28864240646362305,0.5573363304138184,0.44266366958618164,data/nips2017/images/d1709eec353a6f93.png,outputs/nips2017/nips2017_selected_20260714_195944/vim-small/ablation_and_no_verifier/sample_0862/images/final_selected.png,coated in wet sheen,[],[],False,True
vim-small,863,d3551db0b83c8fc0,617,323,617,487,True,True,0.6332412958145142,0.36675870418548584,0.8550563454627991,0.14494365453720093,data/nips2017/images/d3551db0b83c8fc0.png,outputs/nips2017/nips2017_selected_20260714_195944/vim-small/ablation_and_no_verifier/sample_0863/images/final_selected.png,place in bright atrium,[],[],False,True
vim-small,864,d6887e8d19a06139,562,44,562,698,True,True,0.9593576192855835,0.040642380714416504,0.8765745162963867,0.12342548370361328,data/nips2017/images/d6887e8d19a06139.png,outputs/nips2017/nips2017_selected_20260714_195944/vim-small/ablation_and_no_verifier/sample_0864/images/final_selected.png,coated in aged marble,[],[],False,True
vim-small,865,d7984e6e1a51b3c4,517,936,517,821,True,True,0.6803193092346191,0.31968069076538086,0.8638110756874084,0.13618892431259155,data/nips2017/images/d7984e6e1a51b3c4.png,outputs/nips2017/nips2017_selected_20260714_195944/vim-small/ablation_and_no_verifier/sample_0865/images/final_selected.png,place in open field,[],[],False,True
vim-small,866,d46216d31908163e,895,784,895,471,True,True,0.9303852319717407,0.06961476802825928,0.9195486307144165,0.0804513692855835,data/nips2017/images/d46216d31908163e.png,outputs/nips2017/nips2017_selected_20260714_195944/vim-small/ablation_and_no_verifier/sample_0866/images/final_selected.png,a photo of warplane in the background,[895],"[""warplane""]",False,True
vim-small,867,d158837db31ed892,518,803,518,670,True,True,0.5609604716300964,0.43903952836990356,0.8619964122772217,0.13800358772277832,data/nips2017/images/d158837db31ed892.png,outputs/nips2017/nips2017_selected_20260714_195944/vim-small/ablation_and_no_verifier/sample_0867/images/final_selected.png,add light mist,[],[],False,True
vim-small,868,d204464fcf15ad99,299,268,299,82,True,True,0.41693976521492004,0.58306023478508,0.372470498085022,0.627529501914978,data/nips2017/images/d204464fcf15ad99.png,outputs/nips2017/nips2017_selected_20260714_195944/vim-small/ablation_and_no_verifier/sample_0868/images/final_selected.png,coated in fine clay,[],[],False,True
vim-small,869,d740663eeccdcecd,437,761,437,442,True,True,0.904556393623352,0.09544360637664795,0.7615665197372437,0.23843348026275635,data/nips2017/images/d740663eeccdcecd.png,outputs/nips2017/nips2017_selected_20260714_195944/vim-small/ablation_and_no_verifier/sample_0869/images/final_selected.png,coated in weathered stone,[],[],False,True
vim-small,870,d05076189b7fd185,707,764,707,637,True,True,0.8192052841186523,0.18079471588134766,0.9099185466766357,0.09008145332336426,data/nips2017/images/d05076189b7fd185.png,outputs/nips2017/nips2017_selected_20260714_195944/vim-small/ablation_and_no_verifier/sample_0870/images/final_selected.png,place in cobbled alleyway,[],[],False,True
vim-small,871,d4579363596fbf21,832,888,832,820,True,True,0.8179736137390137,0.18202638626098633,0.9118902683258057,0.08810973167419434,data/nips2017/images/d4579363596fbf21.png,outputs/nips2017/nips2017_selected_20260714_195944/vim-small/ablation_and_no_verifier/sample_0871/images/final_selected.png,introduce gentle mist,[],[],False,True
vim-small,872,d94940216544b2c5,311,621,311,47,True,True,0.8579425811767578,0.1420574188232422,0.9415460824966431,0.058453917503356934,data/nips2017/images/d94940216544b2c5.png,outputs/nips2017/nips2017_selected_20260714_195944/vim-small/ablation_and_no_verifier/sample_0872/images/final_selected.png,place in dry scrubland,[],[],False,True
vim-small,873,d386396825739960,853,226,853,856,True,True,0.7976068258285522,0.20239317417144775,0.724213182926178,0.275786817073822,data/nips2017/images/d386396825739960.png,outputs/nips2017/nips2017_selected_20260714_195944/vim-small/ablation_and_no_verifier/sample_0873/images/final_selected.png,covered in dry moss,[],[],False,True
vim-small,875,da4f4d6944d93ae0,734,778,734,332,True,True,0.9241472482681274,0.07585275173187256,0.9529517889022827,0.047048211097717285,data/nips2017/images/da4f4d6944d93ae0.png,outputs/nips2017/nips2017_selected_20260714_195944/vim-small/ablation_and_no_verifier/sample_0875/images/final_selected.png,add light mist,[],[],False,True
vim-small,876,da7e65bc80814f37,787,602,787,762,True,True,0.6910596489906311,0.3089403510093689,0.8270142674446106,0.1729857325553894,data/nips2017/images/da7e65bc80814f37.png,outputs/nips2017/nips2017_selected_20260714_195944/vim-small/ablation_and_no_verifier/sample_0876/images/final_selected.png,place in torchlit cavern,[],[],False,True
vim-small,877,da63f2acf683c0a7,133,616,133,39,True,True,0.6364971399307251,0.3635028600692749,0.5781424045562744,0.4218575954437256,data/nips2017/images/da63f2acf683c0a7.png,outputs/nips2017/nips2017_selected_20260714_195944/vim-small/ablation_and_no_verifier/sample_0877/images/final_selected.png,coated in wet moss,[],[],False,True
vim-small,878,daa43d65c3b18a84,821,53,821,663,True,True,0.752263069152832,0.24773693084716797,0.5814355611801147,0.41856443881988525,data/nips2017/images/daa43d65c3b18a84.png,outputs/nips2017/nips2017_selected_20260714_195944/vim-small/ablation_and_no_verifier/sample_0878/images/final_selected.png,a photo of steel arch bridge in the background,[821],"[""steel arch bridge""]",False,True
vim-small,879,daa6404780b1af27,637,998,637,571,True,True,0.9546363353729248,0.045363664627075195,0.7108103036880493,0.2891896963119507,data/nips2017/images/daa6404780b1af27.png,outputs/nips2017/nips2017_selected_20260714_195944/vim-small/ablation_and_no_verifier/sample_0879/images/final_selected.png,coated in weathered paint,[],[],False,True
vim-small,880,dacb07f80166a7fd,448,107,448,596,True,True,0.8215595483779907,0.17844045162200928,0.7575498819351196,0.24245011806488037,data/nips2017/images/dacb07f80166a7fd.png,outputs/nips2017/nips2017_selected_20260714_195944/vim-small/ablation_and_no_verifier/sample_0880/images/final_selected.png,introduce light drizzle,[],[],False,True
vim-small,881,dad40e355e4e8e96,654,847,654,436,True,True,0.9310868382453918,0.06891316175460815,0.9163963794708252,0.0836036205291748,data/nips2017/images/dad40e355e4e8e96.png,outputs/nips2017/nips2017_selected_20260714_195944/vim-small/ablation_and_no_verifier/sample_0881/images/final_selected.png,change lighting to dusk,[],[],False,True
vim-small,882,db6c6671a6924eba,406,411,406,974,True,True,0.7834309339523315,0.21656906604766846,0.8383985161781311,0.1616014838218689,data/nips2017/images/db6c6671a6924eba.png,outputs/nips2017/nips2017_selected_20260714_195944/vim-small/ablation_and_no_verifier/sample_0882/images/final_selected.png,a photo of altar in the background,[406],"[""altar""]",False,True
vim-small,883,dc12a25cc85ee9cf,646,895,646,964,True,True,0.7454829812049866,0.2545170187950134,0.5073184967041016,0.49268150329589844,data/nips2017/images/dc12a25cc85ee9cf.png,outputs/nips2017/nips2017_selected_20260714_195944/vim-small/ablation_and_no_verifier/sample_0883/images/final_selected.png,coated in aged parchment,[],[],False,True
vim-small,886,dd722682a9f2b9dd,436,457,436,609,True,True,0.7659202218055725,0.2340797781944275,0.8413084745407104,0.15869152545928955,data/nips2017/images/dd722682a9f2b9dd.png,outputs/nips2017/nips2017_selected_20260714_195944/vim-small/ablation_and_no_verifier/sample_0886/images/final_selected.png,turn the scene into a paved lot,[],[],False,True
vim-small,887,dd984311bff04342,117,523,117,725,True,True,0.4641043543815613,0.5358956456184387,0.23251459002494812,0.7674854099750519,data/nips2017/images/dd984311bff04342.png,outputs/nips2017/nips2017_selected_20260714_195944/vim-small/ablation_and_no_verifier/sample_0887/images/final_selected.png,coated in polished jade,[],[],False,True
vim-small,888,dde9f0aadcb02874,980,639,980,974,True,True,0.7891523838043213,0.2108476161956787,0.7291604280471802,0.2708395719528198,data/nips2017/images/dde9f0aadcb02874.png,outputs/nips2017/nips2017_selected_20260714_195944/vim-small/ablation_and_no_verifier/sample_0888/images/final_selected.png,introduce light drizzle,[],[],False,True
vim-small,889,dde33b51c8c152d2,734,968,734,974,True,True,0.9283301830291748,0.0716698169708252,0.9291463494300842,0.07085365056991577,data/nips2017/images/dde33b51c8c152d2.png,outputs/nips2017/nips2017_selected_20260714_195944/vim-small/ablation_and_no_verifier/sample_0889/images/final_selected.png,add light misting,[],[],False,True
vim-small,891,de40907c1e2c5515,628,485,628,536,True,True,0.8296526670455933,0.17034733295440674,0.5726133584976196,0.42738664150238037,data/nips2017/images/de40907c1e2c5515.png,outputs/nips2017/nips2017_selected_20260714_195944/vim-small/ablation_and_no_verifier/sample_0891/images/final_selected.png,coated in polished chrome,[],[],False,True
vim-small,892,df2cd1b82d5dec14,518,413,518,974,True,True,0.8729692101478577,0.12703078985214233,0.8907456398010254,0.10925436019897461,data/nips2017/images/df2cd1b82d5dec14.png,outputs/nips2017/nips2017_selected_20260714_195944/vim-small/ablation_and_no_verifier/sample_0892/images/final_selected.png,introduce light mist,[],[],False,True
vim-small,893,df58f94361c6d105,609,12,609,436,True,True,0.9007768034934998,0.09922319650650024,0.5717400312423706,0.4282599687576294,data/nips2017/images/df58f94361c6d105.png,outputs/nips2017/nips2017_selected_20260714_195944/vim-small/ablation_and_no_verifier/sample_0893/images/final_selected.png,coated in weathered patina,[],[],False,True
vim-small,894,df874264566c58a9,741,151,741,706,True,True,0.11594204604625702,0.884057953953743,0.28091636300086975,0.7190836369991302,data/nips2017/images/df874264566c58a9.png,outputs/nips2017/nips2017_selected_20260714_195944/vim-small/ablation_and_no_verifier/sample_0894/images/final_selected.png,place in sunlit courtyard,[],[],False,True
vim-small,895,e0c0f412d78571dc,733,408,733,970,True,True,0.3327482044696808,0.6672517955303192,0.5490142107009888,0.45098578929901123,data/nips2017/images/e0c0f412d78571dc.png,outputs/nips2017/nips2017_selected_20260714_195944/vim-small/ablation_and_no_verifier/sample_0895/images/final_selected.png,shift to distant mountains,[],[],False,True
vim-small,897,e3a740861f12f49e,819,899,819,517,True,True,0.7190996408462524,0.28090035915374756,0.6700019240379333,0.32999807596206665,data/nips2017/images/e3a740861f12f49e.png,outputs/nips2017/nips2017_selected_20260714_195944/vim-small/ablation_and_no_verifier/sample_0897/images/final_selected.png,place scene in open field,[],[],False,True
vim-small,898,e3c3f8889ac99aec,535,896,535,545,True,True,0.8669760227203369,0.13302397727966309,0.7236487865447998,0.2763512134552002,data/nips2017/images/e3c3f8889ac99aec.png,outputs/nips2017/nips2017_selected_20260714_195944/vim-small/ablation_and_no_verifier/sample_0898/images/final_selected.png,coated in fine dust,[],[],False,True
vim-small,899,e3f5dbed7bd31314,546,863,546,848,True,True,0.9052740335464478,0.09472596645355225,0.6962305307388306,0.30376946926116943,data/nips2017/images/e3f5dbed7bd31314.png,outputs/nips2017/nips2017_selected_20260714_195944/vim-small/ablation_and_no_verifier/sample_0899/images/final_selected.png,coated in aged patina,[],[],False,True
vim-small,900,e5cf220f8144c192,705,440,705,716,True,True,0.9277662038803101,0.07223379611968994,0.8296089768409729,0.1703910231590271,data/nips2017/images/e5cf220f8144c192.png,outputs/nips2017/nips2017_selected_20260714_195944/vim-small/ablation_and_no_verifier/sample_0900/images/final_selected.png,change light to dusk,[],[],False,True
vim-small,901,e5f15610a22098bb,671,574,671,880,True,True,0.6899795532226562,0.31002044677734375,0.7130915522575378,0.28690844774246216,data/nips2017/images/e5f15610a22098bb.png,outputs/nips2017/nips2017_selected_20260714_195944/vim-small/ablation_and_no_verifier/sample_0901/images/final_selected.png,a photo of mountain bike in the background,[671],"[""mountain bike""]",False,True
vim-small,902,e6e677a28e3bd6d7,603,159,603,807,True,True,0.6904181241989136,0.3095818758010864,0.5275409817695618,0.47245901823043823,data/nips2017/images/e6e677a28e3bd6d7.png,outputs/nips2017/nips2017_selected_20260714_195944/vim-small/ablation_and_no_verifier/sample_0902/images/final_selected.png,shift setting to twilight,[],[],False,True
vim-small,904,e7b61bec5e4ca40e,323,673,323,985,True,True,0.9330356121063232,0.06696438789367676,0.8837645053863525,0.11623549461364746,data/nips2017/images/e7b61bec5e4ca40e.png,outputs/nips2017/nips2017_selected_20260714_195944/vim-small/ablation_and_no_verifier/sample_0904/images/final_selected.png,introduce light mist,[],[],False,True
vim-small,905,e7cafac174e90143,525,115,525,425,True,True,0.22734279930591583,0.7726572006940842,0.690483808517456,0.30951619148254395,data/nips2017/images/e7cafac174e90143.png,outputs/nips2017/nips2017_selected_20260714_195944/vim-small/ablation_and_no_verifier/sample_0905/images/final_selected.png,shift background to fields,[],[],False,True
vim-small,906,e8c6f75ad26bae84,972,928,972,609,True,True,0.384540855884552,0.615459144115448,0.430115282535553,0.569884717464447,data/nips2017/images/e8c6f75ad26bae84.png,outputs/nips2017/nips2017_selected_20260714_195944/vim-small/ablation_and_no_verifier/sample_0906/images/final_selected.png,covered in fine dust,[],[],False,True
vim-small,907,e8c99e0220ab46d2,590,534,590,761,True,True,0.8901553153991699,0.10984468460083008,0.6548558473587036,0.3451441526412964,data/nips2017/images/e8c99e0220ab46d2.png,outputs/nips2017/nips2017_selected_20260714_195944/vim-small/ablation_and_no_verifier/sample_0907/images/final_selected.png,coated in brushed aluminum,[],[],False,True
vim-small,909,e9ecdf28dc1d5a85,608,191,608,630,True,True,0.46203625202178955,0.5379637479782104,0.8238843083381653,0.17611569166183472,data/nips2017/images/e9ecdf28dc1d5a85.png,outputs/nips2017/nips2017_selected_20260714_195944/vim-small/ablation_and_no_verifier/sample_0909/images/final_selected.png,place in sunlit field,[],[],False,True
vim-small,910,e19a59ad09d18497,442,914,442,494,True,True,0.9030250310897827,0.09697496891021729,0.8751859664916992,0.12481403350830078,data/nips2017/images/e19a59ad09d18497.png,outputs/nips2017/nips2017_selected_20260714_195944/vim-small/ablation_and_no_verifier/sample_0910/images/final_selected.png,shift to twilight glow,[],[],False,True
vim-small,911,e22a1c8dab22f256,310,10,310,77,True,True,0.7214733958244324,0.2785266041755676,0.35053372383117676,0.6494662761688232,data/nips2017/images/e22a1c8dab22f256.png,outputs/nips2017/nips2017_selected_20260714_195944/vim-small/ablation_and_no_verifier/sample_0911/images/final_selected.png,coated in fine silt,[],[],False,True
vim-small,912,e37b556e8889d2ec,751,617,751,817,True,True,0.7957025766372681,0.20429742336273193,0.4929260015487671,0.5070739984512329,data/nips2017/images/e37b556e8889d2ec.png,outputs/nips2017/nips2017_selected_20260714_195944/vim-small/ablation_and_no_verifier/sample_0912/images/final_selected.png,a photo of racer in the background,[751],"[""racer""]",False,True
vim-small,913,e66d732354c6baf0,300,71,300,42,True,True,0.715245246887207,0.28475475311279297,0.5600507259368896,0.43994927406311035,data/nips2017/images/e66d732354c6baf0.png,outputs/nips2017/nips2017_selected_20260714_195944/vim-small/ablation_and_no_verifier/sample_0913/images/final_selected.png,coated in fine dust,[],[],False,True
vim-small,914,e071bf346787d971,562,989,562,974,True,True,0.8587043881416321,0.14129561185836792,0.785455584526062,0.214544415473938,data/nips2017/images/e071bf346787d971.png,outputs/nips2017/nips2017_selected_20260714_195944/vim-small/ablation_and_no_verifier/sample_0914/images/final_selected.png,a photo of fountain in the background,[562],"[""fountain""]",False,True
vim-small,915,e89d48768917f563,458,307,458,844,True,True,0.841821551322937,0.158178448677063,0.5966854095458984,0.40331459045410156,data/nips2017/images/e89d48768917f563.png,outputs/nips2017/nips2017_selected_20260714_195944/vim-small/ablation_and_no_verifier/sample_0915/images/final_selected.png,coated in aged patina,[],[],False,True
vim-small,916,e91abe0f1a7a30f4,751,494,751,817,True,True,0.8883494734764099,0.11165052652359009,0.7809177041053772,0.2190822958946228,data/nips2017/images/e91abe0f1a7a30f4.png,outputs/nips2017/nips2017_selected_20260714_195944/vim-small/ablation_and_no_verifier/sample_0916/images/final_selected.png,a photo of racer in the background,[751],"[""racer""]",False,True
vim-small,917,e95ef0aeeab7b496,888,859,888,979,True,True,0.44845300912857056,0.5515469908714294,0.5834848284721375,0.41651517152786255,data/nips2017/images/e95ef0aeeab7b496.png,outputs/nips2017/nips2017_selected_20260714_195944/vim-small/ablation_and_no_verifier/sample_0917/images/final_selected.png,place in dense forest,[],[],False,True
vim-small,918,e96d52f9fbe3ca0b,630,434,630,514,True,True,0.9230254292488098,0.07697457075119019,0.4156472682952881,0.5843527317047119,data/nips2017/images/e96d52f9fbe3ca0b.png,outputs/nips2017/nips2017_selected_20260714_195944/vim-small/ablation_and_no_verifier/sample_0918/images/final_selected.png,covered in dark patina,[],[],False,True
vim-small,920,e758de2cbb3d10a0,304,904,304,302,True,True,0.4609512686729431,0.5390487313270569,0.5814985036849976,0.41850149631500244,data/nips2017/images/e758de2cbb3d10a0.png,outputs/nips2017/nips2017_selected_20260714_195944/vim-small/ablation_and_no_verifier/sample_0920/images/final_selected.png,a photo of leaf beetle in the background,[304],"[""leaf beetle""]",False,True
vim-small,921,e957c417fcd20c5b,819,790,819,595,True,True,0.7398922443389893,0.26010775566101074,0.6678446531295776,0.33215534687042236,data/nips2017/images/e957c417fcd20c5b.png,outputs/nips2017/nips2017_selected_20260714_195944/vim-small/ablation_and_no_verifier/sample_0921/images/final_selected.png,shift to open field,[],[],False,True
vim-small,922,e4941a341ace171a,708,297,708,701,True,True,0.941842257976532,0.05815774202346802,0.897895336151123,0.10210466384887695,data/nips2017/images/e4941a341ace171a.png,outputs/nips2017/nips2017_selected_20260714_195944/vim-small/ablation_and_no_verifier/sample_0922/images/final_selected.png,add light drizzle,[],[],False,True
vim-small,923,e5948d6294eb8ca3,886,675,886,974,True,True,0.8476041555404663,0.1523958444595337,0.8649794459342957,0.13502055406570435,data/nips2017/images/e5948d6294eb8ca3.png,outputs/nips2017/nips2017_selected_20260714_195944/vim-small/ablation_and_no_verifier/sample_0923/images/final_selected.png,add light mist,[],[],False,True
vim-small,924,e9811aebe8bed6e5,335,409,335,356,True,True,0.6837993860244751,0.3162006139755249,0.8405154347419739,0.15948456525802612,data/nips2017/images/e9811aebe8bed6e5.png,outputs/nips2017/nips2017_selected_20260714_195944/vim-small/ablation_and_no_verifier/sample_0924/images/final_selected.png,shift to dense undergrowth,[],[],False,True
vim-small,925,e570258f1bef4ade,366,460,366,469,True,True,0.537995457649231,0.46200454235076904,0.5300238728523254,0.46997612714767456,data/nips2017/images/e570258f1bef4ade.png,outputs/nips2017/nips2017_selected_20260714_195944/vim-small/ablation_and_no_verifier/sample_0925/images/final_selected.png,a photo of gorilla in the background,[366],"[""gorilla""]",False,True
vim-small,926,e648427e38e80ff8,887,616,887,578,True,True,0.18525540828704834,0.8147445917129517,0.5562671422958374,0.4437328577041626,data/nips2017/images/e648427e38e80ff8.png,outputs/nips2017/nips2017_selected_20260714_195944/vim-small/ablation_and_no_verifier/sample_0926/images/final_selected.png,place in sunlit aisle,[],[],False,True
vim-small,927,ea65c0ff71e7ceb3,403,736,403,895,True,True,0.8495693206787109,0.15043067932128906,0.8470618724822998,0.1529381275177002,data/nips2017/images/ea65c0ff71e7ceb3.png,outputs/nips2017/nips2017_selected_20260714_195944/vim-small/ablation_and_no_verifier/sample_0927/images/final_selected.png,introduce light mist,[],[],False,True
vim-small,928,eab9755117160864,610,509,610,178,True,True,0.7714323997497559,0.22856760025024414,0.8717427253723145,0.12825727462768555,data/nips2017/images/eab9755117160864.png,outputs/nips2017/nips2017_selected_20260714_195944/vim-small/ablation_and_no_verifier/sample_0928/images/final_selected.png,place in sunlit field,[],[],False,True
vim-small,929,eae13c52554a7783,780,847,780,976,True,True,0.7845577001571655,0.21544229984283447,0.8603556156158447,0.13964438438415527,data/nips2017/images/eae13c52554a7783.png,outputs/nips2017/nips2017_selected_20260714_195944/vim-small/ablation_and_no_verifier/sample_0929/images/final_selected.png,a photo of schooner in the background,[780],"[""schooner""]",False,True
vim-small,930,eb8ce5ba5c47e344,668,892,668,437,True,True,0.9298915863037109,0.07010841369628906,0.9139485359191895,0.08605146408081055,data/nips2017/images/eb8ce5ba5c47e344.png,outputs/nips2017/nips2017_selected_20260714_195944/vim-small/ablation_and_no_verifier/sample_0930/images/final_selected.png,change lighting to dusk,[],[],False,True
vim-small,931,eb53098ebcf05e64,563,600,563,974,True,True,0.8423638939857483,0.1576361060142517,0.6417784690856934,0.35822153091430664,data/nips2017/images/eb53098ebcf05e64.png,outputs/nips2017/nips2017_selected_20260714_195944/vim-small/ablation_and_no_verifier/sample_0931/images/final_selected.png,place on dark wood,[],[],False,True
vim-small,932,ebb4dad78cfd67a9,737,729,737,886,True,True,0.8838450908660889,0.11615490913391113,0.8174896240234375,0.1825103759765625,data/nips2017/images/ebb4dad78cfd67a9.png,outputs/nips2017/nips2017_selected_20260714_195944/vim-small/ablation_and_no_verifier/sample_0932/images/final_selected.png,add gentle haze,[],[],False,True
vim-small,933,ebdfdcba5dc3b72a,867,599,867,974,True,True,0.9424696564674377,0.057530343532562256,0.9545673131942749,0.0454326868057251,data/nips2017/images/ebdfdcba5dc3b72a.png,outputs/nips2017/nips2017_selected_20260714_195944/vim-small/ablation_and_no_verifier/sample_0933/images/final_selected.png,add light mist,[],[],False,True
vim-small,934,ec346009f286ffca,119,782,119,939,True,True,0.8081196546554565,0.19188034534454346,0.6446578502655029,0.35534214973449707,data/nips2017/images/ec346009f286ffca.png,outputs/nips2017/nips2017_selected_20260714_195944/vim-small/ablation_and_no_verifier/sample_0934/images/final_selected.png,a photo of rock crab in the background,[119],"[""rock crab""]",False,True
vim-small,935,ecaf98c8ce9f04c3,560,696,560,450,True,True,0.42229050397872925,0.5777094960212708,0.7073644399642944,0.29263556003570557,data/nips2017/images/ecaf98c8ce9f04c3.png,outputs/nips2017/nips2017_selected_20260714_195944/vim-small/ablation_and_no_verifier/sample_0935/images/final_selected.png,shift background to indoor tunnel,[],[],False,True
vim-small,936,ecd3a969dd466349,284,692,284,974,True,True,0.7530616521835327,0.24693834781646729,0.7691651582717896,0.23083484172821045,data/nips2017/images/ecd3a969dd466349.png,outputs/nips2017/nips2017_selected_20260714_195944/vim-small/ablation_and_no_verifier/sample_0936/images/final_selected.png,coated in fine dust,[],[],False,True
vim-small,937,ed3cb7f5154ae02d,979,746,979,980,True,True,0.8047404885292053,0.19525951147079468,0.7598180770874023,0.24018192291259766,data/nips2017/images/ed3cb7f5154ae02d.png,outputs/nips2017/nips2017_selected_20260714_195944/vim-small/ablation_and_no_verifier/sample_0937/images/final_selected.png,shift to twilight hours,[],[],False,True
vim-small,938,ed3f9b6a081a4802,817,209,817,479,True,True,0.9081802368164062,0.09181976318359375,0.6201111078262329,0.3798888921737671,data/nips2017/images/ed3f9b6a081a4802.png,outputs/nips2017/nips2017_selected_20260714_195944/vim-small/ablation_and_no_verifier/sample_0938/images/final_selected.png,coated in liquid chrome,[],[],False,True
vim-small,939,ed9b2813b9245e52,879,675,879,735,True,True,0.272426575422287,0.727573424577713,0.2234269231557846,0.7765730768442154,data/nips2017/images/ed9b2813b9245e52.png,outputs/nips2017/nips2017_selected_20260714_195944/vim-small/ablation_and_no_verifier/sample_0939/images/final_selected.png,a photo of umbrella in the background,[879],"[""umbrella""]",False,True
vim-small,940,ed56c7616a8ac010,781,567,781,815,True,True,0.8973206281661987,0.10267937183380127,0.8448644876480103,0.15513551235198975,data/nips2017/images/ed56c7616a8ac010.png,outputs/nips2017/nips2017_selected_20260714_195944/vim-small/ablation_and_no_verifier/sample_0940/images/final_selected.png,introduce light mist,[],[],False,True
vim-small,941,ed786d792c4309a4,498,961,498,867,True,True,0.6508855819702148,0.34911441802978516,0.7963138818740845,0.20368611812591553,data/nips2017/images/ed786d792c4309a4.png,outputs/nips2017/nips2017_selected_20260714_195944/vim-small/ablation_and_no_verifier/sample_0941/images/final_selected.png,a photo of cinema in the background,[498],"[""cinema""]",False,True
vim-small,942,ed3573d0c197fbaf,847,189,847,525,True,True,0.8627746105194092,0.13722538948059082,0.8184207081794739,0.18157929182052612,data/nips2017/images/ed3573d0c197fbaf.png,outputs/nips2017/nips2017_selected_20260714_195944/vim-small/ablation_and_no_verifier/sample_0942/images/final_selected.png,a photo of tank in the background,[847],"[""tank""]",False,True
vim-small,943,eee6f4bcc8468f77,963,713,963,443,True,True,0.7559648752212524,0.24403512477874756,0.6377513408660889,0.36224865913391113,data/nips2017/images/eee6f4bcc8468f77.png,outputs/nips2017/nips2017_selected_20260714_195944/vim-small/ablation_and_no_verifier/sample_0943/images/final_selected.png,coated in fine dust,[],[],False,True
vim-small,944,ef0e34b8ccb6d42f,981,711,981,720,True,True,0.8495453596115112,0.15045464038848877,0.8034799098968506,0.19652009010314941,data/nips2017/images/ef0e34b8ccb6d42f.png,outputs/nips2017/nips2017_selected_20260714_195944/vim-small/ablation_and_no_verifier/sample_0944/images/final_selected.png,change lighting to dusk,[],[],False,True
vim-small,945,ef5b1e5a76ae66dc,539,724,539,170,True,True,0.5031039118766785,0.49689608812332153,0.4067450761795044,0.5932549238204956,data/nips2017/images/ef5b1e5a76ae66dc.png,outputs/nips2017/nips2017_selected_20260714_195944/vim-small/ablation_and_no_verifier/sample_0945/images/final_selected.png,covered in coarse wool,[911],"[""wool""]",False,True
vim-small,946,efeabdd8a05e91f8,497,310,497,663,True,True,0.868237316608429,0.13176268339157104,0.701482892036438,0.298517107963562,data/nips2017/images/efeabdd8a05e91f8.png,outputs/nips2017/nips2017_selected_20260714_195944/vim-small/ablation_and_no_verifier/sample_0946/images/final_selected.png,coated in aged plaster,[],[],False,True
vim-small,947,f0add7f552d2d895,649,542,649,972,True,True,0.21637403964996338,0.7836259603500366,0.2687256634235382,0.7312743365764618,data/nips2017/images/f0add7f552d2d895.png,outputs/nips2017/nips2017_selected_20260714_195944/vim-small/ablation_and_no_verifier/sample_0947/images/final_selected.png,shift to coastal cliffs,[],[],False,True
vim-small,948,f0dcd519b5499d48,663,230,663,974,True,True,0.905160665512085,0.09483933448791504,0.8946268558502197,0.10537314414978027,data/nips2017/images/f0dcd519b5499d48.png,outputs/nips2017/nips2017_selected_20260714_195944/vim-small/ablation_and_no_verifier/sample_0948/images/final_selected.png,introduce light mist,[],[],False,True
vim-small,949,f1a6fdadaa132225,989,17,989,957,True,True,0.3888772130012512,0.6111227869987488,0.4930800795555115,0.5069199204444885,data/nips2017/images/f1a6fdadaa132225.png,outputs/nips2017/nips2017_selected_20260714_195944/vim-small/ablation_and_no_verifier/sample_0949/images/final_selected.png,place in shadowed grove,[],[],False,True
vim-small,950,f1ce339a44d7a118,97,701,97,83,True,True,0.8976675868034363,0.10233241319656372,0.8333321213722229,0.1666678786277771,data/nips2017/images/f1ce339a44d7a118.png,outputs/nips2017/nips2017_selected_20260714_195944/vim-small/ablation_and_no_verifier/sample_0950/images/final_selected.png,change light to dusk,[],[],False,True
vim-small,951,f2bfa7a95e787fe1,720,217,720,438,True,True,0.6521204710006714,0.3478795289993286,0.8032332062721252,0.19676679372787476,data/nips2017/images/f2bfa7a95e787fe1.png,outputs/nips2017/nips2017_selected_20260714_195944/vim-small/ablation_and_no_verifier/sample_0951/images/final_selected.png,place in bright sunlight,[],[],False,True
vim-small,952,f2d36d089779166a,348,804,348,222,True,True,0.5395441055297852,0.46045589447021484,0.3528011441230774,0.6471988558769226,data/nips2017/images/f2d36d089779166a.png,outputs/nips2017/nips2017_selected_20260714_195944/vim-small/ablation_and_no_verifier/sample_0952/images/final_selected.png,a photo of ram in the background,[348],"[""ram""]",False,True
vim-small,953,f4bde5facfdca0c6,787,193,787,708,True,True,0.7989019751548767,0.2010980248451233,0.8279505968093872,0.1720494031906128,data/nips2017/images/f4bde5facfdca0c6.png,outputs/nips2017/nips2017_selected_20260714_195944/vim-small/ablation_and_no_verifier/sample_0953/images/final_selected.png,place near stone altar,[406],"[""altar""]",False,True
vim-small,954,f5a2cf5c66d313fa,976,655,976,978,True,True,0.45352834463119507,0.5464716553688049,0.4741191864013672,0.5258808135986328,data/nips2017/images/f5a2cf5c66d313fa.png,outputs/nips2017/nips2017_selected_20260714_195944/vim-small/ablation_and_no_verifier/sample_0954/images/final_selected.png,a photo of promontory in the background,[976],"[""promontory""]",False,True
vim-small,955,f5b0ed0fbb3b5f74,566,644,566,624,True,True,0.34477540850639343,0.6552245914936066,0.48611587285995483,0.5138841271400452,data/nips2017/images/f5b0ed0fbb3b5f74.png,outputs/nips2017/nips2017_selected_20260714_195944/vim-small/ablation_and_no_verifier/sample_0955/images/final_selected.png,shift to grand library,"[579,624]","[""grand piano"",""library""]",True,False
vim-small,956,f5dffe28fc19b6e7,917,729,917,961,True,True,0.5940718650817871,0.4059281349182129,0.6713413596153259,0.3286586403846741,data/nips2017/images/f5dffe28fc19b6e7.png,outputs/nips2017/nips2017_selected_20260714_195944/vim-small/ablation_and_no_verifier/sample_0956/images/final_selected.png,covered in aged parchment,[],[],False,True
vim-small,957,f6d5c95ce7908a58,560,871,560,830,True,True,0.5096883773803711,0.4903116226196289,0.7276278138160706,0.27237218618392944,data/nips2017/images/f6d5c95ce7908a58.png,outputs/nips2017/nips2017_selected_20260714_195944/vim-small/ablation_and_no_verifier/sample_0957/images/final_selected.png,shift background to stadium tunnel,[],[],False,True
vim-small,958,f7dd570a0cfe1dcc,668,54,668,497,True,True,0.8792673349380493,0.12073266506195068,0.8635040521621704,0.1364959478378296,data/nips2017/images/f7dd570a0cfe1dcc.png,outputs/nips2017/nips2017_selected_20260714_195944/vim-small/ablation_and_no_verifier/sample_0958/images/final_selected.png,change lighting to dusk,[],[],False,True
vim-small,959,f08f34c258228251,698,607,698,668,True,True,0.8041629791259766,0.19583702087402344,0.7135809659957886,0.2864190340042114,data/nips2017/images/f08f34c258228251.png,outputs/nips2017/nips2017_selected_20260714_195944/vim-small/ablation_and_no_verifier/sample_0959/images/final_selected.png,a photo of palace in the background,[698],"[""palace""]",False,True
vim-small,960,f9f36f7774d73820,304,722,304,307,True,True,0.7565046548843384,0.24349534511566162,0.6828147768974304,0.3171852231025696,data/nips2017/images/f9f36f7774d73820.png,outputs/nips2017/nips2017_selected_20260714_195944/vim-small/ablation_and_no_verifier/sample_0960/images/final_selected.png,coated in fine dust,[],[],False,True
vim-small,961,f43fbfe8a9ea876c,883,377,883,738,True,True,0.7268158793449402,0.2731841206550598,0.7912089824676514,0.20879101753234863,data/nips2017/images/f43fbfe8a9ea876c.png,outputs/nips2017/nips2017_selected_20260714_195944/vim-small/ablation_and_no_verifier/sample_0961/images/final_selected.png,place in sunlit patio,[706],"[""patio""]",False,True
vim-small,962,f52db15134c1a74e,637,775,637,912,True,True,0.8806198835372925,0.11938011646270752,0.6874632239341736,0.3125367760658264,data/nips2017/images/f52db15134c1a74e.png,outputs/nips2017/nips2017_selected_20260714_195944/vim-small/ablation_and_no_verifier/sample_0962/images/final_selected.png,coated in weathered patina,[],[],False,True
vim-small,963,f63d58b5af16091f,715,419,715,883,True,True,0.4465690851211548,0.5534309148788452,0.49816861748695374,0.5018313825130463,data/nips2017/images/f63d58b5af16091f.png,outputs/nips2017/nips2017_selected_20260714_195944/vim-small/ablation_and_no_verifier/sample_0963/images/final_selected.png,place in stone hall,[],[],False,True
vim-small,964,f348adf7ea1967f7,908,414,908,895,True,True,0.9258312582969666,0.07416874170303345,0.7125459909439087,0.2874540090560913,data/nips2017/images/f348adf7ea1967f7.png,outputs/nips2017/nips2017_selected_20260714_195944/vim-small/ablation_and_no_verifier/sample_0964/images/final_selected.png,coated in matte grey,[],[],False,True
vim-small,965,f734e87286835196,323,659,323,989,True,True,0.6684854626655579,0.33151453733444214,0.7250798940658569,0.27492010593414307,data/nips2017/images/f734e87286835196.png,outputs/nips2017/nips2017_selected_20260714_195944/vim-small/ablation_and_no_verifier/sample_0965/images/final_selected.png,a photo of monarch in the background,[323],"[""monarch""]",False,True
vim-small,967,f6437ed4f1b8fe23,301,842,301,113,True,True,0.37524962425231934,0.6247503757476807,0.3594551086425781,0.6405448913574219,data/nips2017/images/f6437ed4f1b8fe23.png,outputs/nips2017/nips2017_selected_20260714_195944/vim-small/ablation_and_no_verifier/sample_0967/images/final_selected.png,place in dry earth,[],[],False,True
vim-small,968,f6515f31b750a573,476,722,476,776,True,True,0.8330926895141602,0.16690731048583984,0.515172004699707,0.48482799530029297,data/nips2017/images/f6515f31b750a573.png,outputs/nips2017/nips2017_selected_20260714_195944/vim-small/ablation_and_no_verifier/sample_0968/images/final_selected.png,coated in polished brass,[458],"[""brass""]",False,True
vim-small,970,f20783fc38473514,385,773,385,467,True,True,0.8311371803283691,0.16886281967163086,0.7295761704444885,0.2704238295555115,data/nips2017/images/f20783fc38473514.png,outputs/nips2017/nips2017_selected_20260714_195944/vim-small/ablation_and_no_verifier/sample_0970/images/final_selected.png,coated in fine clay,[],[],False,True
vim-small,971,f20911d36a287dce,780,491,780,536,True,True,0.9219205975532532,0.07807940244674683,0.8345414400100708,0.1654585599899292,data/nips2017/images/f20911d36a287dce.png,outputs/nips2017/nips2017_selected_20260714_195944/vim-small/ablation_and_no_verifier/sample_0971/images/final_selected.png,coated in weathered wood,[],[],False,True
vim-small,972,f24817d66024dfb6,741,739,741,497,True,True,0.677943229675293,0.32205677032470703,0.7747937440872192,0.22520625591278076,data/nips2017/images/f24817d66024dfb6.png,outputs/nips2017/nips2017_selected_20260714_195944/vim-small/ablation_and_no_verifier/sample_0972/images/final_selected.png,covered in aged silk,[],[],False,True
vim-small,973,f54616f2af588fd8,672,112,672,354,True,True,0.6822378635406494,0.3177621364593506,0.6341319680213928,0.3658680319786072,data/nips2017/images/f54616f2af588fd8.png,outputs/nips2017/nips2017_selected_20260714_195944/vim-small/ablation_and_no_verifier/sample_0973/images/final_selected.png,coated in rough burlap,[],[],False,True
vim-small,974,f533740a8d4618ce,287,562,287,276,True,True,0.7363687753677368,0.2636312246322632,0.6248301267623901,0.37516987323760986,data/nips2017/images/f533740a8d4618ce.png,outputs/nips2017/nips2017_selected_20260714_195944/vim-small/ablation_and_no_verifier/sample_0974/images/final_selected.png,a photo of lynx in the background,[287],"[""lynx""]",False,True
vim-small,975,f963957ccfa82f6b,142,7,142,975,True,True,0.7349931001663208,0.2650068998336792,0.8008123636245728,0.19918763637542725,data/nips2017/images/f963957ccfa82f6b.png,outputs/nips2017/nips2017_selected_20260714_195944/vim-small/ablation_and_no_verifier/sample_0975/images/final_selected.png,a photo of dowitcher in the background,[142],"[""dowitcher""]",False,True
vim-small,976,f9937696f421f4e4,84,490,84,332,True,True,0.929977536201477,0.07002246379852295,0.9296882748603821,0.07031172513961792,data/nips2017/images/f9937696f421f4e4.png,outputs/nips2017/nips2017_selected_20260714_195944/vim-small/ablation_and_no_verifier/sample_0976/images/final_selected.png,introduce gentle mist,[],[],False,True
vim-small,977,f33087679c5e7799,442,587,442,698,True,True,0.8419591784477234,0.1580408215522766,0.8157269954681396,0.18427300453186035,data/nips2017/images/f33087679c5e7799.png,outputs/nips2017/nips2017_selected_20260714_195944/vim-small/ablation_and_no_verifier/sample_0977/images/final_selected.png,place in open plaza,[],[],False,True
vim-small,978,fa2a7d600b62174e,520,571,520,831,True,True,0.6697250008583069,0.3302749991416931,0.7444181442260742,0.2555818557739258,data/nips2017/images/fa2a7d600b62174e.png,outputs/nips2017/nips2017_selected_20260714_195944/vim-small/ablation_and_no_verifier/sample_0978/images/final_selected.png,wrapped in aged linen,[],[],False,True
vim-small,983,fafbad0b3093a886,671,314,671,444,True,True,0.8649709224700928,0.13502907752990723,0.7268533110618591,0.27314668893814087,data/nips2017/images/fafbad0b3093a886.png,outputs/nips2017/nips2017_selected_20260714_195944/vim-small/ablation_and_no_verifier/sample_0983/images/final_selected.png,change lighting to dusk,[],[],False,True
vim-small,984,fb1efda0b27d5289,847,202,847,974,True,True,0.8749592900276184,0.1250407099723816,0.8624910712242126,0.13750892877578735,data/nips2017/images/fb1efda0b27d5289.png,outputs/nips2017/nips2017_selected_20260714_195944/vim-small/ablation_and_no_verifier/sample_0984/images/final_selected.png,add light mist,[],[],False,True
vim-small,985,fbc6b98b13c768e2,458,565,458,892,True,True,0.787783145904541,0.21221685409545898,0.8747180700302124,0.1252819299697876,data/nips2017/images/fbc6b98b13c768e2.png,outputs/nips2017/nips2017_selected_20260714_195944/vim-small/ablation_and_no_verifier/sample_0985/images/final_selected.png,change the light to dusk,[],[],False,True
vim-small,987,fc583c08026e3d74,880,587,880,671,True,True,0.69464111328125,0.30535888671875,0.8307390809059143,0.1692609190940857,data/nips2017/images/fc583c08026e3d74.png,outputs/nips2017/nips2017_selected_20260714_195944/vim-small/ablation_and_no_verifier/sample_0987/images/final_selected.png,add light drizzle,[],[],False,True
vim-small,988,fccab516c111d524,649,756,649,972,True,True,0.8802570104598999,0.1197429895401001,0.8633702993392944,0.13662970066070557,data/nips2017/images/fccab516c111d524.png,outputs/nips2017/nips2017_selected_20260714_195944/vim-small/ablation_and_no_verifier/sample_0988/images/final_selected.png,add hazy afternoon light,[],[],False,True
vim-small,989,fccfc3563cd562e1,976,655,976,978,True,True,0.7911569476127625,0.20884305238723755,0.6330470442771912,0.36695295572280884,data/nips2017/images/fccfc3563cd562e1.png,outputs/nips2017/nips2017_selected_20260714_195944/vim-small/ablation_and_no_verifier/sample_0989/images/final_selected.png,a photo of promontory in the background,[976],"[""promontory""]",False,True
vim-small,990,fd26c4733822dfcc,362,450,362,980,True,True,0.6645229458808899,0.3354770541191101,0.6008967757225037,0.39910322427749634,data/nips2017/images/fd26c4733822dfcc.png,outputs/nips2017/nips2017_selected_20260714_195944/vim-small/ablation_and_no_verifier/sample_0990/images/final_selected.png,introduce gentle mist,[],[],False,True
vim-small,991,fdedd06cdf58084e,981,427,981,805,True,True,0.4734276533126831,0.5265723466873169,0.8524395227432251,0.1475604772567749,data/nips2017/images/fdedd06cdf58084e.png,outputs/nips2017/nips2017_selected_20260714_195944/vim-small/ablation_and_no_verifier/sample_0991/images/final_selected.png,place scene on dirt,[],[],False,True
vim-small,993,fe92a88132b5d67b,962,246,962,467,True,True,0.6980882287025452,0.30191177129745483,0.6377198696136475,0.36228013038635254,data/nips2017/images/fe92a88132b5d67b.png,outputs/nips2017/nips2017_selected_20260714_195944/vim-small/ablation_and_no_verifier/sample_0993/images/final_selected.png,place in rustic kitchen,[],[],False,True
vim-small,994,fe1314dd6f75551d,920,564,920,600,True,True,0.7697084546089172,0.23029154539108276,0.6400536298751831,0.3599463701248169,data/nips2017/images/fe1314dd6f75551d.png,outputs/nips2017/nips2017_selected_20260714_195944/vim-small/ablation_and_no_verifier/sample_0994/images/final_selected.png,coated in matte gray,[],[],False,True
vim-small,997,fecd59b8de8ae6f7,819,792,819,830,True,True,0.37934166193008423,0.6206583380699158,0.6053944826126099,0.39460551738739014,data/nips2017/images/fecd59b8de8ae6f7.png,outputs/nips2017/nips2017_selected_20260714_195944/vim-small/ablation_and_no_verifier/sample_0997/images/final_selected.png,shift to open field,[],[],False,True
vim-small,998,ff5182599937c1ec,324,209,324,325,True,True,0.8389100432395935,0.1610899567604065,0.7460674047470093,0.2539325952529907,data/nips2017/images/ff5182599937c1ec.png,outputs/nips2017/nips2017_selected_20260714_195944/vim-small/ablation_and_no_verifier/sample_0998/images/final_selected.png,change lighting to golden hour,[],[],False,True
vim-small,999,fff35cdcce3cde43,912,408,912,460,True,True,0.7522910833358765,0.24770891666412354,0.8262861371040344,0.17371386289596558,data/nips2017/images/fff35cdcce3cde43.png,outputs/nips2017/nips2017_selected_20260714_195944/vim-small/ablation_and_no_verifier/sample_0999/images/final_selected.png,introduce gentle mist,[],[],False,True
